id_costo;id_sucursal;id_producto;fecha_costo;cantidad_comprada;total_costo
5001;4;8;22-02-2028;8;320.0
5002;5;10;12-06-2029;9;405.0
5003;4;6;25-12-2028;10;1800.0
5004;2;1;03-03-2028;10;8000.0
5005;2;7;07-04-2026;10;900.0
5006;1;12;04-12-2029;10;100.0
5007;3;12;30-12-2029;6;60.0
5008;6;6;12-02-2030;10;1800.0
5009;4;10;08-12-2028;13;585.0
5010;4;4;20-03-2027;9;90.0
5011;1;8;27-02-2028;12;480.0
5012;5;7;02-12-2029;12;1080.0
5013;1;8;10-07-2027;15;600.0
5014;6;1;11-04-2026;14;11200.0
5015;6;3;05-10-2027;11;3300.0
5016;1;1;05-09-2027;13;10400.0
5017;4;8;26-10-2026;14;560.0
5018;5;2;22-11-2028;7;3500.0
5019;1;5;19-08-2026;13;260.0
5020;5;6;27-10-2029;8;1440.0
5021;5;8;16-11-2029;15;600.0
5022;4;9;10-12-2029;11;1650.0
5023;6;3;19-06-2030;13;3900.0
5024;1;9;20-09-2027;14;2100.0
5025;5;1;17-11-2030;8;6400.0
5026;6;9;12-07-2029;7;1050.0
5027;6;5;29-07-2027;7;140.0
5028;4;6;30-08-2029;14;2520.0
5029;3;3;23-09-2029;13;3900.0
5030;3;10;16-07-2026;11;495.0
5031;2;3;12-04-2027;11;3300.0
5032;4;1;21-02-2030;13;10400.0
5033;5;7;05-07-2030;13;1170.0
5034;6;1;03-02-2030;13;10400.0
5035;1;3;12-05-2030;14;4200.0
5036;1;9;26-08-2028;12;1800.0
5037;4;7;05-09-2028;12;1080.0
5038;4;4;30-10-2026;9;90.0
5039;1;10;31-05-2029;13;585.0
5040;4;2;03-11-2028;11;5500.0
5041;1;7;02-04-2028;15;1350.0
5042;2;6;21-03-2029;14;2520.0
5043;1;1;05-09-2029;13;10400.0
5044;4;2;15-04-2027;15;7500.0
5045;1;1;03-06-2030;14;11200.0
5046;6;4;28-07-2028;11;110.0
5047;1;1;09-06-2029;10;8000.0
5048;2;3;07-06-2028;8;2400.0
5049;4;2;11-05-2030;6;3000.0
5050;2;6;20-10-2027;14;2520.0
5051;2;11;02-04-2026;14;980.0
5052;4;12;17-11-2026;15;150.0
5053;4;5;26-04-2029;15;300.0
5054;1;10;02-10-2028;7;315.0
5055;5;6;03-08-2029;15;2700.0
5056;4;3;05-08-2028;5;1500.0
5057;5;12;27-03-2030;14;140.0
5058;1;9;28-08-2026;15;2250.0
5059;3;7;10-06-2030;11;990.0
5060;3;9;04-11-2029;9;1350.0
5061;6;5;03-04-2029;12;240.0
5062;5;8;20-02-2026;7;280.0
5063;2;1;16-12-2028;15;12000.0
5064;3;1;20-07-2029;9;7200.0
5065;5;5;16-05-2030;6;120.0
5066;4;11;12-12-2026;15;1050.0
5067;5;12;13-05-2026;15;150.0
5068;4;9;12-12-2026;13;1950.0
5069;3;3;04-02-2027;12;3600.0
5070;1;3;18-04-2030;12;3600.0
5071;1;11;16-06-2030;13;910.0
5072;4;7;12-06-2026;14;1260.0
5073;6;1;23-08-2027;13;10400.0
5074;1;11;30-11-2028;13;910.0
5075;6;2;06-08-2027;15;7500.0
5076;2;8;20-11-2030;9;360.0
5077;5;12;22-07-2028;11;110.0
5078;3;4;02-03-2029;8;80.0
5079;4;3;04-10-2027;5;1500.0
5080;2;8;09-02-2028;7;280.0
5081;4;1;18-10-2026;5;4000.0
5082;3;5;19-06-2029;13;260.0
5083;4;4;21-01-2028;14;140.0
5084;5;6;24-06-2030;10;1800.0
5085;6;1;25-07-2027;15;12000.0
5086;3;1;22-02-2026;11;8800.0
5087;6;3;24-11-2026;11;3300.0
5088;6;9;01-01-2030;11;1650.0
5089;2;10;06-05-2030;15;675.0
5090;3;1;23-12-2027;14;11200.0
5091;2;5;12-10-2030;14;280.0
5092;4;4;27-03-2029;8;80.0
5093;5;9;12-01-2030;5;750.0
5094;3;2;22-08-2028;10;5000.0
5095;5;6;25-12-2028;8;1440.0
5096;5;5;03-04-2026;14;280.0
5097;2;1;21-02-2026;5;4000.0
5098;2;12;28-06-2027;5;50.0
5099;6;4;13-04-2028;14;140.0
5100;2;7;10-03-2026;13;1170.0
5101;2;3;30-12-2029;13;3900.0
5102;4;12;17-08-2030;8;80.0
5103;6;3;11-01-2030;15;4500.0
5104;1;5;04-06-2029;5;100.0
5105;2;4;24-08-2030;14;140.0
5106;5;12;16-05-2028;6;60.0
5107;5;3;01-06-2027;6;1800.0
5108;4;10;30-03-2028;10;450.0
5109;5;8;12-04-2030;13;520.0
5110;2;4;02-11-2030;11;110.0
5111;2;9;09-03-2029;8;1200.0
5112;6;1;14-06-2029;6;4800.0
5113;3;9;04-05-2029;9;1350.0
5114;6;6;28-06-2028;5;900.0
5115;6;6;28-05-2026;7;1260.0
5116;1;4;10-05-2027;10;100.0
5117;1;6;23-07-2028;15;2700.0
5118;3;6;17-07-2026;6;1080.0
5119;1;2;08-11-2030;9;4500.0
5120;4;10;20-08-2029;14;630.0
5121;3;4;01-10-2027;9;90.0
5122;6;9;25-07-2030;9;1350.0
5123;1;11;17-06-2026;11;770.0
5124;2;10;08-01-2029;13;585.0
5125;6;3;01-02-2029;15;4500.0
5126;6;4;08-06-2029;13;130.0
5127;6;2;20-07-2026;9;4500.0
5128;1;4;02-10-2030;13;130.0
5129;3;10;02-12-2027;5;225.0
5130;5;7;25-07-2027;7;630.0
5131;5;5;03-12-2029;13;260.0
5132;4;3;17-10-2030;9;2700.0
5133;6;12;30-10-2029;6;60.0
5134;6;1;03-08-2027;9;7200.0
5135;6;11;08-10-2026;11;770.0
5136;5;1;06-05-2026;5;4000.0
5137;6;5;09-02-2029;9;180.0
5138;5;3;10-11-2027;14;4200.0
5139;3;2;23-10-2026;10;5000.0
5140;4;11;28-10-2027;5;350.0
5141;3;4;11-04-2028;9;90.0
5142;3;12;26-03-2027;10;100.0
5143;5;8;19-09-2030;8;320.0
5144;6;8;05-10-2029;6;240.0
5145;2;8;09-10-2030;10;400.0
5146;6;5;26-07-2030;12;240.0
5147;6;1;01-08-2026;12;9600.0
5148;6;12;27-06-2028;15;150.0
5149;2;4;26-06-2030;7;70.0
5150;6;12;24-12-2030;13;130.0
5151;6;1;05-05-2026;15;12000.0
5152;1;12;22-03-2027;9;90.0
5153;2;3;22-06-2026;10;3000.0
5154;6;5;14-11-2030;9;180.0
5155;3;4;08-02-2027;13;130.0
5156;3;6;22-12-2030;11;1980.0
5157;3;5;03-04-2030;6;120.0
5158;3;1;28-11-2029;9;7200.0
5159;5;12;15-05-2030;14;140.0
5160;4;1;14-10-2026;11;8800.0
5161;3;12;27-12-2030;10;100.0
5162;2;10;30-03-2028;10;450.0
5163;6;3;12-03-2030;12;3600.0
5164;2;10;23-09-2029;6;270.0
5165;1;6;06-03-2028;12;2160.0
5166;1;11;20-07-2028;9;630.0
5167;3;9;02-06-2027;9;1350.0
5168;4;6;02-10-2030;15;2700.0
5169;5;6;31-08-2027;13;2340.0
5170;6;4;01-07-2029;10;100.0
5171;1;7;16-10-2028;8;720.0
5172;2;8;08-01-2029;8;320.0
5173;2;9;03-06-2030;7;1050.0
5174;5;4;12-05-2028;10;100.0
5175;6;5;07-04-2028;15;300.0
5176;4;1;12-12-2030;12;9600.0
5177;3;6;14-01-2030;5;900.0
5178;3;9;09-04-2028;10;1500.0
5179;3;5;29-10-2026;5;100.0
5180;6;2;31-12-2028;12;6000.0
5181;5;4;28-01-2027;6;60.0
5182;2;9;31-10-2026;11;1650.0
5183;6;9;22-03-2026;6;900.0
5184;4;6;01-08-2027;11;1980.0
5185;4;2;04-08-2026;5;2500.0
5186;1;9;24-09-2027;15;2250.0
5187;3;10;31-12-2028;11;495.0
5188;5;12;16-03-2027;12;120.0
5189;5;5;19-10-2027;12;240.0
5190;2;4;14-06-2028;15;150.0
5191;1;12;22-12-2030;15;150.0
5192;2;1;04-11-2027;11;8800.0
5193;4;5;04-03-2030;9;180.0
5194;4;3;02-01-2027;14;4200.0
5195;3;2;18-09-2028;14;7000.0
5196;2;6;21-10-2027;6;1080.0
5197;1;7;06-02-2027;8;720.0
5198;3;9;08-06-2028;8;1200.0
5199;3;4;13-09-2029;9;90.0
5200;4;10;24-07-2030;12;540.0
5201;3;12;16-03-2027;5;50.0
5202;6;6;09-08-2030;5;900.0
5203;5;11;05-11-2030;15;1050.0
5204;2;6;22-06-2029;12;2160.0
5205;1;7;10-03-2026;14;1260.0
5206;6;9;30-07-2030;11;1650.0
5207;5;3;25-08-2028;12;3600.0
5208;5;1;26-01-2029;13;10400.0
5209;1;2;21-06-2029;6;3000.0
5210;1;7;19-10-2030;13;1170.0
5211;4;8;20-08-2029;13;520.0
5212;1;10;23-07-2030;5;225.0
5213;1;11;30-12-2029;8;560.0
5214;2;5;02-08-2029;15;300.0
5215;6;6;26-12-2028;8;1440.0
5216;6;2;12-12-2026;12;6000.0
5217;6;7;30-06-2030;11;990.0
5218;6;7;18-05-2026;12;1080.0
5219;3;8;23-01-2029;10;400.0
5220;6;12;02-02-2028;5;50.0
5221;1;1;09-10-2028;6;4800.0
5222;3;10;28-05-2028;7;315.0
5223;2;8;19-07-2027;6;240.0
5224;2;4;05-11-2028;13;130.0
5225;1;4;05-09-2026;9;90.0
5226;5;5;24-03-2027;6;120.0
5227;5;3;21-10-2029;13;3900.0
5228;3;4;18-03-2030;12;120.0
5229;5;12;22-01-2027;13;130.0
5230;2;9;05-08-2026;6;900.0
5231;5;2;03-11-2026;7;3500.0
5232;3;8;13-06-2026;15;600.0
5233;6;3;07-05-2028;12;3600.0
5234;2;6;30-03-2028;14;2520.0
5235;2;3;26-06-2028;8;2400.0
5236;3;6;19-03-2030;9;1620.0
5237;5;8;05-08-2030;8;320.0
5238;3;4;28-05-2030;14;140.0
5239;2;5;29-05-2026;6;120.0
5240;2;5;26-09-2027;9;180.0
5241;3;5;22-11-2028;13;260.0
5242;4;7;05-09-2029;5;450.0
5243;5;4;14-02-2029;12;120.0
5244;4;5;17-07-2027;11;220.0
5245;1;12;18-03-2026;6;60.0
5246;1;2;23-10-2026;7;3500.0
5247;3;6;07-11-2028;5;900.0
5248;2;8;26-11-2027;13;520.0
5249;5;4;04-02-2027;14;140.0
5250;4;9;30-09-2027;11;1650.0
5251;6;11;04-05-2028;13;910.0
5252;5;10;24-04-2028;12;540.0
5253;5;2;15-03-2028;11;5500.0
5254;3;8;23-09-2028;15;600.0
5255;5;6;01-02-2030;9;1620.0
5256;6;7;06-04-2029;12;1080.0
5257;4;4;04-10-2026;7;70.0
5258;4;10;03-10-2028;15;675.0
5259;1;10;11-05-2030;5;225.0
5260;1;2;03-03-2030;10;5000.0
5261;4;3;23-05-2028;6;1800.0
5262;1;7;12-05-2027;15;1350.0
5263;6;11;24-04-2027;14;980.0
5264;4;5;29-08-2029;9;180.0
5265;5;4;05-07-2029;15;150.0
5266;3;10;14-03-2029;12;540.0
5267;1;11;22-05-2026;11;770.0
5268;6;2;14-01-2029;13;6500.0
5269;6;1;08-12-2028;14;11200.0
5270;3;9;21-05-2026;12;1800.0
5271;5;1;22-04-2028;6;4800.0
5272;1;7;27-08-2030;5;450.0
5273;4;1;06-02-2030;11;8800.0
5274;1;1;04-03-2028;5;4000.0
5275;5;4;06-09-2027;6;60.0
5276;3;10;02-09-2028;15;675.0
5277;4;2;19-07-2029;12;6000.0
5278;5;9;15-09-2026;10;1500.0
5279;5;5;30-08-2030;12;240.0
5280;5;9;05-06-2028;7;1050.0
5281;1;5;30-09-2027;15;300.0
5282;6;9;01-12-2026;11;1650.0
5283;5;11;08-09-2030;5;350.0
5284;6;7;09-11-2029;9;810.0
5285;1;12;12-10-2027;14;140.0
5286;6;12;23-03-2028;12;120.0
5287;1;1;04-06-2029;13;10400.0
5288;6;5;07-12-2030;5;100.0
5289;6;9;04-10-2027;8;1200.0
5290;3;5;10-06-2028;12;240.0
5291;3;1;25-05-2027;15;12000.0
5292;4;3;01-04-2027;13;3900.0
5293;1;12;24-09-2029;15;150.0
5294;5;9;04-04-2027;11;1650.0
5295;2;1;25-01-2028;7;5600.0
5296;4;7;14-01-2028;8;720.0
5297;1;3;18-11-2030;12;3600.0
5298;1;6;11-04-2029;11;1980.0
5299;4;10;24-10-2028;7;315.0
5300;1;1;01-08-2029;6;4800.0
5301;1;11;19-04-2028;5;350.0
5302;3;3;26-09-2029;7;2100.0
5303;2;6;08-06-2028;10;1800.0
5304;4;2;20-07-2026;11;5500.0
5305;6;3;30-10-2028;9;2700.0
5306;1;5;24-03-2029;5;100.0
5307;1;3;04-03-2026;15;4500.0
5308;5;11;30-04-2026;7;490.0
5309;1;10;20-04-2026;11;495.0
5310;5;1;07-11-2027;8;6400.0
5311;4;10;12-02-2029;11;495.0
5312;5;10;25-04-2028;15;675.0
5313;3;12;22-08-2026;9;90.0
5314;6;8;05-09-2030;8;320.0
5315;4;8;01-09-2027;8;320.0
5316;5;11;21-02-2027;15;1050.0
5317;6;9;19-10-2027;11;1650.0
5318;6;1;09-04-2030;7;5600.0
5319;6;1;25-07-2028;6;4800.0
5320;2;12;26-07-2028;12;120.0
5321;2;10;12-01-2029;9;405.0
5322;5;11;11-04-2026;11;770.0
5323;2;12;20-01-2030;15;150.0
5324;4;10;01-08-2029;15;675.0
5325;6;2;12-07-2030;8;4000.0
5326;2;1;01-11-2028;11;8800.0
5327;1;2;22-05-2028;7;3500.0
5328;1;11;26-07-2028;8;560.0
5329;3;10;17-11-2028;7;315.0
5330;4;5;14-08-2028;10;200.0
5331;6;3;18-02-2030;13;3900.0
5332;2;3;08-04-2027;9;2700.0
5333;2;11;22-08-2026;9;630.0
5334;2;8;23-09-2028;6;240.0
5335;4;4;01-09-2027;8;80.0
5336;3;12;05-04-2026;15;150.0
5337;3;9;22-05-2027;5;750.0
5338;6;9;29-10-2030;13;1950.0
5339;2;8;12-01-2030;7;280.0
5340;2;3;11-04-2026;6;1800.0
5341;6;8;05-10-2030;5;200.0
5342;5;8;08-09-2028;13;520.0
5343;5;5;03-04-2026;14;280.0
5344;1;10;15-12-2027;12;540.0
5345;2;4;01-07-2029;8;80.0
5346;5;8;18-06-2029;8;320.0
5347;1;6;03-10-2029;5;900.0
5348;6;9;05-02-2028;7;1050.0
5349;6;2;05-08-2029;11;5500.0
5350;2;10;06-08-2028;5;225.0
5351;4;5;03-06-2029;9;180.0
5352;4;5;22-01-2029;12;240.0
5353;3;12;20-06-2029;7;70.0
5354;4;7;13-06-2026;11;990.0
5355;4;2;04-07-2028;8;4000.0
5356;1;6;08-12-2028;15;2700.0
5357;4;12;23-06-2027;5;50.0
5358;6;12;19-04-2030;7;70.0
5359;3;5;09-06-2026;13;260.0
5360;5;6;20-05-2027;5;900.0
5361;3;4;18-10-2027;12;120.0
5362;5;10;02-04-2028;5;225.0
5363;4;12;25-09-2027;5;50.0
5364;1;9;28-10-2030;13;1950.0
5365;5;7;21-07-2029;12;1080.0
5366;5;5;25-08-2028;5;100.0
5367;5;4;17-01-2028;6;60.0
5368;6;1;11-02-2028;5;4000.0
5369;4;2;15-11-2028;5;2500.0
5370;2;7;08-01-2028;9;810.0
5371;5;4;22-11-2029;12;120.0
5372;2;11;28-07-2029;7;490.0
5373;4;8;18-04-2030;9;360.0
5374;5;10;03-08-2029;10;450.0
5375;3;3;02-04-2027;10;3000.0
5376;5;6;03-06-2029;6;1080.0
5377;4;4;23-08-2030;12;120.0
5378;3;7;24-11-2029;13;1170.0
5379;1;12;29-01-2028;10;100.0
5380;2;9;30-06-2028;9;1350.0
5381;2;1;15-12-2030;13;10400.0
5382;3;4;08-12-2030;5;50.0
5383;3;9;17-10-2028;6;900.0
5384;1;10;27-04-2027;6;270.0
5385;3;8;03-12-2027;12;480.0
5386;5;1;17-11-2027;12;9600.0
5387;6;12;18-12-2026;7;70.0
5388;3;5;02-10-2030;11;220.0
5389;3;7;26-04-2028;5;450.0
5390;2;1;03-03-2027;15;12000.0
5391;5;6;07-02-2027;10;1800.0
5392;2;8;18-09-2027;9;360.0
5393;1;1;07-08-2029;13;10400.0
5394;6;9;19-10-2026;5;750.0
5395;2;9;08-12-2030;15;2250.0
5396;4;10;22-06-2028;10;450.0
5397;5;6;23-02-2027;13;2340.0
5398;2;9;08-09-2026;12;1800.0
5399;1;3;22-02-2027;7;2100.0
5400;3;1;01-10-2030;13;10400.0
5401;5;4;07-04-2029;11;110.0
5402;3;6;31-03-2028;14;2520.0
5403;1;1;02-06-2029;5;4000.0
5404;5;6;01-03-2027;5;900.0
5405;6;7;04-10-2029;5;450.0
5406;1;2;17-02-2027;6;3000.0
5407;1;8;22-04-2028;9;360.0
5408;1;6;14-07-2026;6;1080.0
5409;2;7;25-08-2030;7;630.0
5410;4;6;30-07-2026;13;2340.0
5411;3;4;27-03-2026;13;130.0
5412;5;4;09-12-2030;15;150.0
5413;1;9;27-10-2030;9;1350.0
5414;5;3;01-01-2027;9;2700.0
5415;6;12;19-11-2029;10;100.0
5416;2;9;09-09-2029;11;1650.0
5417;6;7;22-07-2027;10;900.0
5418;6;9;20-05-2026;6;900.0
5419;5;10;02-05-2026;9;405.0
5420;4;2;17-04-2030;7;3500.0
5421;3;8;05-07-2026;14;560.0
5422;6;4;10-01-2027;13;130.0
5423;5;6;15-11-2028;7;1260.0
5424;1;1;26-05-2029;9;7200.0
5425;3;10;15-04-2027;10;450.0
5426;4;9;28-03-2028;12;1800.0
5427;6;1;13-08-2030;7;5600.0
5428;2;3;03-12-2030;5;1500.0
5429;6;12;02-12-2026;8;80.0
5430;6;5;06-03-2029;5;100.0
5431;6;11;24-07-2028;11;770.0
5432;5;4;11-11-2027;15;150.0
5433;5;8;05-10-2029;13;520.0
5434;3;6;27-06-2028;6;1080.0
5435;6;1;17-09-2030;8;6400.0
5436;1;8;24-03-2030;14;560.0
5437;5;4;09-08-2030;12;120.0
5438;5;6;11-02-2027;13;2340.0
5439;5;1;22-07-2030;15;12000.0
5440;2;9;28-12-2029;10;1500.0
5441;3;3;14-09-2028;6;1800.0
5442;4;6;24-10-2029;13;2340.0
5443;3;6;20-11-2027;9;1620.0
5444;4;9;27-09-2029;13;1950.0
5445;6;6;30-08-2027;8;1440.0
5446;3;4;08-02-2027;13;130.0
5447;4;9;30-09-2027;8;1200.0
5448;4;2;20-10-2027;6;3000.0
5449;2;7;14-01-2029;8;720.0
5450;2;10;11-09-2029;13;585.0
5451;1;10;01-08-2026;6;270.0
5452;4;10;19-04-2030;7;315.0
5453;6;7;01-09-2027;8;720.0
5454;1;7;25-06-2026;10;900.0
5455;1;8;06-10-2030;10;400.0
5456;6;4;10-07-2026;10;100.0
5457;6;1;07-02-2029;13;10400.0
5458;3;7;04-03-2028;12;1080.0
5459;3;1;19-11-2026;15;12000.0
5460;6;1;16-01-2028;9;7200.0
5461;3;11;01-10-2029;15;1050.0
5462;5;6;10-11-2030;9;1620.0
5463;4;8;20-10-2026;11;440.0
5464;2;8;12-07-2028;11;440.0
5465;3;11;10-08-2027;6;420.0
5466;5;3;13-02-2028;10;3000.0
5467;5;11;15-02-2030;10;700.0
5468;5;7;18-07-2029;8;720.0
5469;5;9;18-08-2028;9;1350.0
5470;2;7;03-04-2026;10;900.0
5471;5;6;16-02-2030;15;2700.0
5472;1;1;11-06-2029;6;4800.0
5473;1;1;29-03-2028;5;4000.0
5474;3;10;13-01-2029;10;450.0
5475;3;4;04-06-2027;5;50.0
5476;1;6;05-03-2028;12;2160.0
5477;6;7;16-01-2028;6;540.0
5478;6;11;13-11-2026;11;770.0
5479;2;12;21-04-2030;10;100.0
5480;4;10;29-07-2030;7;315.0
5481;5;10;26-04-2030;13;585.0
5482;2;5;17-12-2030;12;240.0
5483;5;5;23-06-2029;12;240.0
5484;1;9;21-09-2027;8;1200.0
5485;2;9;03-05-2027;8;1200.0
5486;1;6;19-08-2029;10;1800.0
5487;6;5;29-03-2028;7;140.0
5488;4;6;08-01-2029;7;1260.0
5489;3;7;01-02-2030;9;810.0
5490;1;12;19-10-2029;11;110.0
5491;6;4;28-07-2030;14;140.0
5492;6;5;21-10-2026;13;260.0
5493;6;9;31-07-2028;8;1200.0
5494;3;8;04-04-2028;5;200.0
5495;5;1;20-12-2030;15;12000.0
5496;2;11;29-08-2028;10;700.0
5497;1;1;24-11-2027;15;12000.0
5498;3;2;07-04-2030;13;6500.0
5499;4;10;09-05-2026;7;315.0
5500;6;10;26-02-2030;6;270.0
5501;5;1;27-02-2028;14;11200.0
5502;1;12;18-09-2028;9;90.0
5503;3;9;24-04-2028;12;1800.0
5504;1;5;10-03-2026;14;280.0
5505;2;9;10-03-2027;14;2100.0
5506;1;5;15-01-2027;5;100.0
5507;5;11;24-04-2030;15;1050.0
5508;6;3;18-11-2030;7;2100.0
5509;3;12;22-04-2030;11;110.0
5510;5;1;07-02-2029;5;4000.0
5511;4;4;11-02-2030;15;150.0
5512;3;11;10-12-2026;6;420.0
5513;4;8;13-07-2030;7;280.0
5514;1;4;15-12-2027;12;120.0
5515;2;4;30-11-2027;10;100.0
5516;2;9;06-11-2030;9;1350.0
5517;2;11;06-08-2027;12;840.0
5518;4;7;06-08-2029;12;1080.0
5519;4;3;30-12-2029;14;4200.0
5520;1;8;02-10-2030;15;600.0
5521;1;5;14-05-2029;11;220.0
5522;2;11;24-05-2030;12;840.0
5523;5;5;08-02-2030;8;160.0
5524;2;11;06-03-2028;9;630.0
5525;5;10;04-07-2028;15;675.0
5526;1;8;20-07-2029;7;280.0
5527;6;9;03-07-2026;11;1650.0
5528;1;4;19-11-2030;7;70.0
5529;6;8;18-07-2029;12;480.0
5530;6;8;14-03-2030;12;480.0
5531;6;9;13-04-2029;13;1950.0
5532;1;1;23-12-2026;15;12000.0
5533;4;7;17-01-2030;5;450.0
5534;4;8;25-02-2029;9;360.0
5535;2;1;01-10-2028;7;5600.0
5536;3;10;01-11-2026;14;630.0
5537;4;5;26-10-2028;5;100.0
5538;6;12;22-12-2027;15;150.0
5539;3;2;22-12-2027;9;4500.0
5540;1;2;05-11-2027;8;4000.0
5541;6;7;05-11-2030;5;450.0
5542;2;7;29-08-2028;14;1260.0
5543;4;1;14-03-2028;15;12000.0
5544;6;8;20-06-2028;10;400.0
5545;4;7;08-04-2030;15;1350.0
5546;5;6;25-01-2027;10;1800.0
5547;6;6;19-03-2026;12;2160.0
5548;2;8;17-12-2028;11;440.0
5549;4;11;11-06-2028;5;350.0
5550;3;4;03-09-2028;13;130.0
5551;2;10;21-06-2029;14;630.0
5552;4;1;13-04-2027;11;8800.0
5553;6;4;12-06-2026;10;100.0
5554;1;6;07-11-2028;5;900.0
5555;1;11;05-11-2027;8;560.0
5556;1;5;01-08-2030;12;240.0
5557;3;3;22-11-2029;6;1800.0
5558;1;9;08-01-2029;10;1500.0
5559;5;9;17-06-2030;7;1050.0
5560;4;3;14-05-2027;5;1500.0
5561;1;5;13-05-2027;6;120.0
5562;1;12;16-11-2028;14;140.0
5563;6;11;09-10-2029;15;1050.0
5564;1;3;30-09-2028;15;4500.0
5565;6;1;03-09-2030;15;12000.0
5566;4;8;15-02-2030;11;440.0
5567;4;7;04-12-2030;8;720.0
5568;6;1;29-10-2028;15;12000.0
5569;1;7;11-06-2028;5;450.0
5570;2;3;04-10-2027;12;3600.0
5571;6;10;19-06-2029;11;495.0
5572;3;2;01-05-2029;15;7500.0
5573;5;5;05-03-2026;10;200.0
5574;3;5;24-11-2030;14;280.0
5575;4;7;09-03-2026;15;1350.0
5576;2;2;10-07-2029;5;2500.0
5577;3;12;07-01-2027;14;140.0
5578;1;3;23-09-2028;10;3000.0
5579;4;12;29-06-2029;9;90.0
5580;5;5;29-10-2030;9;180.0
5581;5;6;22-07-2030;5;900.0
5582;4;9;18-03-2026;5;750.0
5583;4;6;17-07-2026;11;1980.0
5584;6;9;20-07-2026;7;1050.0
5585;2;1;27-05-2026;15;12000.0
5586;1;9;04-06-2027;9;1350.0
5587;3;5;20-11-2028;7;140.0
5588;4;2;14-08-2028;14;7000.0
5589;1;3;04-06-2027;9;2700.0
5590;4;12;08-03-2028;6;60.0
5591;4;2;30-09-2028;6;3000.0
5592;6;9;11-01-2027;5;750.0
5593;5;5;22-03-2027;15;300.0
5594;3;11;17-12-2030;5;350.0
5595;6;6;30-04-2028;10;1800.0
5596;5;2;09-05-2028;12;6000.0
5597;3;7;20-05-2029;14;1260.0
5598;2;5;22-06-2027;10;200.0
5599;3;7;02-08-2030;13;1170.0
5600;1;11;05-05-2028;7;490.0
5601;4;3;12-01-2028;15;4500.0
5602;3;12;16-12-2029;11;110.0
5603;5;4;15-01-2027;9;90.0
5604;3;5;12-10-2029;14;280.0
5605;4;9;27-03-2027;11;1650.0
5606;3;9;22-01-2030;9;1350.0
5607;3;10;11-06-2026;12;540.0
5608;3;6;02-01-2027;15;2700.0
5609;1;4;15-05-2027;14;140.0
5610;1;1;22-03-2029;7;5600.0
5611;5;11;29-10-2026;12;840.0
5612;4;5;27-03-2027;12;240.0
5613;1;11;30-01-2028;14;980.0
5614;5;7;18-07-2030;9;810.0
5615;3;6;16-09-2027;11;1980.0
5616;2;11;12-11-2028;12;840.0
5617;2;4;09-09-2030;11;110.0
5618;3;11;08-12-2030;14;980.0
5619;2;12;24-01-2030;6;60.0
5620;4;11;23-11-2028;7;490.0
5621;2;3;04-07-2028;7;2100.0
5622;5;5;02-03-2026;11;220.0
5623;2;10;04-06-2030;13;585.0
5624;2;4;30-09-2030;14;140.0
5625;5;7;31-12-2030;7;630.0
5626;6;3;24-07-2026;6;1800.0
5627;6;5;24-01-2030;12;240.0
5628;4;2;11-07-2028;12;6000.0
5629;6;12;10-05-2028;5;50.0
5630;3;9;02-06-2030;15;2250.0
5631;1;5;29-06-2029;13;260.0
5632;2;8;07-01-2029;6;240.0
5633;5;3;24-07-2030;10;3000.0
5634;2;12;08-09-2029;5;50.0
5635;1;2;30-08-2030;5;2500.0
5636;1;4;30-05-2027;9;90.0
5637;6;10;30-11-2026;11;495.0
5638;2;5;03-04-2030;9;180.0
5639;6;6;17-05-2026;13;2340.0
5640;5;12;31-12-2030;12;120.0
5641;2;5;18-08-2027;15;300.0
5642;2;10;26-04-2030;11;495.0
5643;2;2;19-01-2030;12;6000.0
5644;3;1;26-10-2028;5;4000.0
5645;4;2;29-09-2027;5;2500.0
5646;2;11;25-05-2028;11;770.0
5647;3;4;07-03-2030;13;130.0
5648;5;7;01-09-2030;13;1170.0
5649;1;4;20-01-2027;11;110.0
5650;5;7;24-09-2029;9;810.0
5651;5;12;14-03-2028;14;140.0
5652;3;12;07-05-2029;7;70.0
5653;5;4;25-12-2027;14;140.0
5654;4;5;05-03-2026;7;140.0
5655;1;9;27-10-2026;15;2250.0
5656;5;1;13-07-2030;7;5600.0
5657;2;2;10-10-2030;8;4000.0
5658;5;9;09-12-2028;10;1500.0
5659;3;7;27-10-2029;6;540.0
5660;1;12;28-09-2029;9;90.0
5661;2;2;23-11-2029;15;7500.0
5662;5;4;28-07-2027;5;50.0
5663;3;11;31-03-2030;10;700.0
5664;5;8;10-10-2026;8;320.0
5665;5;11;14-07-2026;7;490.0
5666;3;10;29-05-2028;15;675.0
5667;4;8;16-04-2026;9;360.0
5668;4;6;23-07-2027;14;2520.0
5669;6;4;20-10-2028;9;90.0
5670;5;10;08-01-2030;9;405.0
5671;5;4;23-10-2030;5;50.0
5672;6;5;13-02-2029;9;180.0
5673;3;9;29-03-2026;5;750.0
5674;4;2;26-03-2029;11;5500.0
5675;4;10;08-07-2026;10;450.0
5676;3;6;10-12-2030;7;1260.0
5677;4;2;05-09-2027;12;6000.0
5678;3;1;03-10-2026;8;6400.0
5679;1;9;08-08-2029;8;1200.0
5680;4;9;22-11-2027;5;750.0
5681;3;10;14-12-2027;8;360.0
5682;4;3;30-07-2030;13;3900.0
5683;1;5;20-01-2027;7;140.0
5684;6;6;26-04-2028;15;2700.0
5685;6;6;04-06-2028;12;2160.0
5686;4;9;07-09-2029;12;1800.0
5687;2;6;17-07-2028;5;900.0
5688;2;8;27-12-2027;6;240.0
5689;3;11;19-05-2026;7;490.0
5690;5;4;23-09-2030;14;140.0
5691;3;1;12-03-2027;11;8800.0
5692;1;12;25-08-2029;5;50.0
5693;4;12;17-11-2028;9;90.0
5694;3;9;20-09-2026;5;750.0
5695;5;9;12-07-2028;5;750.0
5696;4;11;14-06-2029;7;490.0
5697;2;7;17-07-2026;15;1350.0
5698;3;12;04-08-2026;5;50.0
5699;1;4;29-05-2027;14;140.0
5700;2;12;08-10-2026;12;120.0
5701;1;1;29-01-2030;11;8800.0
5702;4;9;24-04-2030;10;1500.0
5703;2;2;18-12-2026;5;2500.0
5704;5;6;27-12-2027;13;2340.0
5705;5;5;01-05-2030;10;200.0
5706;2;3;07-03-2026;10;3000.0
5707;6;4;06-02-2028;7;70.0
5708;6;1;29-10-2030;7;5600.0
5709;3;6;22-08-2030;10;1800.0
5710;2;1;16-05-2026;8;6400.0
5711;1;6;30-12-2027;9;1620.0
5712;1;9;06-01-2030;14;2100.0
5713;3;9;12-08-2029;14;2100.0
5714;3;6;26-05-2027;13;2340.0
5715;1;12;14-05-2028;7;70.0
5716;6;1;04-08-2027;10;8000.0
5717;5;10;26-12-2029;13;585.0
5718;5;2;20-01-2030;14;7000.0
5719;6;3;08-10-2028;7;2100.0
5720;2;10;24-03-2030;14;630.0
5721;2;7;16-11-2028;10;900.0
5722;5;9;19-02-2027;14;2100.0
5723;2;9;15-10-2029;13;1950.0
5724;2;7;22-09-2026;12;1080.0
5725;2;9;14-07-2029;5;750.0
5726;1;6;20-02-2027;12;2160.0
5727;1;5;01-04-2030;8;160.0
5728;3;12;23-04-2026;10;100.0
5729;3;12;04-12-2030;15;150.0
5730;6;12;22-12-2027;14;140.0
5731;1;10;08-01-2030;15;675.0
5732;1;8;04-03-2030;14;560.0
5733;6;8;31-08-2029;11;440.0
5734;5;3;07-02-2028;12;3600.0
5735;5;12;09-12-2030;7;70.0
5736;2;7;21-12-2029;5;450.0
5737;5;7;31-05-2029;10;900.0
5738;1;2;23-06-2029;13;6500.0
5739;6;9;12-07-2029;13;1950.0
5740;3;1;16-11-2029;14;11200.0
5741;3;2;19-08-2027;7;3500.0
5742;1;10;09-05-2026;10;450.0
5743;2;8;06-01-2027;11;440.0
5744;3;1;04-01-2030;9;7200.0
5745;5;7;06-09-2028;8;720.0
5746;1;3;07-12-2030;8;2400.0
5747;1;8;30-11-2027;8;320.0
5748;2;1;14-09-2028;13;10400.0
5749;4;7;27-05-2026;9;810.0
5750;2;10;09-08-2030;13;585.0
5751;2;1;31-07-2030;7;5600.0
5752;6;7;25-04-2028;13;1170.0
5753;1;9;26-03-2026;10;1500.0
5754;5;1;31-03-2028;8;6400.0
5755;6;11;25-02-2028;8;560.0
5756;5;1;17-03-2029;9;7200.0
5757;6;5;21-10-2029;12;240.0
5758;3;11;12-01-2030;8;560.0
5759;6;5;11-07-2026;11;220.0
5760;2;2;06-01-2027;10;5000.0
5761;1;8;28-12-2026;12;480.0
5762;1;9;11-02-2027;11;1650.0
5763;5;7;24-04-2029;14;1260.0
5764;6;7;17-05-2029;6;540.0
5765;1;1;05-08-2030;12;9600.0
5766;3;2;14-08-2028;7;3500.0
5767;2;9;28-04-2028;10;1500.0
5768;4;4;26-02-2030;15;150.0
5769;3;6;01-01-2028;13;2340.0
5770;1;1;02-01-2030;9;7200.0
5771;5;11;25-09-2026;9;630.0
5772;3;9;24-09-2028;10;1500.0
5773;4;8;20-12-2028;9;360.0
5774;3;7;01-03-2028;5;450.0
5775;2;7;29-03-2029;9;810.0
5776;4;6;19-09-2026;9;1620.0
5777;5;4;17-08-2029;11;110.0
5778;3;12;05-05-2029;9;90.0
5779;4;11;01-10-2030;7;490.0
5780;1;1;15-07-2027;10;8000.0
5781;1;4;18-11-2028;8;80.0
5782;5;9;04-06-2030;5;750.0
5783;2;9;25-06-2026;10;1500.0
5784;4;11;16-07-2028;15;1050.0
5785;4;8;22-12-2029;5;200.0
5786;1;10;25-11-2029;13;585.0
5787;6;11;29-07-2030;6;420.0
5788;4;8;25-12-2028;8;320.0
5789;3;7;25-06-2027;15;1350.0
5790;3;9;27-01-2030;12;1800.0
5791;1;7;11-07-2026;14;1260.0
5792;5;6;30-04-2027;14;2520.0
5793;6;2;28-04-2027;12;6000.0
5794;6;8;03-02-2027;14;560.0
5795;3;6;21-05-2029;12;2160.0
5796;3;2;21-05-2030;9;4500.0
5797;6;12;24-12-2030;12;120.0
5798;1;7;18-08-2027;8;720.0
5799;1;1;13-03-2027;12;9600.0
5800;4;4;12-12-2026;14;140.0
5801;2;5;22-02-2029;13;260.0
5802;4;11;10-11-2026;9;630.0
5803;3;3;03-09-2028;8;2400.0
5804;6;5;04-08-2030;7;140.0
5805;3;3;13-09-2026;8;2400.0
5806;3;7;10-11-2029;7;630.0
5807;6;4;16-12-2026;6;60.0
5808;2;10;09-04-2027;13;585.0
5809;2;4;03-10-2029;15;150.0
5810;4;3;21-04-2030;8;2400.0
5811;3;11;06-06-2030;14;980.0
5812;1;5;19-04-2030;10;200.0
5813;3;11;12-05-2026;15;1050.0
5814;6;7;24-09-2030;12;1080.0
5815;1;9;30-05-2029;5;750.0
5816;5;1;25-08-2029;14;11200.0
5817;2;8;31-05-2030;15;600.0
5818;3;6;28-09-2027;11;1980.0
5819;6;6;10-06-2026;15;2700.0
5820;6;11;16-04-2027;9;630.0
5821;1;4;24-05-2026;15;150.0
5822;1;3;24-04-2030;15;4500.0
5823;4;10;23-08-2029;5;225.0
5824;4;8;06-03-2027;8;320.0
5825;1;11;17-11-2028;13;910.0
5826;5;2;20-07-2028;5;2500.0
5827;2;12;29-03-2028;8;80.0
5828;6;12;29-08-2028;5;50.0
5829;6;4;11-04-2027;6;60.0
5830;3;1;02-04-2029;8;6400.0
5831;2;4;16-02-2030;8;80.0
5832;3;6;17-04-2027;13;2340.0
5833;2;4;31-01-2027;10;100.0
5834;5;5;16-07-2029;7;140.0
5835;1;5;22-06-2029;8;160.0
5836;5;12;16-08-2029;14;140.0
5837;3;6;07-04-2030;11;1980.0
5838;3;11;04-03-2029;13;910.0
5839;1;11;05-06-2028;14;980.0
5840;5;8;04-12-2027;10;400.0
5841;3;12;24-12-2029;11;110.0
5842;5;8;26-03-2028;9;360.0
5843;3;6;08-07-2028;11;1980.0
5844;1;9;06-06-2027;13;1950.0
5845;3;7;16-11-2029;14;1260.0
5846;4;1;26-02-2029;6;4800.0
5847;4;6;23-04-2026;14;2520.0
5848;5;3;07-02-2028;11;3300.0
5849;4;5;04-06-2026;7;140.0
5850;5;3;23-12-2028;15;4500.0
5851;1;6;19-05-2027;8;1440.0
5852;1;7;19-03-2028;15;1350.0
5853;5;7;01-05-2028;12;1080.0
5854;5;1;10-03-2027;14;11200.0
5855;3;2;07-12-2027;13;6500.0
5856;1;7;25-10-2027;11;990.0
5857;4;3;05-04-2029;13;3900.0
5858;2;8;03-09-2030;13;520.0
5859;3;5;16-04-2027;14;280.0
5860;2;10;11-01-2027;8;360.0
5861;3;8;02-08-2026;10;400.0
5862;6;6;13-12-2030;11;1980.0
5863;5;1;02-10-2029;9;7200.0
5864;1;7;07-09-2026;10;900.0
5865;5;5;26-04-2029;11;220.0
5866;1;2;13-01-2027;9;4500.0
5867;6;2;07-05-2027;13;6500.0
5868;6;8;12-06-2028;11;440.0
5869;4;11;17-01-2028;10;700.0
5870;1;4;02-03-2026;6;60.0
5871;1;5;02-07-2028;13;260.0
5872;3;4;26-02-2030;13;130.0
5873;6;12;09-01-2030;15;150.0
5874;1;3;28-03-2030;5;1500.0
5875;3;9;06-12-2027;9;1350.0
5876;4;2;24-12-2028;12;6000.0
5877;1;12;19-08-2027;12;120.0
5878;4;1;29-08-2028;11;8800.0
5879;2;12;16-10-2027;6;60.0
5880;5;5;02-03-2030;9;180.0
5881;3;8;21-12-2029;14;560.0
5882;6;11;25-05-2030;11;770.0
5883;5;10;24-03-2027;10;450.0
5884;1;11;02-10-2027;9;630.0
5885;5;12;15-06-2029;8;80.0
5886;1;3;27-04-2030;6;1800.0
5887;1;9;20-09-2029;14;2100.0
5888;6;8;28-04-2028;10;400.0
5889;4;10;16-10-2027;15;675.0
5890;5;11;13-08-2029;7;490.0
5891;6;2;19-12-2029;6;3000.0
5892;3;1;10-04-2029;9;7200.0
5893;2;11;11-10-2026;15;1050.0
5894;3;4;15-02-2028;11;110.0
5895;1;3;01-06-2026;11;3300.0
5896;1;6;26-03-2029;9;1620.0
5897;3;10;09-03-2030;10;450.0
5898;5;4;22-09-2030;6;60.0
5899;3;5;30-12-2027;10;200.0
5900;4;1;19-05-2027;10;8000.0
5901;5;9;29-06-2027;5;750.0
5902;4;9;15-05-2026;13;1950.0
5903;3;4;08-09-2029;8;80.0
5904;5;3;25-10-2030;15;4500.0
5905;6;11;22-04-2027;10;700.0
5906;2;7;16-03-2026;14;1260.0
5907;5;8;19-02-2029;5;200.0
5908;1;10;03-09-2027;9;405.0
5909;6;5;14-10-2030;14;280.0
5910;3;12;25-08-2027;15;150.0
5911;4;3;03-06-2026;15;4500.0
5912;5;5;26-05-2030;10;200.0
5913;2;6;01-11-2028;8;1440.0
5914;2;1;22-04-2028;13;10400.0
5915;3;2;23-01-2028;13;6500.0
5916;1;2;25-01-2029;14;7000.0
5917;1;8;21-02-2026;14;560.0
5918;5;5;12-08-2026;5;100.0
5919;3;6;29-04-2029;10;1800.0
5920;6;7;10-04-2028;13;1170.0
5921;2;3;10-01-2029;13;3900.0
5922;1;9;20-05-2030;13;1950.0
5923;2;5;21-08-2030;6;120.0
5924;2;6;08-09-2026;5;900.0
5925;3;12;09-10-2027;15;150.0
5926;2;9;23-04-2028;8;1200.0
5927;1;3;26-11-2027;10;3000.0
5928;3;3;11-12-2029;6;1800.0
5929;4;8;19-08-2030;11;440.0
5930;3;3;06-01-2029;11;3300.0
5931;1;5;21-07-2029;12;240.0
5932;5;11;23-06-2027;5;350.0
5933;6;7;27-04-2030;6;540.0
5934;2;1;02-09-2026;11;8800.0
5935;3;7;16-06-2030;10;900.0
5936;4;4;05-03-2027;7;70.0
5937;1;7;31-03-2027;10;900.0
5938;5;5;24-06-2027;15;300.0
5939;3;7;18-02-2029;7;630.0
5940;1;5;23-08-2028;11;220.0
5941;5;8;28-11-2029;6;240.0
5942;2;3;11-12-2028;13;3900.0
5943;4;10;23-05-2030;14;630.0
5944;2;11;17-06-2026;12;840.0
5945;2;5;03-03-2026;15;300.0
5946;6;4;28-03-2026;12;120.0
5947;6;2;07-09-2027;6;3000.0
5948;3;11;17-07-2028;6;420.0
5949;2;3;18-05-2030;13;3900.0
5950;6;5;06-07-2028;11;220.0
5951;2;12;28-10-2027;13;130.0
5952;2;12;07-11-2027;9;90.0
5953;6;11;28-09-2029;14;980.0
5954;3;3;15-09-2027;7;2100.0
5955;1;10;20-10-2027;5;225.0
5956;3;7;10-08-2026;10;900.0
5957;5;3;07-12-2030;7;2100.0
5958;4;9;18-11-2026;14;2100.0
5959;5;11;26-10-2029;10;700.0
5960;1;12;06-05-2030;5;50.0
5961;3;9;09-06-2029;13;1950.0
5962;6;1;08-07-2030;10;8000.0
5963;2;10;11-11-2027;12;540.0
5964;2;4;24-07-2027;14;140.0
5965;4;9;17-12-2026;6;900.0
5966;3;11;07-11-2026;12;840.0
5967;6;4;22-04-2028;10;100.0
5968;2;6;02-11-2026;8;1440.0
5969;3;8;19-08-2030;11;440.0
5970;3;7;19-09-2027;7;630.0
5971;5;5;10-11-2028;8;160.0
5972;3;9;20-05-2029;9;1350.0
5973;2;9;24-12-2028;6;900.0
5974;6;9;25-07-2030;10;1500.0
5975;3;3;19-04-2026;9;2700.0
5976;2;9;30-06-2030;6;900.0
5977;4;9;17-07-2027;11;1650.0
5978;4;4;30-08-2027;7;70.0
5979;1;7;16-08-2028;9;810.0
5980;5;7;23-10-2030;10;900.0
5981;2;3;16-12-2028;7;2100.0
5982;1;2;07-10-2030;6;3000.0
5983;1;11;03-04-2026;8;560.0
5984;4;9;08-04-2027;8;1200.0
5985;4;3;27-03-2027;14;4200.0
5986;2;5;23-05-2029;5;100.0
5987;1;10;29-08-2028;5;225.0
5988;3;8;21-02-2029;8;320.0
5989;4;5;14-04-2030;8;160.0
5990;1;6;09-07-2029;13;2340.0
5991;1;3;07-03-2026;12;3600.0
5992;4;9;25-09-2026;10;1500.0
5993;3;10;11-09-2030;9;405.0
5994;3;6;30-06-2026;5;900.0
5995;3;6;27-03-2028;5;900.0
5996;2;5;09-06-2029;9;180.0
5997;3;12;18-04-2029;14;140.0
5998;3;6;24-01-2029;8;1440.0
5999;2;9;28-08-2028;10;1500.0
6000;5;12;03-08-2027;11;110.0
6001;6;6;19-01-2030;11;1980.0
6002;1;9;09-01-2029;10;1500.0
6003;1;9;13-06-2028;12;1800.0
6004;3;12;10-06-2026;15;150.0
6005;3;4;26-04-2028;9;90.0
6006;5;6;16-07-2027;5;900.0
6007;4;9;05-06-2029;13;1950.0
6008;1;3;06-10-2026;14;4200.0
6009;3;2;16-06-2030;13;6500.0
6010;4;3;04-09-2030;13;3900.0
6011;6;1;22-08-2026;15;12000.0
6012;3;9;08-03-2026;9;1350.0
6013;6;3;13-10-2030;11;3300.0
6014;1;3;05-04-2026;8;2400.0
6015;3;12;23-08-2029;12;120.0
6016;4;11;25-01-2028;10;700.0
6017;2;7;06-11-2026;7;630.0
6018;2;11;19-11-2026;13;910.0
6019;6;3;17-05-2026;8;2400.0
6020;6;12;07-08-2030;5;50.0
6021;5;6;18-06-2029;8;1440.0
6022;3;11;03-01-2029;8;560.0
6023;2;8;03-05-2027;5;200.0
6024;3;8;04-03-2029;12;480.0
6025;4;9;18-09-2027;7;1050.0
6026;6;10;01-05-2030;7;315.0
6027;5;12;22-05-2030;13;130.0
6028;3;8;01-10-2030;13;520.0
6029;1;2;23-12-2026;9;4500.0
6030;3;1;19-01-2029;7;5600.0
6031;1;11;27-02-2028;5;350.0
6032;1;9;12-04-2027;15;2250.0
6033;1;12;16-09-2028;15;150.0
6034;4;7;14-05-2030;12;1080.0
6035;4;2;21-05-2027;5;2500.0
6036;1;6;08-03-2029;11;1980.0
6037;5;8;27-10-2028;14;560.0
6038;2;10;01-10-2028;13;585.0
6039;3;9;26-12-2030;9;1350.0
6040;2;4;05-06-2027;9;90.0
6041;1;2;16-09-2028;8;4000.0
6042;5;2;13-04-2027;12;6000.0
6043;3;5;05-12-2027;15;300.0
6044;6;1;28-07-2030;13;10400.0
6045;5;12;02-03-2030;9;90.0
6046;4;12;23-05-2027;14;140.0
6047;4;5;13-06-2026;8;160.0
6048;5;5;07-09-2026;11;220.0
6049;2;9;18-03-2026;13;1950.0
6050;4;5;04-02-2027;6;120.0
6051;3;5;07-04-2028;8;160.0
6052;6;3;14-11-2030;15;4500.0
6053;5;11;28-02-2026;10;700.0
6054;1;10;22-11-2027;8;360.0
6055;4;9;28-05-2028;9;1350.0
6056;3;2;18-07-2030;15;7500.0
6057;1;7;19-11-2029;6;540.0
6058;3;11;24-09-2026;12;840.0
6059;3;2;30-07-2029;14;7000.0
6060;4;8;11-11-2026;5;200.0
6061;4;2;22-05-2026;12;6000.0
6062;6;3;27-11-2029;12;3600.0
6063;2;9;16-05-2030;13;1950.0
6064;2;3;24-11-2028;12;3600.0
6065;2;5;29-04-2026;12;240.0
6066;2;12;01-03-2029;5;50.0
6067;2;10;13-07-2026;6;270.0
6068;3;8;02-02-2028;14;560.0
6069;2;4;30-08-2030;14;140.0
6070;1;3;23-07-2027;13;3900.0
6071;1;6;13-11-2027;10;1800.0
6072;3;5;13-08-2029;12;240.0
6073;1;11;01-03-2026;5;350.0
6074;1;11;26-05-2027;6;420.0
6075;4;6;12-04-2027;8;1440.0
6076;6;12;28-09-2028;5;50.0
6077;6;11;31-05-2028;6;420.0
6078;3;9;14-04-2029;13;1950.0
6079;2;8;15-03-2027;7;280.0
6080;6;7;07-12-2029;5;450.0
6081;5;4;23-03-2028;12;120.0
6082;1;3;18-07-2028;7;2100.0
6083;6;2;04-09-2026;12;6000.0
6084;3;4;04-12-2027;14;140.0
6085;2;6;06-03-2026;8;1440.0
6086;2;7;03-12-2030;9;810.0
6087;4;4;25-12-2028;14;140.0
6088;5;6;26-10-2029;8;1440.0
6089;1;6;30-11-2026;8;1440.0
6090;3;4;21-07-2026;8;80.0
6091;3;1;16-12-2026;6;4800.0
6092;3;8;18-02-2027;15;600.0
6093;6;4;24-03-2029;5;50.0
6094;6;8;15-04-2028;7;280.0
6095;2;6;19-01-2027;12;2160.0
6096;5;1;09-03-2026;6;4800.0
6097;5;12;18-12-2029;15;150.0
6098;3;2;20-09-2027;15;7500.0
6099;5;5;09-11-2028;14;280.0
6100;4;8;05-03-2028;7;280.0
6101;5;2;17-04-2029;10;5000.0
6102;1;7;05-12-2026;10;900.0
6103;4;12;14-08-2030;11;110.0
6104;6;4;10-06-2028;12;120.0
6105;2;11;29-08-2027;12;840.0
6106;1;1;10-12-2027;11;8800.0
6107;4;4;11-11-2026;10;100.0
6108;5;5;09-08-2030;13;260.0
6109;5;7;26-10-2029;5;450.0
6110;1;12;27-01-2028;6;60.0
6111;3;1;25-03-2030;6;4800.0
6112;3;11;15-04-2027;13;910.0
6113;4;8;16-11-2028;14;560.0
6114;2;1;09-04-2030;12;9600.0
6115;6;6;21-03-2026;15;2700.0
6116;2;9;13-05-2030;10;1500.0
6117;1;11;21-01-2027;5;350.0
6118;3;12;09-09-2027;6;60.0
6119;2;2;22-03-2029;12;6000.0
6120;6;10;20-03-2030;7;315.0
6121;4;10;16-10-2030;13;585.0
6122;3;2;27-02-2028;8;4000.0
6123;3;9;19-02-2029;11;1650.0
6124;1;12;17-09-2030;6;60.0
6125;1;1;27-01-2027;6;4800.0
6126;1;1;08-06-2029;5;4000.0
6127;1;3;30-11-2026;8;2400.0
6128;2;4;26-08-2028;6;60.0
6129;1;1;28-03-2026;12;9600.0
6130;2;5;26-01-2027;7;140.0
6131;1;10;26-07-2026;13;585.0
6132;5;8;21-04-2028;12;480.0
6133;2;10;11-04-2028;6;270.0
6134;3;1;31-08-2026;8;6400.0
6135;6;5;18-07-2030;8;160.0
6136;3;5;06-02-2030;13;260.0
6137;2;5;29-01-2027;9;180.0
6138;6;6;24-01-2029;6;1080.0
6139;3;3;29-09-2026;8;2400.0
6140;5;11;31-12-2030;15;1050.0
6141;6;2;23-06-2027;5;2500.0
6142;2;1;31-10-2028;7;5600.0
6143;1;12;25-01-2030;7;70.0
6144;6;11;12-08-2026;8;560.0
6145;6;9;19-08-2026;10;1500.0
6146;6;12;13-10-2028;15;150.0
6147;3;9;29-02-2028;13;1950.0
6148;6;10;11-11-2028;14;630.0
6149;1;12;22-02-2027;6;60.0
6150;1;7;26-03-2028;6;540.0
6151;1;2;30-05-2028;7;3500.0
6152;5;6;25-05-2030;13;2340.0
6153;3;1;28-10-2026;6;4800.0
6154;2;2;25-12-2029;9;4500.0
6155;5;4;09-11-2029;11;110.0
6156;6;6;27-08-2029;6;1080.0
6157;2;2;17-10-2028;13;6500.0
6158;2;3;07-08-2027;13;3900.0
6159;6;2;21-12-2030;8;4000.0
6160;5;4;29-09-2029;11;110.0
6161;4;1;01-04-2027;8;6400.0
6162;2;12;04-03-2029;11;110.0
6163;4;6;20-04-2029;11;1980.0
6164;5;6;02-11-2026;15;2700.0
6165;3;3;22-04-2030;9;2700.0
6166;5;5;29-06-2030;15;300.0
6167;4;6;04-05-2028;5;900.0
6168;6;3;12-04-2030;12;3600.0
6169;6;12;09-05-2027;9;90.0
6170;4;4;28-03-2030;5;50.0
6171;3;1;25-04-2026;5;4000.0
6172;2;5;22-03-2028;15;300.0
6173;2;10;13-01-2028;9;405.0
6174;3;6;27-12-2028;9;1620.0
6175;5;8;10-01-2028;14;560.0
6176;4;3;12-05-2027;5;1500.0
6177;6;6;27-10-2028;6;1080.0
6178;3;9;22-03-2029;7;1050.0
6179;2;2;09-06-2028;9;4500.0
6180;2;12;22-03-2029;6;60.0
6181;5;5;23-12-2028;9;180.0
6182;6;6;11-11-2026;8;1440.0
6183;1;12;04-12-2030;10;100.0
6184;5;12;14-01-2029;5;50.0
6185;2;11;06-08-2029;14;980.0
6186;1;11;29-03-2028;8;560.0
6187;1;7;16-02-2029;12;1080.0
6188;5;2;19-08-2030;5;2500.0
6189;3;12;11-11-2028;14;140.0
6190;5;9;13-11-2029;13;1950.0
6191;4;4;06-01-2028;11;110.0
6192;6;5;12-06-2026;12;240.0
6193;3;11;28-03-2027;8;560.0
6194;1;11;12-04-2027;15;1050.0
6195;1;9;29-04-2030;14;2100.0
6196;5;10;23-02-2027;10;450.0
6197;2;4;11-10-2028;15;150.0
6198;1;10;14-06-2028;14;630.0
6199;4;10;11-08-2028;10;450.0
6200;5;5;21-09-2029;13;260.0
6201;3;8;14-08-2027;10;400.0
6202;5;9;08-01-2027;14;2100.0
6203;3;8;07-03-2027;14;560.0
6204;1;5;13-10-2026;13;260.0
6205;3;2;31-08-2029;7;3500.0
6206;4;5;06-05-2028;11;220.0
6207;2;6;06-01-2027;11;1980.0
6208;1;1;25-07-2028;12;9600.0
6209;4;8;23-11-2029;15;600.0
6210;1;1;16-02-2029;9;7200.0
6211;1;4;19-10-2028;6;60.0
6212;6;5;25-06-2030;12;240.0
6213;2;2;22-06-2028;12;6000.0
6214;1;8;24-05-2030;14;560.0
6215;4;8;28-03-2029;10;400.0
6216;4;3;19-12-2027;5;1500.0
6217;2;8;18-09-2028;11;440.0
6218;2;10;11-03-2027;7;315.0
6219;2;7;22-03-2026;7;630.0
6220;6;9;16-03-2027;10;1500.0
6221;2;1;14-11-2028;12;9600.0
6222;6;5;13-12-2030;13;260.0
6223;5;2;07-10-2027;11;5500.0
6224;6;7;17-08-2028;14;1260.0
6225;5;8;10-11-2027;7;280.0
6226;5;11;02-09-2028;13;910.0
6227;5;4;21-10-2026;12;120.0
6228;1;7;23-03-2030;15;1350.0
6229;2;10;13-07-2029;9;405.0
6230;6;10;18-06-2027;5;225.0
6231;6;1;15-12-2028;7;5600.0
6232;5;12;01-09-2030;7;70.0
6233;6;7;30-05-2027;11;990.0
6234;4;5;06-11-2030;9;180.0
6235;3;12;04-02-2030;6;60.0
6236;6;3;02-07-2030;7;2100.0
6237;4;9;28-08-2026;11;1650.0
6238;1;6;18-02-2028;11;1980.0
6239;6;8;17-04-2026;15;600.0
6240;2;11;17-07-2028;5;350.0
6241;4;7;23-09-2030;15;1350.0
6242;2;4;11-04-2030;8;80.0
6243;1;1;22-09-2027;12;9600.0
6244;5;6;23-05-2027;8;1440.0
6245;3;5;17-02-2027;12;240.0
6246;4;3;11-09-2027;15;4500.0
6247;4;6;19-12-2028;15;2700.0
6248;2;12;15-08-2027;8;80.0
6249;2;7;06-03-2027;13;1170.0
6250;3;10;03-07-2026;8;360.0
6251;4;3;27-04-2028;14;4200.0
6252;3;3;29-06-2027;8;2400.0
6253;4;9;23-06-2030;9;1350.0
6254;2;4;01-10-2026;14;140.0
6255;6;3;01-10-2028;8;2400.0
6256;4;8;27-08-2028;13;520.0
6257;1;3;27-06-2029;6;1800.0
6258;1;7;15-12-2029;15;1350.0
6259;1;3;23-03-2027;11;3300.0
6260;1;5;12-06-2026;13;260.0
6261;2;9;04-05-2027;7;1050.0
6262;2;10;24-05-2030;11;495.0
6263;2;9;07-10-2026;8;1200.0
6264;3;7;03-12-2028;6;540.0
6265;2;12;15-10-2029;7;70.0
6266;3;2;17-10-2029;6;3000.0
6267;5;2;07-09-2029;7;3500.0
6268;2;9;15-06-2029;7;1050.0
6269;5;8;15-08-2029;12;480.0
6270;1;12;18-11-2029;5;50.0
6271;2;1;01-06-2029;10;8000.0
6272;6;5;14-02-2027;13;260.0
6273;1;5;21-11-2028;10;200.0
6274;2;8;11-11-2028;5;200.0
6275;1;12;18-12-2028;12;120.0
6276;6;5;16-11-2030;9;180.0
6277;5;7;01-04-2027;7;630.0
6278;1;9;07-07-2030;9;1350.0
6279;6;2;23-06-2028;11;5500.0
6280;3;3;13-07-2027;5;1500.0
6281;3;12;22-11-2030;12;120.0
6282;5;2;28-06-2029;13;6500.0
6283;3;7;25-07-2027;5;450.0
6284;5;1;13-11-2026;7;5600.0
6285;2;8;13-08-2029;6;240.0
6286;4;6;07-03-2027;9;1620.0
6287;6;5;12-04-2030;11;220.0
6288;6;2;14-09-2026;14;7000.0
6289;1;4;01-06-2030;10;100.0
6290;5;8;09-07-2029;9;360.0
6291;4;5;12-09-2028;13;260.0
6292;1;2;28-11-2027;15;7500.0
6293;4;5;16-11-2028;6;120.0
6294;2;4;18-06-2030;10;100.0
6295;3;9;13-04-2028;6;900.0
6296;5;9;28-04-2029;14;2100.0
6297;2;12;20-03-2028;15;150.0
6298;6;4;02-07-2028;13;130.0
6299;4;1;23-03-2026;11;8800.0
6300;3;2;19-02-2030;7;3500.0
6301;4;4;04-01-2027;13;130.0
6302;6;8;10-07-2030;7;280.0
6303;5;10;28-03-2027;12;540.0
6304;1;4;25-06-2027;12;120.0
6305;5;4;25-09-2030;7;70.0
6306;1;1;03-05-2030;8;6400.0
6307;6;4;12-01-2030;5;50.0
6308;1;11;05-10-2030;15;1050.0
6309;5;3;16-11-2028;7;2100.0
6310;3;4;01-03-2028;7;70.0
6311;3;7;01-02-2028;10;900.0
6312;5;11;04-02-2028;9;630.0
6313;5;7;10-05-2026;14;1260.0
6314;2;2;17-11-2027;14;7000.0
6315;6;9;09-03-2026;14;2100.0
6316;1;10;04-09-2029;12;540.0
6317;1;11;10-06-2026;6;420.0
6318;1;6;19-12-2028;11;1980.0
6319;6;7;12-06-2027;12;1080.0
6320;6;6;18-07-2029;7;1260.0
6321;4;3;11-11-2029;15;4500.0
6322;6;1;06-10-2028;5;4000.0
6323;1;10;11-05-2030;9;405.0
6324;6;7;24-11-2027;11;990.0
6325;5;4;23-07-2030;6;60.0
6326;3;5;12-04-2027;11;220.0
6327;5;4;25-05-2030;9;90.0
6328;5;1;23-07-2029;11;8800.0
6329;2;11;24-01-2028;8;560.0
6330;2;7;08-03-2030;9;810.0
6331;3;10;28-05-2027;12;540.0
6332;2;2;17-01-2028;15;7500.0
6333;3;4;24-02-2029;13;130.0
6334;1;2;23-10-2028;9;4500.0
6335;3;11;03-07-2030;6;420.0
6336;5;11;15-06-2030;13;910.0
6337;6;10;19-05-2030;12;540.0
6338;2;2;09-09-2028;5;2500.0
6339;1;12;26-04-2027;11;110.0
6340;4;12;29-10-2029;10;100.0
6341;5;1;19-06-2028;14;11200.0
6342;1;10;16-08-2028;9;405.0
6343;1;8;19-02-2028;9;360.0
6344;6;12;27-01-2030;7;70.0
6345;5;2;19-08-2026;14;7000.0
6346;1;4;12-05-2030;7;70.0
6347;1;4;21-04-2028;6;60.0
6348;2;3;15-11-2030;5;1500.0
6349;6;11;14-08-2026;7;490.0
6350;3;1;04-11-2027;13;10400.0
6351;2;1;02-10-2026;7;5600.0
6352;2;11;31-05-2026;13;910.0
6353;2;8;23-12-2027;9;360.0
6354;5;2;06-08-2029;13;6500.0
6355;2;8;09-12-2030;6;240.0
6356;4;1;03-10-2029;8;6400.0
6357;3;10;20-04-2029;7;315.0
6358;5;1;21-05-2026;15;12000.0
6359;5;7;19-06-2026;13;1170.0
6360;3;1;11-09-2030;7;5600.0
6361;1;11;11-02-2028;8;560.0
6362;6;10;26-12-2030;12;540.0
6363;2;12;17-09-2030;15;150.0
6364;6;12;26-04-2030;9;90.0
6365;1;11;21-09-2026;6;420.0
6366;5;5;03-06-2029;7;140.0
6367;5;11;25-02-2030;13;910.0
6368;1;11;03-09-2030;7;490.0
6369;4;6;01-09-2029;9;1620.0
6370;3;3;14-01-2030;5;1500.0
6371;6;7;05-08-2028;5;450.0
6372;5;7;18-02-2027;12;1080.0
6373;2;2;06-10-2026;5;2500.0
6374;1;6;23-02-2028;11;1980.0
6375;5;2;21-06-2027;9;4500.0
6376;2;12;15-03-2030;8;80.0
6377;6;9;24-11-2028;9;1350.0
6378;2;1;11-01-2027;7;5600.0
6379;3;10;07-11-2030;5;225.0
6380;2;3;12-06-2028;14;4200.0
6381;3;11;24-07-2026;7;490.0
6382;1;3;24-08-2027;10;3000.0
6383;2;7;07-04-2030;6;540.0
6384;3;5;29-06-2029;5;100.0
6385;2;1;23-06-2027;13;10400.0
6386;3;1;09-05-2029;11;8800.0
6387;5;5;16-08-2029;10;200.0
6388;4;11;25-06-2030;10;700.0
6389;2;9;08-09-2027;8;1200.0
6390;6;9;21-06-2026;13;1950.0
6391;6;9;20-04-2028;12;1800.0
6392;5;5;25-07-2029;11;220.0
6393;2;5;06-10-2030;12;240.0
6394;1;10;18-04-2030;12;540.0
6395;3;12;18-02-2028;6;60.0
6396;6;10;24-11-2030;6;270.0
6397;5;7;24-02-2029;10;900.0
6398;3;8;04-11-2029;9;360.0
6399;6;6;17-10-2026;7;1260.0
6400;4;1;20-08-2026;13;10400.0
6401;4;6;16-12-2030;7;1260.0
6402;2;11;02-02-2029;10;700.0
6403;6;8;03-08-2028;9;360.0
6404;1;2;09-04-2028;14;7000.0
6405;6;3;31-12-2026;11;3300.0
6406;5;4;25-06-2026;10;100.0
6407;1;4;04-04-2027;5;50.0
6408;4;5;15-04-2027;6;120.0
6409;1;4;02-06-2028;15;150.0
6410;4;4;23-09-2026;6;60.0
6411;3;5;08-12-2028;6;120.0
6412;6;11;09-05-2030;9;630.0
6413;3;1;22-06-2030;10;8000.0
6414;2;6;07-07-2026;9;1620.0
6415;4;8;28-01-2029;11;440.0
6416;3;10;10-07-2027;12;540.0
6417;3;6;02-06-2027;15;2700.0
6418;5;5;26-11-2026;5;100.0
6419;5;2;25-06-2026;13;6500.0
6420;4;6;30-06-2030;12;2160.0
6421;1;3;22-09-2028;15;4500.0
6422;1;2;15-07-2029;10;5000.0
6423;6;9;13-05-2030;8;1200.0
6424;4;1;25-10-2028;10;8000.0
6425;5;9;12-09-2027;9;1350.0
6426;6;1;09-06-2027;9;7200.0
6427;4;11;25-02-2026;10;700.0
6428;6;6;07-05-2027;14;2520.0
6429;5;8;27-04-2026;7;280.0
6430;6;2;14-11-2026;8;4000.0
6431;3;11;03-11-2028;9;630.0
6432;5;12;06-10-2028;13;130.0
6433;3;9;24-08-2026;10;1500.0
6434;4;4;03-08-2026;11;110.0
6435;3;11;06-01-2030;13;910.0
6436;1;9;10-10-2029;5;750.0
6437;1;10;31-10-2028;7;315.0
6438;5;10;10-12-2026;5;225.0
6439;4;7;05-03-2029;9;810.0
6440;2;7;28-04-2028;7;630.0
6441;5;2;27-07-2027;8;4000.0
6442;4;8;03-08-2029;5;200.0
6443;2;12;24-09-2026;9;90.0
6444;2;11;23-07-2027;9;630.0
6445;5;7;20-12-2026;7;630.0
6446;2;11;27-10-2027;10;700.0
6447;6;5;14-02-2029;13;260.0
6448;6;7;27-09-2027;15;1350.0
6449;5;12;20-03-2026;7;70.0
6450;3;2;12-05-2026;5;2500.0
6451;1;8;14-10-2030;7;280.0
6452;3;8;14-03-2026;10;400.0
6453;3;8;11-08-2027;7;280.0
6454;5;9;15-04-2027;14;2100.0
6455;2;6;10-04-2027;15;2700.0
6456;4;9;18-09-2030;15;2250.0
6457;3;11;16-06-2026;7;490.0
6458;5;11;15-05-2028;7;490.0
6459;3;1;28-01-2029;13;10400.0
6460;1;3;12-12-2028;15;4500.0
6461;4;8;07-11-2027;6;240.0
6462;1;1;31-05-2029;9;7200.0
6463;2;6;04-06-2030;13;2340.0
6464;1;4;04-05-2028;10;100.0
6465;3;4;15-10-2026;5;50.0
6466;6;8;29-12-2030;7;280.0
6467;3;3;08-04-2028;8;2400.0
6468;6;11;02-08-2028;9;630.0
6469;6;10;04-08-2029;11;495.0
6470;6;12;14-03-2028;7;70.0
6471;6;11;06-12-2028;13;910.0
6472;6;10;13-10-2030;5;225.0
6473;5;12;11-08-2027;7;70.0
6474;5;3;07-11-2029;6;1800.0
6475;5;1;19-03-2030;5;4000.0
6476;4;7;20-09-2029;6;540.0
6477;1;7;03-11-2029;8;720.0
6478;6;4;04-08-2030;7;70.0
6479;5;12;04-02-2030;15;150.0
6480;1;7;16-11-2026;5;450.0
6481;6;9;17-06-2026;10;1500.0
6482;5;8;24-03-2026;13;520.0
6483;5;8;02-09-2028;10;400.0
6484;4;10;28-11-2029;6;270.0
6485;1;4;18-08-2029;6;60.0
6486;1;7;01-12-2027;10;900.0
6487;5;1;13-07-2030;11;8800.0
6488;2;9;03-12-2027;6;900.0
6489;6;2;15-04-2030;9;4500.0
6490;3;5;20-03-2026;14;280.0
6491;5;10;30-11-2027;6;270.0
6492;4;5;21-07-2026;15;300.0
6493;4;1;22-09-2026;7;5600.0
6494;4;6;30-05-2026;8;1440.0
6495;6;3;16-03-2030;8;2400.0
6496;2;6;02-04-2027;12;2160.0
6497;5;2;27-03-2028;5;2500.0
6498;4;2;21-08-2030;15;7500.0
6499;3;2;03-05-2029;7;3500.0
6500;3;7;15-03-2030;11;990.0
6501;4;8;20-07-2028;8;320.0
6502;5;10;25-11-2029;9;405.0
6503;4;6;26-08-2030;10;1800.0
6504;2;1;29-06-2029;10;8000.0
6505;2;7;15-10-2027;10;900.0
6506;1;12;07-02-2027;10;100.0
6507;3;12;27-12-2029;6;60.0
6508;6;6;23-12-2026;10;1800.0
6509;4;10;12-10-2027;13;585.0
6510;4;4;17-07-2026;9;90.0
6511;1;8;13-09-2030;12;480.0
6512;5;7;28-01-2029;12;1080.0
6513;1;8;04-09-2029;15;600.0
6514;6;1;29-07-2026;14;11200.0
6515;6;3;23-12-2029;11;3300.0
6516;1;1;11-09-2029;13;10400.0
6517;4;8;31-01-2030;14;560.0
6518;5;2;22-04-2028;7;3500.0
6519;1;5;29-08-2028;13;260.0
6520;5;6;13-05-2029;8;1440.0
6521;5;8;14-06-2026;15;600.0
6522;4;9;10-01-2029;11;1650.0
6523;6;3;05-07-2029;13;3900.0
6524;1;9;18-03-2028;14;2100.0
6525;5;1;15-04-2030;8;6400.0
6526;6;9;15-12-2028;7;1050.0
6527;6;5;22-01-2027;7;140.0
6528;4;6;20-08-2030;14;2520.0
6529;3;3;14-12-2028;13;3900.0
6530;3;10;24-03-2026;11;495.0
6531;2;3;25-05-2028;11;3300.0
6532;4;1;16-08-2030;13;10400.0
6533;5;7;06-05-2026;13;1170.0
6534;6;1;20-07-2028;13;10400.0
6535;1;3;26-01-2027;14;4200.0
6536;1;9;12-07-2029;12;1800.0
6537;4;7;21-09-2026;12;1080.0
6538;4;4;06-09-2029;9;90.0
6539;1;10;08-01-2029;13;585.0
6540;4;2;02-10-2029;11;5500.0
6541;1;7;30-07-2029;15;1350.0
6542;2;6;17-05-2027;14;2520.0
6543;1;1;09-09-2030;13;10400.0
6544;4;2;21-04-2028;15;7500.0
6545;1;1;22-12-2030;14;11200.0
6546;6;4;22-06-2027;11;110.0
6547;1;1;22-04-2027;10;8000.0
6548;2;3;26-11-2028;8;2400.0
6549;4;2;26-01-2030;6;3000.0
6550;2;6;28-06-2029;14;2520.0
6551;2;11;06-07-2027;14;980.0
6552;4;12;13-05-2027;15;150.0
6553;4;5;12-08-2026;15;300.0
6554;1;10;06-03-2029;7;315.0
6555;5;6;31-03-2030;15;2700.0
6556;4;3;21-09-2026;5;1500.0
6557;5;12;29-04-2026;14;140.0
6558;1;9;28-10-2027;15;2250.0
6559;3;7;16-11-2030;11;990.0
6560;3;9;24-04-2030;9;1350.0
6561;6;5;30-10-2026;12;240.0
6562;5;8;17-08-2029;7;280.0
6563;2;1;29-10-2027;15;12000.0
6564;3;1;28-08-2029;9;7200.0
6565;5;5;02-12-2028;6;120.0
6566;4;11;04-10-2029;15;1050.0
6567;5;12;16-01-2027;15;150.0
6568;4;9;10-07-2030;13;1950.0
6569;3;3;29-06-2028;12;3600.0
6570;1;3;12-12-2026;12;3600.0
6571;1;11;27-07-2028;13;910.0
6572;4;7;29-08-2029;14;1260.0
6573;6;1;20-12-2026;13;10400.0
6574;1;11;04-06-2026;13;910.0
6575;6;2;19-09-2028;15;7500.0
6576;2;8;13-09-2029;9;360.0
6577;5;12;08-08-2027;11;110.0
6578;3;4;01-09-2030;8;80.0
6579;4;3;11-10-2028;5;1500.0
6580;2;8;03-06-2026;7;280.0
6581;4;1;05-10-2030;5;4000.0
6582;3;5;30-06-2030;13;260.0
6583;4;4;24-04-2029;14;140.0
6584;5;6;31-03-2029;10;1800.0
6585;6;1;04-09-2028;15;12000.0
6586;3;1;23-08-2030;11;8800.0
6587;6;3;06-03-2026;11;3300.0
6588;6;9;02-09-2027;11;1650.0
6589;2;10;06-09-2027;15;675.0
6590;3;1;07-08-2026;14;11200.0
6591;2;5;22-06-2026;14;280.0
6592;4;4;26-09-2028;8;80.0
6593;5;9;23-08-2027;5;750.0
6594;3;2;24-11-2028;10;5000.0
6595;5;6;07-11-2029;8;1440.0
6596;5;5;22-03-2030;14;280.0
6597;2;1;08-08-2030;5;4000.0
6598;2;12;20-11-2028;5;50.0
6599;6;4;17-05-2029;14;140.0
6600;2;7;08-08-2027;13;1170.0
6601;2;3;27-09-2027;13;3900.0
6602;4;12;02-07-2029;8;80.0
6603;6;3;04-03-2028;15;4500.0
6604;1;5;04-12-2028;5;100.0
6605;2;4;25-07-2027;14;140.0
6606;5;12;25-04-2028;6;60.0
6607;5;3;01-07-2029;6;1800.0
6608;4;10;14-11-2028;10;450.0
6609;5;8;06-05-2030;13;520.0
6610;2;4;01-06-2028;11;110.0
6611;2;9;11-03-2029;8;1200.0
6612;6;1;28-12-2028;6;4800.0
6613;3;9;19-10-2028;9;1350.0
6614;6;6;23-11-2026;5;900.0
6615;6;6;02-02-2029;7;1260.0
6616;1;4;28-05-2030;10;100.0
6617;1;6;25-09-2030;15;2700.0
6618;3;6;01-08-2030;6;1080.0
6619;1;2;13-07-2028;9;4500.0
6620;4;10;14-09-2029;14;630.0
6621;3;4;01-01-2030;9;90.0
6622;6;9;25-05-2030;9;1350.0
6623;1;11;26-04-2028;11;770.0
6624;2;10;09-10-2030;13;585.0
6625;6;3;10-06-2027;15;4500.0
6626;6;4;15-05-2029;13;130.0
6627;6;2;07-06-2027;9;4500.0
6628;1;4;30-07-2026;13;130.0
6629;3;10;01-08-2027;5;225.0
6630;5;7;28-03-2027;7;630.0
6631;5;5;21-07-2029;13;260.0
6632;4;3;12-04-2029;9;2700.0
6633;6;12;01-04-2027;6;60.0
6634;6;1;03-11-2029;9;7200.0
6635;6;11;02-11-2029;11;770.0
6636;5;1;04-07-2030;5;4000.0
6637;6;5;01-12-2028;9;180.0
6638;5;3;11-10-2030;14;4200.0
6639;3;2;15-10-2026;10;5000.0
6640;4;11;31-08-2026;5;350.0
6641;3;4;21-03-2030;9;90.0
6642;3;12;29-03-2030;10;100.0
6643;5;8;24-02-2028;8;320.0
6644;6;8;24-02-2030;6;240.0
6645;2;8;28-08-2029;10;400.0
6646;6;5;18-01-2030;12;240.0
6647;6;1;13-06-2028;12;9600.0
6648;6;12;06-08-2027;15;150.0
6649;2;4;18-05-2030;7;70.0
6650;6;12;10-10-2026;13;130.0
6651;6;1;01-04-2027;15;12000.0
6652;1;12;11-08-2030;9;90.0
6653;2;3;19-07-2026;10;3000.0
6654;6;5;04-05-2026;9;180.0
6655;3;4;01-01-2027;13;130.0
6656;3;6;04-08-2028;11;1980.0
6657;3;5;30-03-2030;6;120.0
6658;3;1;09-04-2029;9;7200.0
6659;5;12;15-01-2029;14;140.0
6660;4;1;24-05-2027;11;8800.0
6661;3;12;01-06-2029;10;100.0
6662;2;10;21-10-2028;10;450.0
6663;6;3;07-09-2027;12;3600.0
6664;2;10;02-09-2028;6;270.0
6665;1;6;23-08-2026;12;2160.0
6666;1;11;06-07-2029;9;630.0
6667;3;9;20-06-2028;9;1350.0
6668;4;6;11-01-2028;15;2700.0
6669;5;6;19-11-2029;13;2340.0
6670;6;4;02-11-2026;10;100.0
6671;1;7;26-04-2026;8;720.0
6672;2;8;10-03-2028;8;320.0
6673;2;9;12-08-2029;7;1050.0
6674;5;4;18-10-2029;10;100.0
6675;6;5;17-02-2029;15;300.0
6676;4;1;25-01-2029;12;9600.0
6677;3;6;12-09-2026;5;900.0
6678;3;9;28-03-2028;10;1500.0
6679;3;5;06-03-2026;5;100.0
6680;6;2;02-09-2030;12;6000.0
6681;5;4;02-01-2029;6;60.0
6682;2;9;09-06-2028;11;1650.0
6683;6;9;07-01-2030;6;900.0
6684;4;6;27-04-2030;11;1980.0
6685;4;2;24-11-2028;5;2500.0
6686;1;9;25-06-2027;15;2250.0
6687;3;10;18-06-2029;11;495.0
6688;5;12;14-07-2028;12;120.0
6689;5;5;30-09-2028;12;240.0
6690;2;4;30-03-2028;15;150.0
6691;1;12;28-02-2029;15;150.0
6692;2;1;18-05-2027;11;8800.0
6693;4;5;11-12-2028;9;180.0
6694;4;3;16-08-2029;14;4200.0
6695;3;2;20-08-2029;14;7000.0
6696;2;6;22-12-2028;6;1080.0
6697;1;7;19-10-2030;8;720.0
6698;3;9;26-07-2028;8;1200.0
6699;3;4;26-07-2030;9;90.0
6700;4;10;10-04-2027;12;540.0
6701;3;12;25-06-2027;5;50.0
6702;6;6;17-05-2027;5;900.0
6703;5;11;01-12-2028;15;1050.0
6704;2;6;27-01-2030;12;2160.0
6705;1;7;29-09-2030;14;1260.0
6706;6;9;13-03-2030;11;1650.0
6707;5;3;30-04-2028;12;3600.0
6708;5;1;05-02-2028;13;10400.0
6709;1;2;16-05-2029;6;3000.0
6710;1;7;23-08-2028;13;1170.0
6711;4;8;11-08-2029;13;520.0
6712;1;10;15-06-2028;5;225.0
6713;1;11;20-09-2027;8;560.0
6714;2;5;20-09-2029;15;300.0
6715;6;6;30-03-2027;8;1440.0
6716;6;2;30-09-2029;12;6000.0
6717;6;7;20-08-2026;11;990.0
6718;6;7;20-09-2028;12;1080.0
6719;3;8;12-11-2028;10;400.0
6720;6;12;31-07-2028;5;50.0
6721;1;1;21-10-2026;6;4800.0
6722;3;10;02-04-2028;7;315.0
6723;2;8;30-12-2027;6;240.0
6724;2;4;15-04-2029;13;130.0
6725;1;4;15-11-2030;9;90.0
6726;5;5;09-12-2026;6;120.0
6727;5;3;08-04-2027;13;3900.0
6728;3;4;14-09-2027;12;120.0
6729;5;12;03-11-2030;13;130.0
6730;2;9;11-05-2028;6;900.0
6731;5;2;23-08-2026;7;3500.0
6732;3;8;27-11-2026;15;600.0
6733;6;3;01-04-2026;12;3600.0
6734;2;6;27-01-2028;14;2520.0
6735;2;3;24-11-2026;8;2400.0
6736;3;6;06-09-2028;9;1620.0
6737;5;8;15-09-2028;8;320.0
6738;3;4;28-12-2030;14;140.0
6739;2;5;14-01-2029;6;120.0
6740;2;5;30-04-2028;9;180.0
6741;3;5;10-09-2027;13;260.0
6742;4;7;28-02-2028;5;450.0
6743;5;4;05-03-2028;12;120.0
6744;4;5;17-02-2029;11;220.0
6745;1;12;18-02-2030;6;60.0
6746;1;2;08-10-2028;7;3500.0
6747;3;6;27-01-2028;5;900.0
6748;2;8;23-06-2027;13;520.0
6749;5;4;27-10-2029;14;140.0
6750;4;9;17-02-2029;11;1650.0
6751;6;11;18-12-2027;13;910.0
6752;5;10;04-04-2028;12;540.0
6753;5;2;28-09-2030;11;5500.0
6754;3;8;07-03-2030;15;600.0
6755;5;6;01-02-2027;9;1620.0
6756;6;7;23-07-2029;12;1080.0
6757;4;4;16-07-2030;7;70.0
6758;4;10;01-02-2030;15;675.0
6759;1;10;12-08-2028;5;225.0
6760;1;2;19-05-2029;10;5000.0
6761;4;3;12-10-2030;6;1800.0
6762;1;7;20-11-2027;15;1350.0
6763;6;11;02-08-2027;14;980.0
6764;4;5;23-05-2030;9;180.0
6765;5;4;08-10-2026;15;150.0
6766;3;10;27-11-2026;12;540.0
6767;1;11;14-04-2028;11;770.0
6768;6;2;12-02-2028;13;6500.0
6769;6;1;24-05-2027;14;11200.0
6770;3;9;14-04-2027;12;1800.0
6771;5;1;20-10-2030;6;4800.0
6772;1;7;06-10-2029;5;450.0
6773;4;1;12-01-2027;11;8800.0
6774;1;1;05-11-2028;5;4000.0
6775;5;4;05-10-2026;6;60.0
6776;3;10;28-10-2027;15;675.0
6777;4;2;10-04-2027;12;6000.0
6778;5;9;14-05-2030;10;1500.0
6779;5;5;05-06-2027;12;240.0
6780;5;9;18-07-2030;7;1050.0
6781;1;5;16-09-2030;15;300.0
6782;6;9;03-06-2027;11;1650.0
6783;5;11;17-12-2029;5;350.0
6784;6;7;18-04-2028;9;810.0
6785;1;12;15-12-2030;14;140.0
6786;6;12;07-10-2028;12;120.0
6787;1;1;21-12-2029;13;10400.0
6788;6;5;21-10-2030;5;100.0
6789;6;9;11-05-2030;8;1200.0
6790;3;5;13-11-2030;12;240.0
6791;3;1;07-04-2026;15;12000.0
6792;4;3;08-12-2029;13;3900.0
6793;1;12;13-07-2027;15;150.0
6794;5;9;02-01-2028;11;1650.0
6795;2;1;18-09-2028;7;5600.0
6796;4;7;15-08-2027;8;720.0
6797;1;3;22-05-2029;12;3600.0
6798;1;6;21-08-2029;11;1980.0
6799;4;10;09-03-2026;7;315.0
6800;1;1;25-11-2027;6;4800.0
6801;1;11;18-06-2030;5;350.0
6802;3;3;22-06-2027;7;2100.0
6803;2;6;16-05-2027;10;1800.0
6804;4;2;22-08-2026;11;5500.0
6805;6;3;31-12-2029;9;2700.0
6806;1;5;28-06-2026;5;100.0
6807;1;3;28-03-2030;15;4500.0
6808;5;11;30-05-2026;7;490.0
6809;1;10;14-05-2026;11;495.0
6810;5;1;06-03-2027;8;6400.0
6811;4;10;25-10-2028;11;495.0
6812;5;10;10-01-2030;15;675.0
6813;3;12;22-07-2029;9;90.0
6814;6;8;15-06-2030;8;320.0
6815;4;8;12-02-2029;8;320.0
6816;5;11;17-10-2030;15;1050.0
6817;6;9;04-07-2026;11;1650.0
6818;6;1;30-09-2029;7;5600.0
6819;6;1;19-12-2028;6;4800.0
6820;2;12;14-07-2028;12;120.0
6821;2;10;20-03-2030;9;405.0
6822;5;11;06-10-2030;11;770.0
6823;2;12;07-12-2026;15;150.0
6824;4;10;06-07-2027;15;675.0
6825;6;2;08-03-2027;8;4000.0
6826;2;1;13-02-2027;11;8800.0
6827;1;2;08-02-2030;7;3500.0
6828;1;11;16-04-2027;8;560.0
6829;3;10;20-11-2029;7;315.0
6830;4;5;13-11-2028;10;200.0
6831;6;3;05-06-2027;13;3900.0
6832;2;3;31-07-2028;9;2700.0
6833;2;11;18-03-2029;9;630.0
6834;2;8;06-11-2026;6;240.0
6835;4;4;03-11-2029;8;80.0
6836;3;12;11-01-2028;15;150.0
6837;3;9;05-08-2030;5;750.0
6838;6;9;01-02-2027;13;1950.0
6839;2;8;16-06-2030;7;280.0
6840;2;3;13-05-2029;6;1800.0
6841;6;8;19-08-2028;5;200.0
6842;5;8;29-05-2030;13;520.0
6843;5;5;17-04-2026;14;280.0
6844;1;10;05-04-2028;12;540.0
6845;2;4;23-10-2027;8;80.0
6846;5;8;01-11-2029;8;320.0
6847;1;6;17-08-2030;5;900.0
6848;6;9;11-04-2029;7;1050.0
6849;6;2;20-02-2026;11;5500.0
6850;2;10;31-12-2028;5;225.0
6851;4;5;14-06-2026;9;180.0
6852;4;5;06-05-2028;12;240.0
6853;3;12;17-03-2029;7;70.0
6854;4;7;28-03-2028;11;990.0
6855;4;2;07-04-2027;8;4000.0
6856;1;6;17-11-2026;15;2700.0
6857;4;12;24-02-2029;5;50.0
6858;6;12;08-06-2029;7;70.0
6859;3;5;11-06-2027;13;260.0
6860;5;6;06-04-2029;5;900.0
6861;3;4;18-09-2027;12;120.0
6862;5;10;25-03-2030;5;225.0
6863;4;12;22-03-2030;5;50.0
6864;1;9;12-10-2027;13;1950.0
6865;5;7;23-12-2027;12;1080.0
6866;5;5;09-07-2027;5;100.0
6867;5;4;30-08-2027;6;60.0
6868;6;1;02-06-2028;5;4000.0
6869;4;2;04-10-2027;5;2500.0
6870;2;7;23-08-2030;9;810.0
6871;5;4;01-07-2026;12;120.0
6872;2;11;30-07-2026;7;490.0
6873;4;8;30-12-2030;9;360.0
6874;5;10;22-08-2029;10;450.0
6875;3;3;08-07-2026;10;3000.0
6876;5;6;23-09-2030;6;1080.0
6877;4;4;15-11-2027;12;120.0
6878;3;7;01-06-2026;13;1170.0
6879;1;12;25-12-2027;10;100.0
6880;2;9;04-04-2026;9;1350.0
6881;2;1;09-04-2029;13;10400.0
6882;3;4;07-02-2029;5;50.0
6883;3;9;27-03-2028;6;900.0
6884;1;10;28-03-2027;6;270.0
6885;3;8;01-12-2029;12;480.0
6886;5;1;28-11-2027;12;9600.0
6887;6;12;23-09-2027;7;70.0
6888;3;5;17-08-2026;11;220.0
6889;3;7;17-05-2030;5;450.0
6890;2;1;06-11-2026;15;12000.0
6891;5;6;23-07-2027;10;1800.0
6892;2;8;19-11-2026;9;360.0
6893;1;1;30-07-2028;13;10400.0
6894;6;9;07-10-2030;5;750.0
6895;2;9;30-09-2026;15;2250.0
6896;4;10;01-03-2028;10;450.0
6897;5;6;11-10-2030;13;2340.0
6898;2;9;03-05-2030;12;1800.0
6899;1;3;07-05-2028;7;2100.0
6900;3;1;02-07-2028;13;10400.0
6901;5;4;01-04-2030;11;110.0
6902;3;6;14-06-2026;14;2520.0
6903;1;1;10-07-2028;5;4000.0
6904;5;6;06-10-2026;5;900.0
6905;6;7;14-06-2030;5;450.0
6906;1;2;01-07-2029;6;3000.0
6907;1;8;06-03-2029;9;360.0
6908;1;6;04-07-2028;6;1080.0
6909;2;7;05-04-2027;7;630.0
6910;4;6;14-05-2026;13;2340.0
6911;3;4;23-11-2028;13;130.0
6912;5;4;31-03-2028;15;150.0
6913;1;9;03-08-2026;9;1350.0
6914;5;3;29-03-2028;9;2700.0
6915;6;12;11-09-2027;10;100.0
6916;2;9;20-10-2028;11;1650.0
6917;6;7;13-10-2030;10;900.0
6918;6;9;02-04-2027;6;900.0
6919;5;10;22-04-2027;9;405.0
6920;4;2;05-02-2027;7;3500.0
6921;3;8;24-11-2026;14;560.0
6922;6;4;13-05-2030;13;130.0
6923;5;6;06-02-2028;7;1260.0
6924;1;1;28-09-2029;9;7200.0
6925;3;10;10-03-2026;10;450.0
6926;4;9;30-03-2029;12;1800.0
6927;6;1;04-07-2029;7;5600.0
6928;2;3;25-03-2027;5;1500.0
6929;6;12;06-04-2028;8;80.0
6930;6;5;18-05-2028;5;100.0
6931;6;11;11-06-2029;11;770.0
6932;5;4;11-09-2029;15;150.0
6933;5;8;22-04-2030;13;520.0
6934;3;6;15-03-2026;6;1080.0
6935;6;1;27-09-2027;8;6400.0
6936;1;8;08-07-2030;14;560.0
6937;5;4;08-01-2029;12;120.0
6938;5;6;15-04-2026;13;2340.0
6939;5;1;01-05-2030;15;12000.0
6940;2;9;04-10-2029;10;1500.0
6941;3;3;07-01-2030;6;1800.0
6942;4;6;04-06-2026;13;2340.0
6943;3;6;18-09-2030;9;1620.0
6944;4;9;24-12-2030;13;1950.0
6945;6;6;07-02-2028;8;1440.0
6946;3;4;19-04-2029;13;130.0
6947;4;9;08-11-2030;8;1200.0
6948;4;2;05-12-2028;6;3000.0
6949;2;7;22-05-2027;8;720.0
6950;2;10;04-04-2030;13;585.0
6951;1;10;11-04-2030;6;270.0
6952;4;10;29-04-2029;7;315.0
6953;6;7;04-08-2030;8;720.0
6954;1;7;03-09-2028;10;900.0
6955;1;8;27-04-2027;10;400.0
6956;6;4;23-03-2027;10;100.0
6957;6;1;26-02-2027;13;10400.0
6958;3;7;13-06-2028;12;1080.0
6959;3;1;04-12-2027;15;12000.0
6960;6;1;15-10-2026;9;7200.0
6961;3;11;24-10-2030;15;1050.0
6962;5;6;07-03-2027;9;1620.0
6963;4;8;13-07-2028;11;440.0
6964;2;8;24-06-2028;11;440.0
6965;3;11;09-06-2028;6;420.0
6966;5;3;18-08-2027;10;3000.0
6967;5;11;22-06-2027;10;700.0
6968;5;7;23-02-2029;8;720.0
6969;5;9;24-10-2030;9;1350.0
6970;2;7;12-07-2026;10;900.0
6971;5;6;18-09-2026;15;2700.0
6972;1;1;14-09-2028;6;4800.0
6973;1;1;04-10-2027;5;4000.0
6974;3;10;27-05-2028;10;450.0
6975;3;4;05-05-2026;5;50.0
6976;1;6;05-04-2028;12;2160.0
6977;6;7;02-04-2026;6;540.0
6978;6;11;21-03-2027;11;770.0
6979;2;12;19-01-2029;10;100.0
6980;4;10;11-05-2029;7;315.0
6981;5;10;16-12-2029;13;585.0
6982;2;5;19-05-2030;12;240.0
6983;5;5;13-02-2027;12;240.0
6984;1;9;16-04-2029;8;1200.0
6985;2;9;19-06-2030;8;1200.0
6986;1;6;07-01-2030;10;1800.0
6987;6;5;08-11-2028;7;140.0
6988;4;6;28-09-2027;7;1260.0
6989;3;7;04-12-2030;9;810.0
6990;1;12;23-04-2026;11;110.0
6991;6;4;16-11-2028;14;140.0
6992;6;5;26-05-2028;13;260.0
6993;6;9;20-04-2028;8;1200.0
6994;3;8;20-08-2026;5;200.0
6995;5;1;11-04-2026;15;12000.0
6996;2;11;06-04-2028;10;700.0
6997;1;1;24-07-2026;15;12000.0
6998;3;2;30-05-2027;13;6500.0
6999;4;10;27-11-2026;7;315.0
7000;6;10;16-03-2030;6;270.0
7001;5;1;20-09-2030;14;11200.0
7002;1;12;29-01-2030;9;90.0
7003;3;9;23-03-2027;12;1800.0
7004;1;5;23-07-2026;14;280.0
7005;2;9;18-01-2029;14;2100.0
7006;1;5;19-12-2026;5;100.0
7007;5;11;10-11-2029;15;1050.0
7008;6;3;05-11-2026;7;2100.0
7009;3;12;10-10-2026;11;110.0
7010;5;1;20-06-2029;5;4000.0
7011;4;4;11-09-2030;15;150.0
7012;3;11;28-01-2029;6;420.0
7013;4;8;03-11-2029;7;280.0
7014;1;4;03-09-2027;12;120.0
7015;2;4;18-04-2026;10;100.0
7016;2;9;05-07-2027;9;1350.0
7017;2;11;16-07-2026;12;840.0
7018;4;7;20-11-2029;12;1080.0
7019;4;3;14-11-2026;14;4200.0
7020;1;8;21-09-2030;15;600.0
7021;1;5;21-07-2030;11;220.0
7022;2;11;09-05-2026;12;840.0
7023;5;5;02-05-2028;8;160.0
7024;2;11;18-08-2030;9;630.0
7025;5;10;24-02-2027;15;675.0
7026;1;8;18-01-2027;7;280.0
7027;6;9;30-07-2027;11;1650.0
7028;1;4;07-04-2030;7;70.0
7029;6;8;11-01-2027;12;480.0
7030;6;8;06-03-2027;12;480.0
7031;6;9;04-06-2026;13;1950.0
7032;1;1;31-07-2028;15;12000.0
7033;4;7;10-01-2029;5;450.0
7034;4;8;07-08-2026;9;360.0
7035;2;1;14-03-2027;7;5600.0
7036;3;10;15-10-2026;14;630.0
7037;4;5;10-07-2030;5;100.0
7038;6;12;10-02-2030;15;150.0
7039;3;2;28-06-2028;9;4500.0
7040;1;2;16-09-2028;8;4000.0
7041;6;7;01-07-2030;5;450.0
7042;2;7;24-12-2029;14;1260.0
7043;4;1;20-10-2026;15;12000.0
7044;6;8;10-08-2030;10;400.0
7045;4;7;11-01-2028;15;1350.0
7046;5;6;04-09-2026;10;1800.0
7047;6;6;11-04-2028;12;2160.0
7048;2;8;07-08-2026;11;440.0
7049;4;11;16-05-2028;5;350.0
7050;3;4;06-02-2030;13;130.0
7051;2;10;13-06-2028;14;630.0
7052;4;1;12-07-2029;11;8800.0
7053;6;4;13-04-2026;10;100.0
7054;1;6;25-08-2030;5;900.0
7055;1;11;15-03-2029;8;560.0
7056;1;5;18-10-2026;12;240.0
7057;3;3;01-04-2029;6;1800.0
7058;1;9;23-01-2029;10;1500.0
7059;5;9;17-01-2029;7;1050.0
7060;4;3;18-07-2027;5;1500.0
7061;1;5;16-10-2029;6;120.0
7062;1;12;08-01-2028;14;140.0
7063;6;11;21-07-2027;15;1050.0
7064;1;3;22-10-2026;15;4500.0
7065;6;1;11-08-2026;15;12000.0
7066;4;8;10-01-2029;11;440.0
7067;4;7;11-04-2026;8;720.0
7068;6;1;07-10-2026;15;12000.0
7069;1;7;28-09-2028;5;450.0
7070;2;3;26-04-2028;12;3600.0
7071;6;10;26-06-2028;11;495.0
7072;3;2;16-08-2030;15;7500.0
7073;5;5;19-06-2027;10;200.0
7074;3;5;17-05-2028;14;280.0
7075;4;7;22-03-2030;15;1350.0
7076;2;2;14-12-2028;5;2500.0
7077;3;12;26-12-2029;14;140.0
7078;1;3;22-05-2029;10;3000.0
7079;4;12;23-01-2028;9;90.0
7080;5;5;25-11-2030;9;180.0
7081;5;6;18-10-2027;5;900.0
7082;4;9;12-10-2026;5;750.0
7083;4;6;14-07-2028;11;1980.0
7084;6;9;09-09-2028;7;1050.0
7085;2;1;04-08-2029;15;12000.0
7086;1;9;17-05-2026;9;1350.0
7087;3;5;31-07-2027;7;140.0
7088;4;2;15-12-2030;14;7000.0
7089;1;3;29-04-2028;9;2700.0
7090;4;12;15-02-2029;6;60.0
7091;4;2;19-10-2027;6;3000.0
7092;6;9;23-04-2027;5;750.0
7093;5;5;21-03-2026;15;300.0
7094;3;11;21-04-2026;5;350.0
7095;6;6;21-11-2029;10;1800.0
7096;5;2;27-02-2027;12;6000.0
7097;3;7;17-09-2029;14;1260.0
7098;2;5;13-03-2027;10;200.0
7099;3;7;02-03-2029;13;1170.0
7100;1;11;29-01-2029;7;490.0
7101;4;3;02-07-2027;15;4500.0
7102;3;12;05-06-2026;11;110.0
7103;5;4;24-04-2027;9;90.0
7104;3;5;15-05-2026;14;280.0
7105;4;9;30-01-2028;11;1650.0
7106;3;9;26-04-2027;9;1350.0
7107;3;10;24-05-2030;12;540.0
7108;3;6;25-07-2026;15;2700.0
7109;1;4;12-04-2026;14;140.0
7110;1;1;24-06-2030;7;5600.0
7111;5;11;13-03-2030;12;840.0
7112;4;5;27-08-2027;12;240.0
7113;1;11;10-10-2027;14;980.0
7114;5;7;13-11-2030;9;810.0
7115;3;6;26-06-2028;11;1980.0
7116;2;11;25-03-2030;12;840.0
7117;2;4;29-09-2029;11;110.0
7118;3;11;30-11-2029;14;980.0
7119;2;12;24-11-2028;6;60.0
7120;4;11;11-06-2030;7;490.0
7121;2;3;06-10-2030;7;2100.0
7122;5;5;05-06-2030;11;220.0
7123;2;10;13-06-2026;13;585.0
7124;2;4;10-08-2028;14;140.0
7125;5;7;11-05-2027;7;630.0
7126;6;3;04-01-2030;6;1800.0
7127;6;5;27-10-2028;12;240.0
7128;4;2;12-09-2027;12;6000.0
7129;6;12;05-01-2028;5;50.0
7130;3;9;04-02-2028;15;2250.0
7131;1;5;26-06-2026;13;260.0
7132;2;8;22-04-2029;6;240.0
7133;5;3;27-10-2026;10;3000.0
7134;2;12;24-09-2030;5;50.0
7135;1;2;12-11-2026;5;2500.0
7136;1;4;24-12-2027;9;90.0
7137;6;10;17-09-2026;11;495.0
7138;2;5;23-05-2027;9;180.0
7139;6;6;05-05-2026;13;2340.0
7140;5;12;27-06-2030;12;120.0
7141;2;5;02-06-2029;15;300.0
7142;2;10;05-07-2027;11;495.0
7143;2;2;17-07-2028;12;6000.0
7144;3;1;23-11-2028;5;4000.0
7145;4;2;07-03-2027;5;2500.0
7146;2;11;25-04-2028;11;770.0
7147;3;4;02-09-2026;13;130.0
7148;5;7;09-12-2027;13;1170.0
7149;1;4;04-10-2030;11;110.0
7150;5;7;11-01-2029;9;810.0
7151;5;12;18-12-2026;14;140.0
7152;3;12;11-04-2030;7;70.0
7153;5;4;27-06-2026;14;140.0
7154;4;5;09-07-2029;7;140.0
7155;1;9;06-03-2030;15;2250.0
7156;5;1;20-08-2028;7;5600.0
7157;2;2;09-07-2027;8;4000.0
7158;5;9;15-11-2026;10;1500.0
7159;3;7;13-12-2029;6;540.0
7160;1;12;29-12-2028;9;90.0
7161;2;2;02-07-2027;15;7500.0
7162;5;4;11-11-2029;5;50.0
7163;3;11;25-05-2030;10;700.0
7164;5;8;26-07-2027;8;320.0
7165;5;11;08-01-2030;7;490.0
7166;3;10;18-04-2029;15;675.0
7167;4;8;19-10-2027;9;360.0
7168;4;6;18-03-2029;14;2520.0
7169;6;4;24-06-2027;9;90.0
7170;5;10;10-08-2029;9;405.0
7171;5;4;04-11-2030;5;50.0
7172;6;5;30-06-2027;9;180.0
7173;3;9;26-01-2027;5;750.0
7174;4;2;19-11-2028;11;5500.0
7175;4;10;15-05-2029;10;450.0
7176;3;6;28-02-2028;7;1260.0
7177;4;2;18-03-2027;12;6000.0
7178;3;1;06-07-2027;8;6400.0
7179;1;9;16-12-2029;8;1200.0
7180;4;9;29-03-2028;5;750.0
7181;3;10;13-03-2026;8;360.0
7182;4;3;15-05-2026;13;3900.0
7183;1;5;03-08-2030;7;140.0
7184;6;6;03-03-2027;15;2700.0
7185;6;6;20-12-2029;12;2160.0
7186;4;9;10-08-2026;12;1800.0
7187;2;6;06-02-2027;5;900.0
7188;2;8;09-03-2028;6;240.0
7189;3;11;31-05-2029;7;490.0
7190;5;4;17-05-2028;14;140.0
7191;3;1;27-11-2027;11;8800.0
7192;1;12;12-11-2029;5;50.0
7193;4;12;29-02-2028;9;90.0
7194;3;9;28-02-2030;5;750.0
7195;5;9;12-10-2028;5;750.0
7196;4;11;31-08-2026;7;490.0
7197;2;7;26-09-2029;15;1350.0
7198;3;12;16-08-2026;5;50.0
7199;1;4;07-06-2028;14;140.0
7200;2;12;03-03-2027;12;120.0
7201;1;1;01-10-2026;11;8800.0
7202;4;9;22-10-2030;10;1500.0
7203;2;2;29-01-2027;5;2500.0
7204;5;6;17-04-2027;13;2340.0
7205;5;5;01-02-2027;10;200.0
7206;2;3;31-01-2029;10;3000.0
7207;6;4;21-03-2029;7;70.0
7208;6;1;31-05-2029;7;5600.0
7209;3;6;01-05-2030;10;1800.0
7210;2;1;03-02-2030;8;6400.0
7211;1;6;17-05-2026;9;1620.0
7212;1;9;09-04-2029;14;2100.0
7213;3;9;20-03-2026;14;2100.0
7214;3;6;16-06-2026;13;2340.0
7215;1;12;02-10-2029;7;70.0
7216;6;1;04-11-2029;10;8000.0
7217;5;10;09-12-2026;13;585.0
7218;5;2;29-06-2028;14;7000.0
7219;6;3;16-04-2030;7;2100.0
7220;2;10;29-11-2030;14;630.0
7221;2;7;22-04-2028;10;900.0
7222;5;9;07-09-2027;14;2100.0
7223;2;9;10-03-2030;13;1950.0
7224;2;7;24-12-2030;12;1080.0
7225;2;9;11-04-2028;5;750.0
7226;1;6;10-11-2027;12;2160.0
7227;1;5;18-01-2030;8;160.0
7228;3;12;25-12-2027;10;100.0
7229;3;12;02-06-2027;15;150.0
7230;6;12;19-11-2029;14;140.0
7231;1;10;08-12-2026;15;675.0
7232;1;8;05-07-2027;14;560.0
7233;6;8;14-08-2026;11;440.0
7234;5;3;17-01-2029;12;3600.0
7235;5;12;09-11-2028;7;70.0
7236;2;7;07-04-2027;5;450.0
7237;5;7;19-01-2030;10;900.0
7238;1;2;06-12-2030;13;6500.0
7239;6;9;01-10-2027;13;1950.0
7240;3;1;04-05-2029;14;11200.0
7241;3;2;15-12-2029;7;3500.0
7242;1;10;27-10-2026;10;450.0
7243;2;8;08-03-2026;11;440.0
7244;3;1;13-09-2026;9;7200.0
7245;5;7;15-07-2026;8;720.0
7246;1;3;09-12-2026;8;2400.0
7247;1;8;16-10-2029;8;320.0
7248;2;1;26-06-2027;13;10400.0
7249;4;7;05-10-2028;9;810.0
7250;2;10;01-03-2028;13;585.0
7251;2;1;28-08-2028;7;5600.0
7252;6;7;31-05-2029;13;1170.0
7253;1;9;24-08-2026;10;1500.0
7254;5;1;07-06-2029;8;6400.0
7255;6;11;28-04-2028;8;560.0
7256;5;1;04-09-2028;9;7200.0
7257;6;5;22-11-2027;12;240.0
7258;3;11;19-09-2029;8;560.0
7259;6;5;31-12-2027;11;220.0
7260;2;2;30-07-2030;10;5000.0
7261;1;8;09-12-2026;12;480.0
7262;1;9;14-09-2029;11;1650.0
7263;5;7;12-07-2027;14;1260.0
7264;6;7;28-12-2030;6;540.0
7265;1;1;10-06-2027;12;9600.0
7266;3;2;04-06-2026;7;3500.0
7267;2;9;01-08-2027;10;1500.0
7268;4;4;29-03-2028;15;150.0
7269;3;6;09-10-2027;13;2340.0
7270;1;1;06-03-2027;9;7200.0
7271;5;11;09-05-2026;9;630.0
7272;3;9;18-04-2027;10;1500.0
7273;4;8;16-12-2028;9;360.0
7274;3;7;14-06-2028;5;450.0
7275;2;7;21-11-2027;9;810.0
7276;4;6;04-12-2029;9;1620.0
7277;5;4;16-10-2030;11;110.0
7278;3;12;18-02-2026;9;90.0
7279;4;11;27-09-2026;7;490.0
7280;1;1;11-03-2028;10;8000.0
7281;1;4;14-05-2030;8;80.0
7282;5;9;28-04-2026;5;750.0
7283;2;9;20-06-2027;10;1500.0
7284;4;11;26-12-2026;15;1050.0
7285;4;8;08-12-2028;5;200.0
7286;1;10;03-05-2030;13;585.0
7287;6;11;24-12-2030;6;420.0
7288;4;8;23-11-2029;8;320.0
7289;3;7;19-12-2030;15;1350.0
7290;3;9;13-05-2028;12;1800.0
7291;1;7;22-02-2030;14;1260.0
7292;5;6;21-05-2029;14;2520.0
7293;6;2;01-11-2029;12;6000.0
7294;6;8;12-06-2027;14;560.0
7295;3;6;22-12-2030;12;2160.0
7296;3;2;10-08-2028;9;4500.0
7297;6;12;03-09-2029;12;120.0
7298;1;7;11-06-2027;8;720.0
7299;1;1;31-12-2029;12;9600.0
7300;4;4;15-06-2029;14;140.0
7301;2;5;23-07-2027;13;260.0
7302;4;11;23-07-2026;9;630.0
7303;3;3;26-02-2026;8;2400.0
7304;6;5;24-04-2026;7;140.0
7305;3;3;06-01-2027;8;2400.0
7306;3;7;23-06-2027;7;630.0
7307;6;4;14-08-2028;6;60.0
7308;2;10;15-08-2028;13;585.0
7309;2;4;21-07-2029;15;150.0
7310;4;3;18-04-2027;8;2400.0
7311;3;11;23-06-2028;14;980.0
7312;1;5;06-02-2027;10;200.0
7313;3;11;04-07-2029;15;1050.0
7314;6;7;05-04-2028;12;1080.0
7315;1;9;29-01-2028;5;750.0
7316;5;1;23-02-2026;14;11200.0
7317;2;8;23-10-2028;15;600.0
7318;3;6;18-05-2026;11;1980.0
7319;6;6;21-05-2029;15;2700.0
7320;6;11;21-09-2027;9;630.0
7321;1;4;20-05-2027;15;150.0
7322;1;3;07-07-2029;15;4500.0
7323;4;10;27-05-2026;5;225.0
7324;4;8;11-03-2026;8;320.0
7325;1;11;14-07-2026;13;910.0
7326;5;2;06-04-2028;5;2500.0
7327;2;12;22-08-2029;8;80.0
7328;6;12;18-02-2030;5;50.0
7329;6;4;24-12-2026;6;60.0
7330;3;1;02-01-2029;8;6400.0
7331;2;4;09-10-2030;8;80.0
7332;3;6;13-08-2026;13;2340.0
7333;2;4;23-10-2030;10;100.0
7334;5;5;17-08-2030;7;140.0
7335;1;5;23-12-2027;8;160.0
7336;5;12;21-02-2029;14;140.0
7337;3;6;24-04-2027;11;1980.0
7338;3;11;13-04-2028;13;910.0
7339;1;11;06-12-2028;14;980.0
7340;5;8;16-03-2026;10;400.0
7341;3;12;28-09-2026;11;110.0
7342;5;8;05-12-2030;9;360.0
7343;3;6;22-08-2030;11;1980.0
7344;1;9;02-10-2030;13;1950.0
7345;3;7;21-07-2027;14;1260.0
7346;4;1;24-11-2029;6;4800.0
7347;4;6;11-10-2027;14;2520.0
7348;5;3;09-06-2026;11;3300.0
7349;4;5;28-02-2027;7;140.0
7350;5;3;15-06-2026;15;4500.0
7351;1;6;29-12-2029;8;1440.0
7352;1;7;04-12-2026;15;1350.0
7353;5;7;25-04-2027;12;1080.0
7354;5;1;24-02-2026;14;11200.0
7355;3;2;09-07-2027;13;6500.0
7356;1;7;09-03-2027;11;990.0
7357;4;3;10-11-2030;13;3900.0
7358;2;8;24-06-2027;13;520.0
7359;3;5;31-08-2026;14;280.0
7360;2;10;19-12-2030;8;360.0
7361;3;8;26-12-2027;10;400.0
7362;6;6;16-08-2029;11;1980.0
7363;5;1;31-01-2027;9;7200.0
7364;1;7;08-04-2028;10;900.0
7365;5;5;03-11-2030;11;220.0
7366;1;2;10-02-2029;9;4500.0
7367;6;2;24-07-2028;13;6500.0
7368;6;8;20-10-2027;11;440.0
7369;4;11;12-09-2029;10;700.0
7370;1;4;30-05-2030;6;60.0
7371;1;5;17-02-2030;13;260.0
7372;3;4;30-08-2027;13;130.0
7373;6;12;14-01-2029;15;150.0
7374;1;3;26-09-2028;5;1500.0
7375;3;9;15-09-2028;9;1350.0
7376;4;2;03-05-2027;12;6000.0
7377;1;12;23-09-2030;12;120.0
7378;4;1;13-08-2027;11;8800.0
7379;2;12;06-11-2028;6;60.0
7380;5;5;27-04-2030;9;180.0
7381;3;8;16-08-2028;14;560.0
7382;6;11;28-12-2029;11;770.0
7383;5;10;03-04-2026;10;450.0
7384;1;11;24-07-2030;9;630.0
7385;5;12;07-04-2027;8;80.0
7386;1;3;22-08-2027;6;1800.0
7387;1;9;25-07-2030;14;2100.0
7388;6;8;05-01-2028;10;400.0
7389;4;10;14-06-2029;15;675.0
7390;5;11;09-09-2028;7;490.0
7391;6;2;09-08-2027;6;3000.0
7392;3;1;13-02-2029;9;7200.0
7393;2;11;11-01-2028;15;1050.0
7394;3;4;21-05-2030;11;110.0
7395;1;3;22-07-2030;11;3300.0
7396;1;6;10-04-2026;9;1620.0
7397;3;10;18-11-2029;10;450.0
7398;5;4;19-03-2030;6;60.0
7399;3;5;29-06-2027;10;200.0
7400;4;1;24-11-2030;10;8000.0
7401;5;9;29-02-2028;5;750.0
7402;4;9;06-01-2029;13;1950.0
7403;3;4;30-08-2027;8;80.0
7404;5;3;09-08-2026;15;4500.0
7405;6;11;09-04-2028;10;700.0
7406;2;7;09-06-2027;14;1260.0
7407;5;8;19-04-2030;5;200.0
7408;1;10;27-08-2028;9;405.0
7409;6;5;26-01-2029;14;280.0
7410;3;12;17-08-2030;15;150.0
7411;4;3;01-10-2030;15;4500.0
7412;5;5;13-03-2028;10;200.0
7413;2;6;25-10-2029;8;1440.0
7414;2;1;19-01-2028;13;10400.0
7415;3;2;18-01-2030;13;6500.0
7416;1;2;01-06-2029;14;7000.0
7417;1;8;25-08-2026;14;560.0
7418;5;5;12-01-2030;5;100.0
7419;3;6;05-02-2028;10;1800.0
7420;6;7;12-10-2030;13;1170.0
7421;2;3;15-11-2028;13;3900.0
7422;1;9;26-11-2027;13;1950.0
7423;2;5;08-12-2030;6;120.0
7424;2;6;26-05-2030;5;900.0
7425;3;12;15-06-2027;15;150.0
7426;2;9;28-02-2027;8;1200.0
7427;1;3;13-11-2026;10;3000.0
7428;3;3;06-10-2026;6;1800.0
7429;4;8;04-09-2029;11;440.0
7430;3;3;12-02-2030;11;3300.0
7431;1;5;11-02-2029;12;240.0
7432;5;11;14-12-2028;5;350.0
7433;6;7;06-11-2027;6;540.0
7434;2;1;06-08-2026;11;8800.0
7435;3;7;02-07-2029;10;900.0
7436;4;4;24-06-2026;7;70.0
7437;1;7;21-05-2029;10;900.0
7438;5;5;05-11-2028;15;300.0
7439;3;7;19-05-2026;7;630.0
7440;1;5;21-03-2027;11;220.0
7441;5;8;17-02-2026;6;240.0
7442;2;3;22-03-2029;13;3900.0
7443;4;10;16-10-2027;14;630.0
7444;2;11;31-07-2026;12;840.0
7445;2;5;09-03-2030;15;300.0
7446;6;4;21-01-2027;12;120.0
7447;6;2;13-04-2029;6;3000.0
7448;3;11;17-05-2026;6;420.0
7449;2;3;28-07-2026;13;3900.0
7450;6;5;27-06-2029;11;220.0
7451;2;12;03-03-2027;13;130.0
7452;2;12;17-12-2026;9;90.0
7453;6;11;17-12-2026;14;980.0
7454;3;3;13-08-2026;7;2100.0
7455;1;10;24-01-2027;5;225.0
7456;3;7;10-08-2028;10;900.0
7457;5;3;01-10-2028;7;2100.0
7458;4;9;21-05-2026;14;2100.0
7459;5;11;01-06-2028;10;700.0
7460;1;12;13-11-2027;5;50.0
7461;3;9;11-10-2028;13;1950.0
7462;6;1;30-07-2026;10;8000.0
7463;2;10;18-10-2028;12;540.0
7464;2;4;06-10-2028;14;140.0
7465;4;9;24-08-2026;6;900.0
7466;3;11;10-07-2027;12;840.0
7467;6;4;08-04-2028;10;100.0
7468;2;6;28-09-2027;8;1440.0
7469;3;8;16-06-2028;11;440.0
7470;3;7;11-04-2027;7;630.0
7471;5;5;22-07-2026;8;160.0
7472;3;9;18-06-2030;9;1350.0
7473;2;9;26-11-2027;6;900.0
7474;6;9;14-12-2029;10;1500.0
7475;3;3;22-07-2030;9;2700.0
7476;2;9;17-04-2026;6;900.0
7477;4;9;01-11-2027;11;1650.0
7478;4;4;29-01-2029;7;70.0
7479;1;7;13-03-2027;9;810.0
7480;5;7;08-04-2028;10;900.0
7481;2;3;16-02-2030;7;2100.0
7482;1;2;28-02-2027;6;3000.0
7483;1;11;09-08-2029;8;560.0
7484;4;9;31-07-2030;8;1200.0
7485;4;3;30-11-2030;14;4200.0
7486;2;5;03-06-2026;5;100.0
7487;1;10;03-05-2027;5;225.0
7488;3;8;20-12-2029;8;320.0
7489;4;5;06-01-2030;8;160.0
7490;1;6;08-06-2029;13;2340.0
7491;1;3;21-07-2029;12;3600.0
7492;4;9;14-03-2026;10;1500.0
7493;3;10;20-05-2027;9;405.0
7494;3;6;06-02-2027;5;900.0
7495;3;6;31-05-2028;5;900.0
7496;2;5;17-09-2028;9;180.0
7497;3;12;26-04-2027;14;140.0
7498;3;6;22-03-2028;8;1440.0
7499;2;9;17-09-2026;10;1500.0
7500;5;12;08-02-2027;11;110.0
7501;6;6;20-03-2027;11;1980.0
7502;1;9;15-01-2030;10;1500.0
7503;1;9;02-03-2030;12;1800.0
7504;3;12;30-09-2028;15;150.0
7505;3;4;05-08-2029;9;90.0
7506;5;6;18-10-2027;5;900.0
7507;4;9;06-09-2026;13;1950.0
7508;1;3;21-03-2029;14;4200.0
7509;3;2;28-01-2029;13;6500.0
7510;4;3;22-09-2026;13;3900.0
7511;6;1;10-01-2029;15;12000.0
7512;3;9;19-11-2027;9;1350.0
7513;6;3;25-03-2027;11;3300.0
7514;1;3;30-07-2026;8;2400.0
7515;3;12;25-09-2029;12;120.0
7516;4;11;22-07-2030;10;700.0
7517;2;7;23-06-2029;7;630.0
7518;2;11;24-07-2029;13;910.0
7519;6;3;30-09-2029;8;2400.0
7520;6;12;16-10-2026;5;50.0
7521;5;6;11-10-2030;8;1440.0
7522;3;11;22-06-2027;8;560.0
7523;2;8;24-03-2029;5;200.0
7524;3;8;28-09-2030;12;480.0
7525;4;9;15-09-2030;7;1050.0
7526;6;10;22-11-2027;7;315.0
7527;5;12;22-03-2028;13;130.0
7528;3;8;28-04-2027;13;520.0
7529;1;2;27-02-2030;9;4500.0
7530;3;1;18-09-2029;7;5600.0
7531;1;11;17-10-2028;5;350.0
7532;1;9;08-11-2026;15;2250.0
7533;1;12;25-03-2028;15;150.0
7534;4;7;30-03-2026;12;1080.0
7535;4;2;09-10-2027;5;2500.0
7536;1;6;27-01-2029;11;1980.0
7537;5;8;10-09-2026;14;560.0
7538;2;10;27-02-2029;13;585.0
7539;3;9;16-10-2027;9;1350.0
7540;2;4;18-10-2029;9;90.0
7541;1;2;16-10-2029;8;4000.0
7542;5;2;08-07-2028;12;6000.0
7543;3;5;11-01-2028;15;300.0
7544;6;1;25-01-2028;13;10400.0
7545;5;12;27-07-2026;9;90.0
7546;4;12;28-09-2026;14;140.0
7547;4;5;11-10-2029;8;160.0
7548;5;5;25-05-2029;11;220.0
7549;2;9;11-11-2027;13;1950.0
7550;4;5;16-03-2028;6;120.0
7551;3;5;02-08-2028;8;160.0
7552;6;3;12-04-2028;15;4500.0
7553;5;11;30-12-2027;10;700.0
7554;1;10;27-02-2028;8;360.0
7555;4;9;19-09-2028;9;1350.0
7556;3;2;13-02-2030;15;7500.0
7557;1;7;08-11-2028;6;540.0
7558;3;11;18-02-2027;12;840.0
7559;3;2;28-07-2029;14;7000.0
7560;4;8;21-03-2028;5;200.0
7561;4;2;23-08-2030;12;6000.0
7562;6;3;25-02-2026;12;3600.0
7563;2;9;11-10-2030;13;1950.0
7564;2;3;15-02-2030;12;3600.0
7565;2;5;27-05-2028;12;240.0
7566;2;12;01-06-2027;5;50.0
7567;2;10;22-08-2028;6;270.0
7568;3;8;06-07-2026;14;560.0
7569;2;4;05-07-2026;14;140.0
7570;1;3;26-09-2028;13;3900.0
7571;1;6;10-03-2027;10;1800.0
7572;3;5;07-07-2027;12;240.0
7573;1;11;25-11-2029;5;350.0
7574;1;11;24-09-2029;6;420.0
7575;4;6;10-08-2029;8;1440.0
7576;6;12;26-07-2026;5;50.0
7577;6;11;17-01-2028;6;420.0
7578;3;9;08-08-2029;13;1950.0
7579;2;8;23-06-2027;7;280.0
7580;6;7;25-07-2030;5;450.0
7581;5;4;30-09-2027;12;120.0
7582;1;3;12-11-2028;7;2100.0
7583;6;2;29-11-2029;12;6000.0
7584;3;4;06-07-2030;14;140.0
7585;2;6;03-04-2029;8;1440.0
7586;2;7;06-08-2027;9;810.0
7587;4;4;28-08-2029;14;140.0
7588;5;6;25-02-2026;8;1440.0
7589;1;6;24-11-2028;8;1440.0
7590;3;4;09-06-2030;8;80.0
7591;3;1;16-10-2029;6;4800.0
7592;3;8;18-04-2029;15;600.0
7593;6;4;11-02-2030;5;50.0
7594;6;8;03-11-2029;7;280.0
7595;2;6;27-07-2029;12;2160.0
7596;5;1;12-04-2026;6;4800.0
7597;5;12;13-06-2027;15;150.0
7598;3;2;11-12-2028;15;7500.0
7599;5;5;11-10-2027;14;280.0
7600;4;8;03-11-2026;7;280.0
7601;5;2;04-06-2027;10;5000.0
7602;1;7;20-03-2030;10;900.0
7603;4;12;27-11-2029;11;110.0
7604;6;4;26-10-2030;12;120.0
7605;2;11;17-09-2030;12;840.0
7606;1;1;31-07-2030;11;8800.0
7607;4;4;16-10-2029;10;100.0
7608;5;5;24-03-2030;13;260.0
7609;5;7;25-11-2028;5;450.0
7610;1;12;01-06-2028;6;60.0
7611;3;1;23-08-2027;6;4800.0
7612;3;11;22-11-2026;13;910.0
7613;4;8;08-04-2027;14;560.0
7614;2;1;06-02-2028;12;9600.0
7615;6;6;07-10-2028;15;2700.0
7616;2;9;31-10-2026;10;1500.0
7617;1;11;17-12-2027;5;350.0
7618;3;12;27-09-2029;6;60.0
7619;2;2;24-12-2026;12;6000.0
7620;6;10;07-08-2028;7;315.0
7621;4;10;23-02-2027;13;585.0
7622;3;2;17-06-2027;8;4000.0
7623;3;9;12-12-2029;11;1650.0
7624;1;12;07-06-2029;6;60.0
7625;1;1;05-07-2026;6;4800.0
7626;1;1;26-01-2030;5;4000.0
7627;1;3;04-05-2027;8;2400.0
7628;2;4;08-02-2028;6;60.0
7629;1;1;16-01-2030;12;9600.0
7630;2;5;22-07-2028;7;140.0
7631;1;10;07-06-2028;13;585.0
7632;5;8;01-09-2029;12;480.0
7633;2;10;06-11-2026;6;270.0
7634;3;1;06-08-2030;8;6400.0
7635;6;5;24-08-2028;8;160.0
7636;3;5;10-11-2029;13;260.0
7637;2;5;24-03-2028;9;180.0
7638;6;6;18-01-2028;6;1080.0
7639;3;3;16-08-2027;8;2400.0
7640;5;11;07-11-2030;15;1050.0
7641;6;2;09-03-2029;5;2500.0
7642;2;1;13-10-2030;7;5600.0
7643;1;12;24-09-2028;7;70.0
7644;6;11;03-02-2028;8;560.0
7645;6;9;21-03-2030;10;1500.0
7646;6;12;11-06-2028;15;150.0
7647;3;9;13-02-2029;13;1950.0
7648;6;10;19-05-2026;14;630.0
7649;1;12;12-12-2029;6;60.0
7650;1;7;11-01-2028;6;540.0
7651;1;2;27-05-2030;7;3500.0
7652;5;6;30-09-2028;13;2340.0
7653;3;1;30-01-2028;6;4800.0
7654;2;2;09-04-2029;9;4500.0
7655;5;4;20-10-2027;11;110.0
7656;6;6;08-05-2028;6;1080.0
7657;2;2;08-08-2029;13;6500.0
7658;2;3;04-01-2028;13;3900.0
7659;6;2;26-04-2027;8;4000.0
7660;5;4;29-03-2027;11;110.0
7661;4;1;12-03-2029;8;6400.0
7662;2;12;21-09-2028;11;110.0
7663;4;6;15-02-2027;11;1980.0
7664;5;6;27-11-2026;15;2700.0
7665;3;3;19-11-2030;9;2700.0
7666;5;5;17-05-2030;15;300.0
7667;4;6;05-07-2028;5;900.0
7668;6;3;23-02-2027;12;3600.0
7669;6;12;11-07-2027;9;90.0
7670;4;4;14-06-2028;5;50.0
7671;3;1;19-09-2028;5;4000.0
7672;2;5;30-07-2030;15;300.0
7673;2;10;27-05-2027;9;405.0
7674;3;6;23-08-2027;9;1620.0
7675;5;8;11-09-2027;14;560.0
7676;4;3;16-09-2030;5;1500.0
7677;6;6;25-03-2029;6;1080.0
7678;3;9;21-09-2027;7;1050.0
7679;2;2;02-11-2026;9;4500.0
7680;2;12;21-08-2026;6;60.0
7681;5;5;11-03-2026;9;180.0
7682;6;6;24-06-2027;8;1440.0
7683;1;12;21-06-2029;10;100.0
7684;5;12;26-04-2030;5;50.0
7685;2;11;27-01-2027;14;980.0
7686;1;11;08-10-2026;8;560.0
7687;1;7;18-04-2027;12;1080.0
7688;5;2;05-11-2028;5;2500.0
7689;3;12;05-10-2028;14;140.0
7690;5;9;03-10-2030;13;1950.0
7691;4;4;08-10-2029;11;110.0
7692;6;5;21-03-2027;12;240.0
7693;3;11;15-05-2029;8;560.0
7694;1;11;17-10-2030;15;1050.0
7695;1;9;17-03-2028;14;2100.0
7696;5;10;15-08-2030;10;450.0
7697;2;4;10-06-2026;15;150.0
7698;1;10;10-07-2029;14;630.0
7699;4;10;07-01-2028;10;450.0
7700;5;5;27-02-2029;13;260.0
7701;3;8;16-05-2028;10;400.0
7702;5;9;18-11-2028;14;2100.0
7703;3;8;06-08-2026;14;560.0
7704;1;5;23-06-2030;13;260.0
7705;3;2;28-11-2030;7;3500.0
7706;4;5;10-12-2029;11;220.0
7707;2;6;23-08-2028;11;1980.0
7708;1;1;03-11-2030;12;9600.0
7709;4;8;14-10-2030;15;600.0
7710;1;1;14-03-2027;9;7200.0
7711;1;4;16-08-2026;6;60.0
7712;6;5;17-08-2030;12;240.0
7713;2;2;14-09-2027;12;6000.0
7714;1;8;27-05-2030;14;560.0
7715;4;8;18-06-2027;10;400.0
7716;4;3;19-03-2028;5;1500.0
7717;2;8;26-05-2026;11;440.0
7718;2;10;15-12-2027;7;315.0
7719;2;7;28-07-2028;7;630.0
7720;6;9;31-08-2030;10;1500.0
7721;2;1;30-03-2029;12;9600.0
7722;6;5;25-03-2029;13;260.0
7723;5;2;20-02-2027;11;5500.0
7724;6;7;21-09-2030;14;1260.0
7725;5;8;01-06-2030;7;280.0
7726;5;11;30-05-2027;13;910.0
7727;5;4;07-09-2028;12;120.0
7728;1;7;31-12-2028;15;1350.0
7729;2;10;08-11-2029;9;405.0
7730;6;10;27-11-2027;5;225.0
7731;6;1;09-02-2028;7;5600.0
7732;5;12;22-02-2027;7;70.0
7733;6;7;24-07-2026;11;990.0
7734;4;5;30-11-2030;9;180.0
7735;3;12;24-04-2026;6;60.0
7736;6;3;23-05-2026;7;2100.0
7737;4;9;20-08-2027;11;1650.0
7738;1;6;16-12-2030;11;1980.0
7739;6;8;10-07-2027;15;600.0
7740;2;11;05-04-2029;5;350.0
7741;4;7;18-08-2030;15;1350.0
7742;2;4;10-08-2029;8;80.0
7743;1;1;26-09-2028;12;9600.0
7744;5;6;15-02-2028;8;1440.0
7745;3;5;06-11-2028;12;240.0
7746;4;3;20-03-2026;15;4500.0
7747;4;6;18-02-2030;15;2700.0
7748;2;12;17-11-2028;8;80.0
7749;2;7;21-07-2030;13;1170.0
7750;3;10;23-03-2028;8;360.0
7751;4;3;11-12-2029;14;4200.0
7752;3;3;23-09-2029;8;2400.0
7753;4;9;27-04-2027;9;1350.0
7754;2;4;17-09-2026;14;140.0
7755;6;3;31-05-2026;8;2400.0
7756;4;8;29-11-2027;13;520.0
7757;1;3;27-01-2028;6;1800.0
7758;1;7;08-01-2029;15;1350.0
7759;1;3;28-12-2026;11;3300.0
7760;1;5;09-09-2027;13;260.0
7761;2;9;27-05-2028;7;1050.0
7762;2;10;16-04-2028;11;495.0
7763;2;9;15-04-2030;8;1200.0
7764;3;7;05-05-2028;6;540.0
7765;2;12;24-08-2030;7;70.0
7766;3;2;27-10-2030;6;3000.0
7767;5;2;18-02-2030;7;3500.0
7768;2;9;04-03-2028;7;1050.0
7769;5;8;10-08-2029;12;480.0
7770;1;12;06-04-2027;5;50.0
7771;2;1;11-01-2027;10;8000.0
7772;6;5;08-07-2030;13;260.0
7773;1;5;21-12-2030;10;200.0
7774;2;8;08-05-2026;5;200.0
7775;1;12;24-08-2026;12;120.0
7776;6;5;04-02-2030;9;180.0
7777;5;7;13-11-2029;7;630.0
7778;1;9;16-03-2027;9;1350.0
7779;6;2;17-12-2027;11;5500.0
7780;3;3;28-04-2026;5;1500.0
7781;3;12;05-12-2028;12;120.0
7782;5;2;10-05-2029;13;6500.0
7783;3;7;17-06-2027;5;450.0
7784;5;1;18-04-2030;7;5600.0
7785;2;8;29-12-2029;6;240.0
7786;4;6;24-10-2028;9;1620.0
7787;6;5;08-12-2029;11;220.0
7788;6;2;27-03-2026;14;7000.0
7789;1;4;02-10-2027;10;100.0
7790;5;8;24-07-2026;9;360.0
7791;4;5;13-11-2027;13;260.0
7792;1;2;02-02-2030;15;7500.0
7793;4;5;18-06-2029;6;120.0
7794;2;4;08-01-2028;10;100.0
7795;3;9;05-04-2026;6;900.0
7796;5;9;31-03-2027;14;2100.0
7797;2;12;01-02-2029;15;150.0
7798;6;4;12-11-2028;13;130.0
7799;4;1;04-11-2026;11;8800.0
7800;3;2;14-04-2028;7;3500.0
7801;4;4;09-10-2028;13;130.0
7802;6;8;21-11-2030;7;280.0
7803;5;10;25-12-2027;12;540.0
7804;1;4;19-12-2028;12;120.0
7805;5;4;19-08-2028;7;70.0
7806;1;1;19-05-2027;8;6400.0
7807;6;4;14-11-2028;5;50.0
7808;1;11;19-11-2030;15;1050.0
7809;5;3;18-04-2028;7;2100.0
7810;3;4;14-02-2027;7;70.0
7811;3;7;02-11-2027;10;900.0
7812;5;11;11-06-2028;9;630.0
7813;5;7;13-07-2026;14;1260.0
7814;2;2;16-08-2028;14;7000.0
7815;6;9;28-10-2027;14;2100.0
7816;1;10;05-02-2030;12;540.0
7817;1;11;26-10-2027;6;420.0
7818;1;6;27-05-2026;11;1980.0
7819;6;7;14-04-2030;12;1080.0
7820;6;6;03-03-2029;7;1260.0
7821;4;3;10-08-2026;15;4500.0
7822;6;1;07-07-2028;5;4000.0
7823;1;10;29-09-2026;9;405.0
7824;6;7;28-02-2026;11;990.0
7825;5;4;20-08-2029;6;60.0
7826;3;5;20-05-2027;11;220.0
7827;5;4;10-04-2029;9;90.0
7828;5;1;11-11-2027;11;8800.0
7829;2;11;07-01-2028;8;560.0
7830;2;7;18-09-2027;9;810.0
7831;3;10;05-05-2030;12;540.0
7832;2;2;10-05-2026;15;7500.0
7833;3;4;21-06-2029;13;130.0
7834;1;2;09-10-2028;9;4500.0
7835;3;11;22-03-2029;6;420.0
7836;5;11;26-12-2028;13;910.0
7837;6;10;13-08-2030;12;540.0
7838;2;2;01-03-2026;5;2500.0
7839;1;12;26-05-2030;11;110.0
7840;4;12;26-10-2028;10;100.0
7841;5;1;17-10-2029;14;11200.0
7842;1;10;01-10-2030;9;405.0
7843;1;8;29-05-2029;9;360.0
7844;6;12;30-03-2028;7;70.0
7845;5;2;19-08-2027;14;7000.0
7846;1;4;20-05-2028;7;70.0
7847;1;4;22-12-2030;6;60.0
7848;2;3;14-11-2027;5;1500.0
7849;6;11;10-12-2030;7;490.0
7850;3;1;11-07-2028;13;10400.0
7851;2;1;14-03-2026;7;5600.0
7852;2;11;12-05-2027;13;910.0
7853;2;8;14-06-2026;9;360.0
7854;5;2;07-12-2026;13;6500.0
7855;2;8;14-05-2026;6;240.0
7856;4;1;17-07-2028;8;6400.0
7857;3;10;14-05-2029;7;315.0
7858;5;1;07-03-2026;15;12000.0
7859;5;7;25-10-2026;13;1170.0
7860;3;1;05-07-2027;7;5600.0
7861;1;11;02-06-2026;8;560.0
7862;6;10;29-04-2029;12;540.0
7863;2;12;15-09-2030;15;150.0
7864;6;12;28-08-2028;9;90.0
7865;1;11;26-02-2029;6;420.0
7866;5;5;02-04-2030;7;140.0
7867;5;11;15-02-2028;13;910.0
7868;1;11;22-02-2030;7;490.0
7869;4;6;16-09-2030;9;1620.0
7870;3;3;16-06-2029;5;1500.0
7871;6;7;21-12-2027;5;450.0
7872;5;7;04-12-2029;12;1080.0
7873;2;2;24-04-2026;5;2500.0
7874;1;6;27-12-2028;11;1980.0
7875;5;2;20-02-2030;9;4500.0
7876;2;12;15-10-2029;8;80.0
7877;6;9;09-06-2028;9;1350.0
7878;2;1;18-01-2030;7;5600.0
7879;3;10;14-07-2029;5;225.0
7880;2;3;17-10-2027;14;4200.0
7881;3;11;24-05-2027;7;490.0
7882;1;3;23-05-2026;10;3000.0
7883;2;7;30-05-2029;6;540.0
7884;3;5;05-05-2026;5;100.0
7885;2;1;14-02-2030;13;10400.0
7886;3;1;02-11-2027;11;8800.0
7887;5;5;10-03-2027;10;200.0
7888;4;11;09-04-2030;10;700.0
7889;2;9;09-08-2028;8;1200.0
7890;6;9;20-05-2028;13;1950.0
7891;6;9;24-12-2030;12;1800.0
7892;5;5;23-04-2029;11;220.0
7893;2;5;24-07-2027;12;240.0
7894;1;10;26-02-2028;12;540.0
7895;3;12;21-08-2027;6;60.0
7896;6;10;29-12-2027;6;270.0
7897;5;7;06-09-2029;10;900.0
7898;3;8;11-05-2027;9;360.0
7899;6;6;18-05-2028;7;1260.0
7900;4;1;15-04-2027;13;10400.0
7901;4;6;27-03-2027;7;1260.0
7902;2;11;20-09-2030;10;700.0
7903;6;8;08-10-2029;9;360.0
7904;1;2;01-07-2026;14;7000.0
7905;6;3;10-04-2027;11;3300.0
7906;5;4;05-06-2030;10;100.0
7907;1;4;05-09-2030;5;50.0
7908;4;5;29-07-2030;6;120.0
7909;1;4;31-07-2029;15;150.0
7910;4;4;16-11-2029;6;60.0
7911;3;5;29-05-2026;6;120.0
7912;6;11;19-01-2027;9;630.0
7913;3;1;29-03-2026;10;8000.0
7914;2;6;21-04-2027;9;1620.0
7915;4;8;31-05-2026;11;440.0
7916;3;10;27-12-2028;12;540.0
7917;3;6;29-10-2029;15;2700.0
7918;5;5;15-07-2029;5;100.0
7919;5;2;20-07-2026;13;6500.0
7920;4;6;17-09-2026;12;2160.0
7921;1;3;15-03-2026;15;4500.0
7922;1;2;14-05-2026;10;5000.0
7923;6;9;04-10-2030;8;1200.0
7924;4;1;01-03-2027;10;8000.0
7925;5;9;17-09-2030;9;1350.0
7926;6;1;23-12-2026;9;7200.0
7927;4;11;10-05-2027;10;700.0
7928;6;6;16-05-2028;14;2520.0
7929;5;8;18-10-2030;7;280.0
7930;6;2;15-06-2029;8;4000.0
7931;3;11;27-09-2027;9;630.0
7932;5;12;27-09-2027;13;130.0
7933;3;9;21-11-2029;10;1500.0
7934;4;4;03-05-2030;11;110.0
7935;3;11;18-09-2029;13;910.0
7936;1;9;17-08-2027;5;750.0
7937;1;10;11-08-2027;7;315.0
7938;5;10;21-10-2026;5;225.0
7939;4;7;20-05-2027;9;810.0
7940;2;7;27-07-2026;7;630.0
7941;5;2;30-06-2030;8;4000.0
7942;4;8;06-08-2026;5;200.0
7943;2;12;16-06-2030;9;90.0
7944;2;11;08-02-2030;9;630.0
7945;5;7;13-10-2029;7;630.0
7946;2;11;08-10-2029;10;700.0
7947;6;5;30-08-2028;13;260.0
7948;6;7;12-11-2026;15;1350.0
7949;5;12;02-12-2027;7;70.0
7950;3;2;07-11-2027;5;2500.0
7951;1;8;19-06-2028;7;280.0
7952;3;8;18-11-2029;10;400.0
7953;3;8;06-06-2027;7;280.0
7954;5;9;13-08-2027;14;2100.0
7955;2;6;09-07-2027;15;2700.0
7956;4;9;20-05-2029;15;2250.0
7957;3;11;05-09-2029;7;490.0
7958;5;11;29-05-2026;7;490.0
7959;3;1;30-10-2028;13;10400.0
7960;1;3;15-01-2030;15;4500.0
7961;4;8;28-04-2027;6;240.0
7962;1;1;04-03-2027;9;7200.0
7963;2;6;22-08-2028;13;2340.0
7964;1;4;06-10-2029;10;100.0
7965;3;4;29-10-2027;5;50.0
7966;6;8;21-06-2028;7;280.0
7967;3;3;27-08-2028;8;2400.0
7968;6;11;13-05-2030;9;630.0
7969;6;10;21-01-2029;11;495.0
7970;6;12;07-09-2029;7;70.0
7971;6;11;19-05-2027;13;910.0
7972;6;10;07-10-2030;5;225.0
7973;5;12;12-06-2027;7;70.0
7974;5;3;16-05-2030;6;1800.0
7975;5;1;04-06-2029;5;4000.0
7976;4;7;24-07-2027;6;540.0
7977;1;7;20-01-2030;8;720.0
7978;6;4;12-08-2028;7;70.0
7979;5;12;17-07-2029;15;150.0
7980;1;7;31-05-2028;5;450.0
7981;6;9;21-10-2026;10;1500.0
7982;5;8;02-06-2027;13;520.0
7983;5;8;31-12-2029;10;400.0
7984;4;10;12-07-2026;6;270.0
7985;1;4;03-03-2030;6;60.0
7986;1;7;24-06-2026;10;900.0
7987;5;1;26-11-2027;11;8800.0
7988;2;9;02-11-2029;6;900.0
7989;6;2;14-12-2027;9;4500.0
7990;3;5;13-06-2027;14;280.0
7991;5;10;05-11-2027;6;270.0
7992;4;5;14-09-2028;15;300.0
7993;4;1;25-08-2030;7;5600.0
7994;4;6;25-06-2027;8;1440.0
7995;6;3;12-01-2027;8;2400.0
7996;2;6;16-09-2027;12;2160.0
7997;5;2;19-09-2029;5;2500.0
7998;4;2;23-10-2030;15;7500.0
7999;3;2;09-10-2026;7;3500.0
8000;3;7;31-03-2028;11;990.0
8001;4;8;16-09-2030;8;320.0
8002;5;10;14-09-2029;9;405.0
8003;4;6;24-07-2028;10;1800.0
8004;2;1;25-04-2030;10;8000.0
8005;2;7;24-02-2029;10;900.0
8006;1;12;10-11-2028;10;100.0
8007;3;12;14-02-2028;6;60.0
8008;6;6;16-04-2027;10;1800.0
8009;4;10;25-03-2028;13;585.0
8010;4;4;01-12-2030;9;90.0
8011;1;8;11-05-2026;12;480.0
8012;5;7;22-09-2026;12;1080.0
8013;1;8;19-05-2028;15;600.0
8014;6;1;30-06-2030;14;11200.0
8015;6;3;26-02-2029;11;3300.0
8016;1;1;24-03-2027;13;10400.0
8017;4;8;12-05-2030;14;560.0
8018;5;2;15-05-2030;7;3500.0
8019;1;5;04-10-2030;13;260.0
8020;5;6;18-10-2030;8;1440.0
8021;5;8;04-05-2027;15;600.0
8022;4;9;22-02-2028;11;1650.0
8023;6;3;27-05-2030;13;3900.0
8024;1;9;15-10-2029;14;2100.0
8025;5;1;22-03-2027;8;6400.0
8026;6;9;02-04-2026;7;1050.0
8027;6;5;26-03-2028;7;140.0
8028;4;6;05-02-2027;14;2520.0
8029;3;3;20-01-2027;13;3900.0
8030;3;10;10-11-2027;11;495.0
8031;2;3;06-08-2027;11;3300.0
8032;4;1;30-05-2030;13;10400.0
8033;5;7;18-03-2030;13;1170.0
8034;6;1;16-09-2029;13;10400.0
8035;1;3;08-08-2030;14;4200.0
8036;1;9;25-01-2029;12;1800.0
8037;4;7;24-09-2027;12;1080.0
8038;4;4;16-03-2030;9;90.0
8039;1;10;04-01-2027;13;585.0
8040;4;2;17-11-2030;11;5500.0
8041;1;7;19-05-2029;15;1350.0
8042;2;6;14-11-2029;14;2520.0
8043;1;1;24-01-2030;13;10400.0
8044;4;2;09-09-2029;15;7500.0
8045;1;1;12-02-2030;14;11200.0
8046;6;4;27-06-2028;11;110.0
8047;1;1;15-07-2026;10;8000.0
8048;2;3;10-05-2030;8;2400.0
8049;4;2;23-10-2026;6;3000.0
8050;2;6;01-05-2026;14;2520.0
8051;2;11;02-03-2027;14;980.0
8052;4;12;07-03-2030;15;150.0
8053;4;5;26-03-2030;15;300.0
8054;1;10;07-05-2030;7;315.0
8055;5;6;10-09-2029;15;2700.0
8056;4;3;31-07-2028;5;1500.0
8057;5;12;01-01-2030;14;140.0
8058;1;9;24-09-2026;15;2250.0
8059;3;7;29-05-2030;11;990.0
8060;3;9;28-10-2030;9;1350.0
8061;6;5;11-04-2030;12;240.0
8062;5;8;11-11-2029;7;280.0
8063;2;1;22-04-2028;15;12000.0
8064;3;1;28-04-2028;9;7200.0
8065;5;5;19-10-2030;6;120.0
8066;4;11;21-08-2029;15;1050.0
8067;5;12;09-11-2028;15;150.0
8068;4;9;29-10-2026;13;1950.0
8069;3;3;30-08-2029;12;3600.0
8070;1;3;29-01-2028;12;3600.0
8071;1;11;21-06-2027;13;910.0
8072;4;7;05-07-2028;14;1260.0
8073;6;1;10-12-2029;13;10400.0
8074;1;11;07-03-2030;13;910.0
8075;6;2;29-12-2027;15;7500.0
8076;2;8;06-04-2027;9;360.0
8077;5;12;11-09-2030;11;110.0
8078;3;4;18-06-2027;8;80.0
8079;4;3;02-04-2029;5;1500.0
8080;2;8;26-11-2028;7;280.0
8081;4;1;20-06-2026;5;4000.0
8082;3;5;16-08-2027;13;260.0
8083;4;4;26-11-2030;14;140.0
8084;5;6;17-07-2027;10;1800.0
8085;6;1;10-10-2030;15;12000.0
8086;3;1;10-11-2029;11;8800.0
8087;6;3;26-05-2027;11;3300.0
8088;6;9;15-11-2029;11;1650.0
8089;2;10;23-11-2030;15;675.0
8090;3;1;26-06-2027;14;11200.0
8091;2;5;19-12-2030;14;280.0
8092;4;4;28-07-2029;8;80.0
8093;5;9;28-08-2028;5;750.0
8094;3;2;20-08-2028;10;5000.0
8095;5;6;30-09-2029;8;1440.0
8096;5;5;10-07-2028;14;280.0
8097;2;1;13-06-2028;5;4000.0
8098;2;12;26-06-2027;5;50.0
8099;6;4;15-02-2027;14;140.0
8100;2;7;10-11-2030;13;1170.0
8101;2;3;26-06-2027;13;3900.0
8102;4;12;29-09-2030;8;80.0
8103;6;3;16-05-2028;15;4500.0
8104;1;5;23-01-2027;5;100.0
8105;2;4;04-12-2028;14;140.0
8106;5;12;02-02-2027;6;60.0
8107;5;3;11-12-2028;6;1800.0
8108;4;10;18-08-2028;10;450.0
8109;5;8;09-03-2027;13;520.0
8110;2;4;15-11-2027;11;110.0
8111;2;9;06-09-2026;8;1200.0
8112;6;1;08-11-2027;6;4800.0
8113;3;9;11-07-2030;9;1350.0
8114;6;6;17-12-2027;5;900.0
8115;6;6;20-05-2029;7;1260.0
8116;1;4;13-10-2026;10;100.0
8117;1;6;03-07-2026;15;2700.0
8118;3;6;30-05-2030;6;1080.0
8119;1;2;07-04-2028;9;4500.0
8120;4;10;03-03-2026;14;630.0
8121;3;4;04-02-2030;9;90.0
8122;6;9;12-08-2026;9;1350.0
8123;1;11;14-06-2029;11;770.0
8124;2;10;09-09-2030;13;585.0
8125;6;3;29-09-2027;15;4500.0
8126;6;4;23-12-2030;13;130.0
8127;6;2;12-05-2030;9;4500.0
8128;1;4;06-01-2029;13;130.0
8129;3;10;03-04-2028;5;225.0
8130;5;7;16-11-2026;7;630.0
8131;5;5;23-02-2028;13;260.0
8132;4;3;14-03-2028;9;2700.0
8133;6;12;26-10-2027;6;60.0
8134;6;1;01-03-2029;9;7200.0
8135;6;11;27-12-2026;11;770.0
8136;5;1;29-12-2029;5;4000.0
8137;6;5;08-01-2028;9;180.0
8138;5;3;19-04-2028;14;4200.0
8139;3;2;21-10-2026;10;5000.0
8140;4;11;05-05-2030;5;350.0
8141;3;4;22-11-2027;9;90.0
8142;3;12;09-01-2029;10;100.0
8143;5;8;25-11-2027;8;320.0
8144;6;8;31-10-2029;6;240.0
8145;2;8;28-08-2029;10;400.0
8146;6;5;05-11-2027;12;240.0
8147;6;1;15-04-2030;12;9600.0
8148;6;12;29-04-2030;15;150.0
8149;2;4;18-12-2029;7;70.0
8150;6;12;23-11-2026;13;130.0
8151;6;1;28-11-2027;15;12000.0
8152;1;12;03-04-2030;9;90.0
8153;2;3;28-07-2027;10;3000.0
8154;6;5;20-09-2028;9;180.0
8155;3;4;15-06-2027;13;130.0
8156;3;6;22-02-2028;11;1980.0
8157;3;5;23-07-2026;6;120.0
8158;3;1;27-05-2028;9;7200.0
8159;5;12;16-01-2029;14;140.0
8160;4;1;19-05-2026;11;8800.0
8161;3;12;27-02-2030;10;100.0
8162;2;10;14-05-2028;10;450.0
8163;6;3;07-04-2026;12;3600.0
8164;2;10;05-11-2030;6;270.0
8165;1;6;03-01-2029;12;2160.0
8166;1;11;27-04-2027;9;630.0
8167;3;9;12-09-2027;9;1350.0
8168;4;6;15-05-2028;15;2700.0
8169;5;6;11-07-2030;13;2340.0
8170;6;4;12-12-2026;10;100.0
8171;1;7;08-05-2028;8;720.0
8172;2;8;23-01-2028;8;320.0
8173;2;9;07-05-2030;7;1050.0
8174;5;4;15-06-2028;10;100.0
8175;6;5;21-07-2030;15;300.0
8176;4;1;15-12-2029;12;9600.0
8177;3;6;10-05-2029;5;900.0
8178;3;9;02-03-2029;10;1500.0
8179;3;5;05-09-2028;5;100.0
8180;6;2;24-06-2029;12;6000.0
8181;5;4;12-03-2028;6;60.0
8182;2;9;17-09-2026;11;1650.0
8183;6;9;30-10-2028;6;900.0
8184;4;6;25-04-2028;11;1980.0
8185;4;2;16-12-2027;5;2500.0
8186;1;9;23-08-2028;15;2250.0
8187;3;10;14-04-2026;11;495.0
8188;5;12;13-07-2029;12;120.0
8189;5;5;21-03-2030;12;240.0
8190;2;4;08-04-2029;15;150.0
8191;1;12;06-05-2027;15;150.0
8192;2;1;04-11-2026;11;8800.0
8193;4;5;30-09-2029;9;180.0
8194;4;3;25-12-2030;14;4200.0
8195;3;2;04-03-2026;14;7000.0
8196;2;6;01-08-2029;6;1080.0
8197;1;7;28-08-2030;8;720.0
8198;3;9;06-11-2029;8;1200.0
8199;3;4;24-09-2026;9;90.0
8200;4;10;25-01-2027;12;540.0
8201;3;12;04-04-2028;5;50.0
8202;6;6;05-05-2027;5;900.0
8203;5;11;10-09-2026;15;1050.0
8204;2;6;04-08-2027;12;2160.0
8205;1;7;11-09-2030;14;1260.0
8206;6;9;16-07-2030;11;1650.0
8207;5;3;29-03-2030;12;3600.0
8208;5;1;15-09-2027;13;10400.0
8209;1;2;08-04-2029;6;3000.0
8210;1;7;15-11-2026;13;1170.0
8211;4;8;06-10-2026;13;520.0
8212;1;10;28-07-2028;5;225.0
8213;1;11;10-06-2029;8;560.0
8214;2;5;15-11-2029;15;300.0
8215;6;6;27-08-2026;8;1440.0
8216;6;2;27-05-2029;12;6000.0
8217;6;7;26-04-2028;11;990.0
8218;6;7;14-01-2030;12;1080.0
8219;3;8;03-04-2030;10;400.0
8220;6;12;20-07-2028;5;50.0
8221;1;1;11-11-2026;6;4800.0
8222;3;10;24-03-2029;7;315.0
8223;2;8;30-08-2027;6;240.0
8224;2;4;01-05-2026;13;130.0
8225;1;4;27-09-2027;9;90.0
8226;5;5;03-05-2029;6;120.0
8227;5;3;10-07-2030;13;3900.0
8228;3;4;03-05-2026;12;120.0
8229;5;12;22-04-2029;13;130.0
8230;2;9;02-08-2027;6;900.0
8231;5;2;16-02-2029;7;3500.0
8232;3;8;27-06-2026;15;600.0
8233;6;3;14-05-2028;12;3600.0
8234;2;6;21-07-2027;14;2520.0
8235;2;3;26-10-2028;8;2400.0
8236;3;6;31-05-2027;9;1620.0
8237;5;8;12-09-2028;8;320.0
8238;3;4;31-08-2028;14;140.0
8239;2;5;25-12-2028;6;120.0
8240;2;5;29-09-2027;9;180.0
8241;3;5;12-10-2028;13;260.0
8242;4;7;06-04-2027;5;450.0
8243;5;4;30-11-2030;12;120.0
8244;4;5;20-05-2027;11;220.0
8245;1;12;19-06-2030;6;60.0
8246;1;2;13-10-2030;7;3500.0
8247;3;6;25-07-2030;5;900.0
8248;2;8;29-10-2030;13;520.0
8249;5;4;30-05-2026;14;140.0
8250;4;9;27-07-2030;11;1650.0
8251;6;11;02-11-2030;13;910.0
8252;5;10;06-03-2029;12;540.0
8253;5;2;30-07-2029;11;5500.0
8254;3;8;31-10-2030;15;600.0
8255;5;6;24-04-2027;9;1620.0
8256;6;7;25-09-2027;12;1080.0
8257;4;4;12-08-2026;7;70.0
8258;4;10;03-08-2028;15;675.0
8259;1;10;15-03-2028;5;225.0
8260;1;2;01-10-2029;10;5000.0
8261;4;3;09-06-2030;6;1800.0
8262;1;7;09-05-2026;15;1350.0
8263;6;11;02-09-2026;14;980.0
8264;4;5;11-07-2028;9;180.0
8265;5;4;04-09-2030;15;150.0
8266;3;10;18-12-2029;12;540.0
8267;1;11;05-11-2026;11;770.0
8268;6;2;05-04-2027;13;6500.0
8269;6;1;03-03-2027;14;11200.0
8270;3;9;12-10-2030;12;1800.0
8271;5;1;25-06-2026;6;4800.0
8272;1;7;13-07-2029;5;450.0
8273;4;1;27-01-2028;11;8800.0
8274;1;1;22-05-2029;5;4000.0
8275;5;4;16-05-2029;6;60.0
8276;3;10;24-09-2029;15;675.0
8277;4;2;11-12-2028;12;6000.0
8278;5;9;18-02-2030;10;1500.0
8279;5;5;18-11-2030;12;240.0
8280;5;9;14-11-2027;7;1050.0
8281;1;5;29-12-2028;15;300.0
8282;6;9;05-07-2028;11;1650.0
8283;5;11;13-07-2027;5;350.0
8284;6;7;31-03-2026;9;810.0
8285;1;12;25-12-2026;14;140.0
8286;6;12;07-09-2027;12;120.0
8287;1;1;22-04-2028;13;10400.0
8288;6;5;04-06-2028;5;100.0
8289;6;9;18-01-2028;8;1200.0
8290;3;5;31-01-2028;12;240.0
8291;3;1;06-03-2027;15;12000.0
8292;4;3;11-04-2029;13;3900.0
8293;1;12;16-12-2027;15;150.0
8294;5;9;27-07-2029;11;1650.0
8295;2;1;09-12-2029;7;5600.0
8296;4;7;17-03-2026;8;720.0
8297;1;3;22-09-2028;12;3600.0
8298;1;6;24-07-2027;11;1980.0
8299;4;10;16-03-2027;7;315.0
8300;1;1;15-08-2030;6;4800.0
8301;1;11;27-10-2029;5;350.0
8302;3;3;11-10-2029;7;2100.0
8303;2;6;18-04-2027;10;1800.0
8304;4;2;21-03-2026;11;5500.0
8305;6;3;22-12-2028;9;2700.0
8306;1;5;19-10-2027;5;100.0
8307;1;3;25-01-2030;15;4500.0
8308;5;11;22-09-2028;7;490.0
8309;1;10;13-01-2027;11;495.0
8310;5;1;22-05-2029;8;6400.0
8311;4;10;16-04-2028;11;495.0
8312;5;10;10-10-2026;15;675.0
8313;3;12;10-06-2026;9;90.0
8314;6;8;03-09-2030;8;320.0
8315;4;8;26-10-2026;8;320.0
8316;5;11;25-08-2030;15;1050.0
8317;6;9;07-11-2028;11;1650.0
8318;6;1;14-02-2030;7;5600.0
8319;6;1;18-02-2029;6;4800.0
8320;2;12;20-02-2028;12;120.0
8321;2;10;27-06-2029;9;405.0
8322;5;11;18-08-2030;11;770.0
8323;2;12;14-11-2027;15;150.0
8324;4;10;28-05-2030;15;675.0
8325;6;2;16-09-2026;8;4000.0
8326;2;1;29-08-2026;11;8800.0
8327;1;2;12-05-2026;7;3500.0
8328;1;11;01-05-2030;8;560.0
8329;3;10;04-04-2030;7;315.0
8330;4;5;19-03-2029;10;200.0
8331;6;3;05-09-2026;13;3900.0
8332;2;3;27-09-2028;9;2700.0
8333;2;11;02-05-2029;9;630.0
8334;2;8;18-03-2028;6;240.0
8335;4;4;12-01-2029;8;80.0
8336;3;12;11-12-2027;15;150.0
8337;3;9;03-08-2027;5;750.0
8338;6;9;21-02-2029;13;1950.0
8339;2;8;16-03-2029;7;280.0
8340;2;3;24-01-2027;6;1800.0
8341;6;8;30-03-2026;5;200.0
8342;5;8;27-08-2028;13;520.0
8343;5;5;18-08-2026;14;280.0
8344;1;10;16-02-2028;12;540.0
8345;2;4;10-04-2026;8;80.0
8346;5;8;20-03-2029;8;320.0
8347;1;6;04-08-2028;5;900.0
8348;6;9;01-10-2028;7;1050.0
8349;6;2;02-08-2026;11;5500.0
8350;2;10;21-06-2027;5;225.0
8351;4;5;02-12-2026;9;180.0
8352;4;5;24-11-2030;12;240.0
8353;3;12;01-09-2029;7;70.0
8354;4;7;03-08-2026;11;990.0
8355;4;2;29-07-2026;8;4000.0
8356;1;6;31-08-2028;15;2700.0
8357;4;12;09-10-2026;5;50.0
8358;6;12;17-06-2026;7;70.0
8359;3;5;22-11-2028;13;260.0
8360;5;6;03-01-2027;5;900.0
8361;3;4;15-04-2027;12;120.0
8362;5;10;01-11-2027;5;225.0
8363;4;12;12-11-2030;5;50.0
8364;1;9;12-08-2026;13;1950.0
8365;5;7;19-12-2030;12;1080.0
8366;5;5;22-02-2027;5;100.0
8367;5;4;15-02-2029;6;60.0
8368;6;1;24-07-2028;5;4000.0
8369;4;2;03-10-2026;5;2500.0
8370;2;7;24-06-2027;9;810.0
8371;5;4;15-09-2027;12;120.0
8372;2;11;05-04-2029;7;490.0
8373;4;8;22-09-2026;9;360.0
8374;5;10;15-10-2026;10;450.0
8375;3;3;05-08-2028;10;3000.0
8376;5;6;09-06-2026;6;1080.0
8377;4;4;12-02-2030;12;120.0
8378;3;7;29-09-2026;13;1170.0
8379;1;12;05-01-2027;10;100.0
8380;2;9;16-04-2028;9;1350.0
8381;2;1;23-09-2028;13;10400.0
8382;3;4;13-06-2027;5;50.0
8383;3;9;02-07-2027;6;900.0
8384;1;10;24-01-2027;6;270.0
8385;3;8;26-04-2028;12;480.0
8386;5;1;28-11-2028;12;9600.0
8387;6;12;05-02-2029;7;70.0
8388;3;5;27-12-2030;11;220.0
8389;3;7;26-05-2030;5;450.0
8390;2;1;06-06-2028;15;12000.0
8391;5;6;05-02-2028;10;1800.0
8392;2;8;11-04-2028;9;360.0
8393;1;1;06-03-2026;13;10400.0
8394;6;9;11-09-2028;5;750.0
8395;2;9;14-10-2029;15;2250.0
8396;4;10;14-07-2028;10;450.0
8397;5;6;02-06-2028;13;2340.0
8398;2;9;12-03-2028;12;1800.0
8399;1;3;13-01-2027;7;2100.0
8400;3;1;08-01-2029;13;10400.0
8401;5;4;20-08-2026;11;110.0
8402;3;6;26-10-2029;14;2520.0
8403;1;1;09-12-2030;5;4000.0
8404;5;6;02-07-2030;5;900.0
8405;6;7;29-03-2026;5;450.0
8406;1;2;21-11-2030;6;3000.0
8407;1;8;09-02-2028;9;360.0
8408;1;6;17-05-2030;6;1080.0
8409;2;7;29-09-2030;7;630.0
8410;4;6;02-08-2029;13;2340.0
8411;3;4;08-06-2028;13;130.0
8412;5;4;04-11-2028;15;150.0
8413;1;9;21-11-2026;9;1350.0
8414;5;3;04-07-2030;9;2700.0
8415;6;12;09-08-2029;10;100.0
8416;2;9;11-08-2030;11;1650.0
8417;6;7;30-07-2028;10;900.0
8418;6;9;03-09-2027;6;900.0
8419;5;10;18-03-2026;9;405.0
8420;4;2;30-05-2028;7;3500.0
8421;3;8;31-07-2028;14;560.0
8422;6;4;19-09-2028;13;130.0
8423;5;6;22-08-2028;7;1260.0
8424;1;1;22-08-2027;9;7200.0
8425;3;10;06-11-2029;10;450.0
8426;4;9;07-03-2028;12;1800.0
8427;6;1;07-09-2030;7;5600.0
8428;2;3;23-10-2030;5;1500.0
8429;6;12;02-10-2029;8;80.0
8430;6;5;10-08-2030;5;100.0
8431;6;11;11-04-2030;11;770.0
8432;5;4;16-12-2026;15;150.0
8433;5;8;31-01-2030;13;520.0
8434;3;6;01-02-2028;6;1080.0
8435;6;1;13-11-2028;8;6400.0
8436;1;8;07-09-2030;14;560.0
8437;5;4;08-04-2030;12;120.0
8438;5;6;04-10-2027;13;2340.0
8439;5;1;03-09-2030;15;12000.0
8440;2;9;20-09-2027;10;1500.0
8441;3;3;22-11-2028;6;1800.0
8442;4;6;05-08-2029;13;2340.0
8443;3;6;13-05-2029;9;1620.0
8444;4;9;23-05-2028;13;1950.0
8445;6;6;30-09-2029;8;1440.0
8446;3;4;12-02-2028;13;130.0
8447;4;9;04-09-2027;8;1200.0
8448;4;2;18-01-2029;6;3000.0
8449;2;7;21-08-2029;8;720.0
8450;2;10;12-11-2026;13;585.0
8451;1;10;07-09-2030;6;270.0
8452;4;10;27-11-2030;7;315.0
8453;6;7;03-07-2027;8;720.0
8454;1;7;12-07-2026;10;900.0
8455;1;8;20-01-2030;10;400.0
8456;6;4;08-10-2030;10;100.0
8457;6;1;11-04-2026;13;10400.0
8458;3;7;17-01-2028;12;1080.0
8459;3;1;04-01-2029;15;12000.0
8460;6;1;04-12-2030;9;7200.0
8461;3;11;14-05-2030;15;1050.0
8462;5;6;28-09-2027;9;1620.0
8463;4;8;19-09-2027;11;440.0
8464;2;8;19-07-2026;11;440.0
8465;3;11;07-04-2030;6;420.0
8466;5;3;15-08-2028;10;3000.0
8467;5;11;09-07-2026;10;700.0
8468;5;7;31-01-2029;8;720.0
8469;5;9;22-07-2028;9;1350.0
8470;2;7;01-03-2028;10;900.0
8471;5;6;12-08-2026;15;2700.0
8472;1;1;19-06-2028;6;4800.0
8473;1;1;11-03-2029;5;4000.0
8474;3;10;02-11-2026;10;450.0
8475;3;4;16-05-2029;5;50.0
8476;1;6;29-05-2028;12;2160.0
8477;6;7;09-10-2028;6;540.0
8478;6;11;20-09-2026;11;770.0
8479;2;12;13-02-2029;10;100.0
8480;4;10;10-03-2027;7;315.0
8481;5;10;06-11-2029;13;585.0
8482;2;5;22-11-2030;12;240.0
8483;5;5;21-10-2029;12;240.0
8484;1;9;14-04-2026;8;1200.0
8485;2;9;11-03-2029;8;1200.0
8486;1;6;04-01-2030;10;1800.0
8487;6;5;27-04-2027;7;140.0
8488;4;6;16-10-2027;7;1260.0
8489;3;7;11-10-2028;9;810.0
8490;1;12;21-04-2027;11;110.0
8491;6;4;03-07-2030;14;140.0
8492;6;5;09-05-2026;13;260.0
8493;6;9;02-01-2027;8;1200.0
8494;3;8;03-12-2028;5;200.0
8495;5;1;28-02-2027;15;12000.0
8496;2;11;08-12-2030;10;700.0
8497;1;1;20-03-2029;15;12000.0
8498;3;2;04-07-2029;13;6500.0
8499;4;10;27-06-2029;7;315.0
8500;6;10;14-02-2028;6;270.0
8501;5;1;10-09-2030;14;11200.0
8502;1;12;08-05-2029;9;90.0
8503;3;9;02-05-2026;12;1800.0
8504;1;5;03-01-2029;14;280.0
8505;2;9;05-11-2026;14;2100.0
8506;1;5;07-01-2030;5;100.0
8507;5;11;06-05-2026;15;1050.0
8508;6;3;09-09-2030;7;2100.0
8509;3;12;16-06-2029;11;110.0
8510;5;1;31-10-2027;5;4000.0
8511;4;4;20-07-2027;15;150.0
8512;3;11;21-06-2028;6;420.0
8513;4;8;28-01-2027;7;280.0
8514;1;4;10-03-2026;12;120.0
8515;2;4;06-09-2028;10;100.0
8516;2;9;18-04-2026;9;1350.0
8517;2;11;24-09-2027;12;840.0
8518;4;7;28-06-2029;12;1080.0
8519;4;3;05-12-2026;14;4200.0
8520;1;8;23-11-2027;15;600.0
8521;1;5;31-07-2028;11;220.0
8522;2;11;03-11-2026;12;840.0
8523;5;5;06-03-2026;8;160.0
8524;2;11;28-08-2026;9;630.0
8525;5;10;02-09-2028;15;675.0
8526;1;8;02-06-2029;7;280.0
8527;6;9;21-09-2026;11;1650.0
8528;1;4;14-10-2027;7;70.0
8529;6;8;11-01-2029;12;480.0
8530;6;8;08-02-2027;12;480.0
8531;6;9;16-01-2028;13;1950.0
8532;1;1;05-08-2030;15;12000.0
8533;4;7;23-04-2027;5;450.0
8534;4;8;03-04-2027;9;360.0
8535;2;1;15-03-2028;7;5600.0
8536;3;10;03-03-2028;14;630.0
8537;4;5;20-01-2029;5;100.0
8538;6;12;13-04-2028;15;150.0
8539;3;2;02-05-2027;9;4500.0
8540;1;2;18-06-2030;8;4000.0
8541;6;7;14-12-2028;5;450.0
8542;2;7;10-06-2026;14;1260.0
8543;4;1;28-07-2029;15;12000.0
8544;6;8;17-03-2030;10;400.0
8545;4;7;15-04-2026;15;1350.0
8546;5;6;12-05-2028;10;1800.0
8547;6;6;16-07-2028;12;2160.0
8548;2;8;03-03-2030;11;440.0
8549;4;11;28-11-2027;5;350.0
8550;3;4;30-09-2027;13;130.0
8551;2;10;12-03-2030;14;630.0
8552;4;1;03-12-2028;11;8800.0
8553;6;4;20-04-2028;10;100.0
8554;1;6;17-02-2030;5;900.0
8555;1;11;20-03-2029;8;560.0
8556;1;5;20-08-2027;12;240.0
8557;3;3;09-10-2029;6;1800.0
8558;1;9;21-04-2028;10;1500.0
8559;5;9;14-03-2028;7;1050.0
8560;4;3;22-05-2030;5;1500.0
8561;1;5;16-03-2028;6;120.0
8562;1;12;04-11-2026;14;140.0
8563;6;11;17-09-2030;15;1050.0
8564;1;3;22-11-2026;15;4500.0
8565;6;1;17-09-2026;15;12000.0
8566;4;8;26-10-2028;11;440.0
8567;4;7;09-02-2029;8;720.0
8568;6;1;05-01-2027;15;12000.0
8569;1;7;24-04-2028;5;450.0
8570;2;3;08-09-2027;12;3600.0
8571;6;10;07-07-2030;11;495.0
8572;3;2;30-08-2030;15;7500.0
8573;5;5;11-01-2027;10;200.0
8574;3;5;27-04-2030;14;280.0
8575;4;7;07-05-2029;15;1350.0
8576;2;2;27-02-2028;5;2500.0
8577;3;12;28-12-2030;14;140.0
8578;1;3;05-05-2028;10;3000.0
8579;4;12;11-08-2030;9;90.0
8580;5;5;30-03-2026;9;180.0
8581;5;6;08-07-2029;5;900.0
8582;4;9;03-09-2030;5;750.0
8583;4;6;07-06-2028;11;1980.0
8584;6;9;13-03-2028;7;1050.0
8585;2;1;28-03-2028;15;12000.0
8586;1;9;22-08-2029;9;1350.0
8587;3;5;22-11-2027;7;140.0
8588;4;2;17-10-2027;14;7000.0
8589;1;3;08-03-2028;9;2700.0
8590;4;12;11-12-2029;6;60.0
8591;4;2;17-06-2030;6;3000.0
8592;6;9;11-11-2028;5;750.0
8593;5;5;08-11-2030;15;300.0
8594;3;11;23-03-2027;5;350.0
8595;6;6;01-06-2029;10;1800.0
8596;5;2;27-03-2029;12;6000.0
8597;3;7;19-06-2029;14;1260.0
8598;2;5;19-07-2029;10;200.0
8599;3;7;18-12-2028;13;1170.0
8600;1;11;15-09-2028;7;490.0
8601;4;3;18-01-2029;15;4500.0
8602;3;12;20-08-2028;11;110.0
8603;5;4;18-12-2029;9;90.0
8604;3;5;16-05-2028;14;280.0
8605;4;9;23-02-2026;11;1650.0
8606;3;9;10-10-2026;9;1350.0
8607;3;10;24-10-2027;12;540.0
8608;3;6;23-05-2026;15;2700.0
8609;1;4;20-04-2027;14;140.0
8610;1;1;09-04-2029;7;5600.0
8611;5;11;06-12-2029;12;840.0
8612;4;5;21-07-2029;12;240.0
8613;1;11;17-06-2030;14;980.0
8614;5;7;09-08-2030;9;810.0
8615;3;6;04-01-2029;11;1980.0
8616;2;11;05-08-2030;12;840.0
8617;2;4;22-06-2026;11;110.0
8618;3;11;13-09-2030;14;980.0
8619;2;12;22-11-2026;6;60.0
8620;4;11;09-02-2030;7;490.0
8621;2;3;11-06-2027;7;2100.0
8622;5;5;08-04-2027;11;220.0
8623;2;10;05-12-2029;13;585.0
8624;2;4;18-08-2029;14;140.0
8625;5;7;24-07-2030;7;630.0
8626;6;3;26-11-2026;6;1800.0
8627;6;5;18-12-2029;12;240.0
8628;4;2;27-01-2028;12;6000.0
8629;6;12;05-06-2028;5;50.0
8630;3;9;12-05-2026;15;2250.0
8631;1;5;19-03-2026;13;260.0
8632;2;8;18-01-2028;6;240.0
8633;5;3;13-11-2029;10;3000.0
8634;2;12;14-07-2030;5;50.0
8635;1;2;28-08-2029;5;2500.0
8636;1;4;26-04-2028;9;90.0
8637;6;10;19-10-2026;11;495.0
8638;2;5;24-06-2030;9;180.0
8639;6;6;04-11-2030;13;2340.0
8640;5;12;29-05-2029;12;120.0
8641;2;5;31-03-2029;15;300.0
8642;2;10;15-04-2026;11;495.0
8643;2;2;04-02-2028;12;6000.0
8644;3;1;19-03-2026;5;4000.0
8645;4;2;30-06-2026;5;2500.0
8646;2;11;25-02-2028;11;770.0
8647;3;4;19-09-2027;13;130.0
8648;5;7;19-04-2026;13;1170.0
8649;1;4;13-08-2028;11;110.0
8650;5;7;25-02-2030;9;810.0
8651;5;12;31-07-2027;14;140.0
8652;3;12;01-05-2029;7;70.0
8653;5;4;27-03-2028;14;140.0
8654;4;5;04-11-2029;7;140.0
8655;1;9;02-06-2026;15;2250.0
8656;5;1;13-12-2027;7;5600.0
8657;2;2;13-05-2027;8;4000.0
8658;5;9;29-11-2027;10;1500.0
8659;3;7;11-02-2028;6;540.0
8660;1;12;03-10-2026;9;90.0
8661;2;2;20-07-2029;15;7500.0
8662;5;4;31-08-2028;5;50.0
8663;3;11;01-03-2027;10;700.0
8664;5;8;20-12-2029;8;320.0
8665;5;11;27-04-2030;7;490.0
8666;3;10;13-03-2027;15;675.0
8667;4;8;23-03-2030;9;360.0
8668;4;6;03-12-2029;14;2520.0
8669;6;4;13-04-2029;9;90.0
8670;5;10;05-02-2027;9;405.0
8671;5;4;03-07-2027;5;50.0
8672;6;5;23-10-2028;9;180.0
8673;3;9;18-06-2027;5;750.0
8674;4;2;09-03-2030;11;5500.0
8675;4;10;04-03-2029;10;450.0
8676;3;6;15-02-2028;7;1260.0
8677;4;2;09-01-2028;12;6000.0
8678;3;1;05-04-2029;8;6400.0
8679;1;9;14-10-2029;8;1200.0
8680;4;9;10-01-2030;5;750.0
8681;3;10;19-04-2028;8;360.0
8682;4;3;21-10-2026;13;3900.0
8683;1;5;13-10-2029;7;140.0
8684;6;6;04-04-2029;15;2700.0
8685;6;6;18-07-2030;12;2160.0
8686;4;9;23-04-2028;12;1800.0
8687;2;6;25-07-2028;5;900.0
8688;2;8;28-12-2028;6;240.0
8689;3;11;26-09-2029;7;490.0
8690;5;4;21-04-2029;14;140.0
8691;3;1;06-08-2026;11;8800.0
8692;1;12;16-09-2027;5;50.0
8693;4;12;26-09-2026;9;90.0
8694;3;9;06-08-2030;5;750.0
8695;5;9;13-04-2026;5;750.0
8696;4;11;25-05-2029;7;490.0
8697;2;7;21-11-2029;15;1350.0
8698;3;12;02-01-2030;5;50.0
8699;1;4;29-07-2028;14;140.0
8700;2;12;03-01-2027;12;120.0
8701;1;1;24-03-2030;11;8800.0
8702;4;9;09-09-2026;10;1500.0
8703;2;2;15-06-2027;5;2500.0
8704;5;6;08-06-2026;13;2340.0
8705;5;5;15-03-2029;10;200.0
8706;2;3;30-11-2029;10;3000.0
8707;6;4;30-06-2028;7;70.0
8708;6;1;07-10-2029;7;5600.0
8709;3;6;17-03-2027;10;1800.0
8710;2;1;23-04-2027;8;6400.0
8711;1;6;21-07-2026;9;1620.0
8712;1;9;12-11-2029;14;2100.0
8713;3;9;08-08-2027;14;2100.0
8714;3;6;05-06-2027;13;2340.0
8715;1;12;12-11-2030;7;70.0
8716;6;1;11-08-2030;10;8000.0
8717;5;10;01-10-2029;13;585.0
8718;5;2;03-08-2026;14;7000.0
8719;6;3;01-11-2030;7;2100.0
8720;2;10;16-06-2029;14;630.0
8721;2;7;15-07-2027;10;900.0
8722;5;9;08-04-2028;14;2100.0
8723;2;9;28-08-2030;13;1950.0
8724;2;7;02-05-2028;12;1080.0
8725;2;9;09-12-2026;5;750.0
8726;1;6;05-12-2027;12;2160.0
8727;1;5;27-05-2026;8;160.0
8728;3;12;11-01-2027;10;100.0
8729;3;12;01-08-2030;15;150.0
8730;6;12;15-11-2029;14;140.0
8731;1;10;06-06-2030;15;675.0
8732;1;8;03-02-2029;14;560.0
8733;6;8;28-11-2027;11;440.0
8734;5;3;11-03-2030;12;3600.0
8735;5;12;23-03-2030;7;70.0
8736;2;7;13-02-2030;5;450.0
8737;5;7;29-09-2027;10;900.0
8738;1;2;01-07-2026;13;6500.0
8739;6;9;03-05-2026;13;1950.0
8740;3;1;07-04-2027;14;11200.0
8741;3;2;12-06-2030;7;3500.0
8742;1;10;07-06-2028;10;450.0
8743;2;8;27-03-2030;11;440.0
8744;3;1;16-09-2026;9;7200.0
8745;5;7;26-02-2027;8;720.0
8746;1;3;04-08-2028;8;2400.0
8747;1;8;21-02-2028;8;320.0
8748;2;1;15-08-2026;13;10400.0
8749;4;7;25-09-2028;9;810.0
8750;2;10;26-03-2028;13;585.0
8751;2;1;18-03-2027;7;5600.0
8752;6;7;03-01-2030;13;1170.0
8753;1;9;15-03-2029;10;1500.0
8754;5;1;17-11-2028;8;6400.0
8755;6;11;13-09-2028;8;560.0
8756;5;1;29-11-2030;9;7200.0
8757;6;5;09-03-2028;12;240.0
8758;3;11;29-08-2026;8;560.0
8759;6;5;31-01-2030;11;220.0
8760;2;2;21-10-2029;10;5000.0
8761;1;8;16-09-2027;12;480.0
8762;1;9;16-07-2030;11;1650.0
8763;5;7;15-10-2027;14;1260.0
8764;6;7;22-05-2026;6;540.0
8765;1;1;06-09-2029;12;9600.0
8766;3;2;24-06-2029;7;3500.0
8767;2;9;24-09-2027;10;1500.0
8768;4;4;23-08-2028;15;150.0
8769;3;6;30-05-2027;13;2340.0
8770;1;1;09-01-2030;9;7200.0
8771;5;11;12-04-2029;9;630.0
8772;3;9;07-03-2027;10;1500.0
8773;4;8;20-01-2027;9;360.0
8774;3;7;24-05-2027;5;450.0
8775;2;7;12-03-2029;9;810.0
8776;4;6;05-12-2027;9;1620.0
8777;5;4;20-02-2028;11;110.0
8778;3;12;20-07-2028;9;90.0
8779;4;11;12-06-2030;7;490.0
8780;1;1;15-02-2027;10;8000.0
8781;1;4;27-12-2030;8;80.0
8782;5;9;24-01-2028;5;750.0
8783;2;9;27-08-2027;10;1500.0
8784;4;11;27-09-2026;15;1050.0
8785;4;8;31-12-2028;5;200.0
8786;1;10;02-08-2027;13;585.0
8787;6;11;25-11-2027;6;420.0
8788;4;8;17-03-2027;8;320.0
8789;3;7;26-08-2029;15;1350.0
8790;3;9;20-10-2026;12;1800.0
8791;1;7;02-08-2028;14;1260.0
8792;5;6;23-09-2029;14;2520.0
8793;6;2;27-08-2028;12;6000.0
8794;6;8;08-10-2026;14;560.0
8795;3;6;30-05-2029;12;2160.0
8796;3;2;09-01-2029;9;4500.0
8797;6;12;04-06-2029;12;120.0
8798;1;7;28-02-2029;8;720.0
8799;1;1;07-06-2027;12;9600.0
8800;4;4;18-06-2027;14;140.0
8801;2;5;25-01-2029;13;260.0
8802;4;11;13-10-2030;9;630.0
8803;3;3;21-08-2029;8;2400.0
8804;6;5;16-09-2030;7;140.0
8805;3;3;14-05-2030;8;2400.0
8806;3;7;17-05-2028;7;630.0
8807;6;4;12-03-2030;6;60.0
8808;2;10;05-11-2027;13;585.0
8809;2;4;27-12-2029;15;150.0
8810;4;3;18-02-2028;8;2400.0
8811;3;11;19-02-2026;14;980.0
8812;1;5;06-08-2029;10;200.0
8813;3;11;16-10-2026;15;1050.0
8814;6;7;27-07-2027;12;1080.0
8815;1;9;27-11-2028;5;750.0
8816;5;1;20-10-2030;14;11200.0
8817;2;8;18-09-2028;15;600.0
8818;3;6;23-08-2026;11;1980.0
8819;6;6;08-08-2026;15;2700.0
8820;6;11;07-10-2030;9;630.0
8821;1;4;08-11-2026;15;150.0
8822;1;3;01-09-2027;15;4500.0
8823;4;10;30-08-2028;5;225.0
8824;4;8;11-04-2030;8;320.0
8825;1;11;21-04-2027;13;910.0
8826;5;2;08-07-2027;5;2500.0
8827;2;12;01-11-2029;8;80.0
8828;6;12;01-11-2027;5;50.0
8829;6;4;08-07-2026;6;60.0
8830;3;1;28-12-2028;8;6400.0
8831;2;4;17-06-2029;8;80.0
8832;3;6;30-05-2027;13;2340.0
8833;2;4;11-04-2030;10;100.0
8834;5;5;03-11-2026;7;140.0
8835;1;5;15-05-2026;8;160.0
8836;5;12;14-06-2028;14;140.0
8837;3;6;20-04-2026;11;1980.0
8838;3;11;07-01-2029;13;910.0
8839;1;11;29-01-2029;14;980.0
8840;5;8;12-10-2029;10;400.0
8841;3;12;23-10-2030;11;110.0
8842;5;8;15-03-2026;9;360.0
8843;3;6;26-01-2030;11;1980.0
8844;1;9;17-05-2028;13;1950.0
8845;3;7;16-10-2030;14;1260.0
8846;4;1;20-02-2026;6;4800.0
8847;4;6;22-02-2029;14;2520.0
8848;5;3;14-04-2030;11;3300.0
8849;4;5;21-02-2028;7;140.0
8850;5;3;15-04-2029;15;4500.0
8851;1;6;17-09-2028;8;1440.0
8852;1;7;23-04-2027;15;1350.0
8853;5;7;29-08-2029;12;1080.0
8854;5;1;20-02-2028;14;11200.0
8855;3;2;03-11-2028;13;6500.0
8856;1;7;22-09-2029;11;990.0
8857;4;3;23-05-2030;13;3900.0
8858;2;8;01-07-2026;13;520.0
8859;3;5;03-12-2030;14;280.0
8860;2;10;06-10-2029;8;360.0
8861;3;8;10-08-2028;10;400.0
8862;6;6;03-09-2028;11;1980.0
8863;5;1;08-04-2028;9;7200.0
8864;1;7;07-03-2029;10;900.0
8865;5;5;22-12-2029;11;220.0
8866;1;2;25-04-2029;9;4500.0
8867;6;2;29-10-2027;13;6500.0
8868;6;8;03-05-2028;11;440.0
8869;4;11;11-11-2027;10;700.0
8870;1;4;26-03-2026;6;60.0
8871;1;5;09-11-2029;13;260.0
8872;3;4;08-01-2030;13;130.0
8873;6;12;18-04-2028;15;150.0
8874;1;3;04-05-2030;5;1500.0
8875;3;9;15-09-2026;9;1350.0
8876;4;2;15-10-2027;12;6000.0
8877;1;12;28-04-2027;12;120.0
8878;4;1;27-10-2028;11;8800.0
8879;2;12;26-12-2029;6;60.0
8880;5;5;25-05-2030;9;180.0
8881;3;8;01-03-2029;14;560.0
8882;6;11;20-03-2029;11;770.0
8883;5;10;31-10-2029;10;450.0
8884;1;11;15-03-2026;9;630.0
8885;5;12;29-10-2030;8;80.0
8886;1;3;26-02-2030;6;1800.0
8887;1;9;05-08-2027;14;2100.0
8888;6;8;25-04-2029;10;400.0
8889;4;10;27-03-2030;15;675.0
8890;5;11;03-11-2027;7;490.0
8891;6;2;15-11-2028;6;3000.0
8892;3;1;22-06-2030;9;7200.0
8893;2;11;04-07-2029;15;1050.0
8894;3;4;01-05-2026;11;110.0
8895;1;3;30-05-2028;11;3300.0
8896;1;6;06-12-2030;9;1620.0
8897;3;10;12-08-2030;10;450.0
8898;5;4;23-01-2027;6;60.0
8899;3;5;18-10-2029;10;200.0
8900;4;1;08-05-2029;10;8000.0
8901;5;9;20-07-2027;5;750.0
8902;4;9;13-06-2029;13;1950.0
8903;3;4;24-01-2028;8;80.0
8904;5;3;05-11-2028;15;4500.0
8905;6;11;11-04-2026;10;700.0
8906;2;7;09-06-2030;14;1260.0
8907;5;8;12-09-2030;5;200.0
8908;1;10;21-09-2026;9;405.0
8909;6;5;25-03-2030;14;280.0
8910;3;12;21-02-2030;15;150.0
8911;4;3;29-09-2028;15;4500.0
8912;5;5;15-10-2028;10;200.0
8913;2;6;21-06-2027;8;1440.0
8914;2;1;26-07-2030;13;10400.0
8915;3;2;18-02-2027;13;6500.0
8916;1;2;07-09-2030;14;7000.0
8917;1;8;06-06-2030;14;560.0
8918;5;5;16-07-2029;5;100.0
8919;3;6;12-03-2026;10;1800.0
8920;6;7;15-07-2027;13;1170.0
8921;2;3;17-08-2026;13;3900.0
8922;1;9;30-04-2027;13;1950.0
8923;2;5;10-08-2028;6;120.0
8924;2;6;31-05-2026;5;900.0
8925;3;12;14-03-2028;15;150.0
8926;2;9;21-02-2028;8;1200.0
8927;1;3;01-07-2026;10;3000.0
8928;3;3;14-09-2030;6;1800.0
8929;4;8;08-09-2026;11;440.0
8930;3;3;28-03-2029;11;3300.0
8931;1;5;13-06-2028;12;240.0
8932;5;11;21-04-2029;5;350.0
8933;6;7;04-11-2028;6;540.0
8934;2;1;13-10-2030;11;8800.0
8935;3;7;03-06-2026;10;900.0
8936;4;4;16-09-2026;7;70.0
8937;1;7;17-07-2027;10;900.0
8938;5;5;18-10-2029;15;300.0
8939;3;7;27-01-2028;7;630.0
8940;1;5;16-10-2027;11;220.0
8941;5;8;16-06-2030;6;240.0
8942;2;3;17-06-2029;13;3900.0
8943;4;10;29-01-2030;14;630.0
8944;2;11;07-11-2030;12;840.0
8945;2;5;09-02-2030;15;300.0
8946;6;4;17-04-2028;12;120.0
8947;6;2;05-03-2027;6;3000.0
8948;3;11;20-07-2029;6;420.0
8949;2;3;26-03-2029;13;3900.0
8950;6;5;23-07-2026;11;220.0
8951;2;12;16-10-2028;13;130.0
8952;2;12;12-03-2027;9;90.0
8953;6;11;16-01-2028;14;980.0
8954;3;3;17-02-2027;7;2100.0
8955;1;10;29-08-2027;5;225.0
8956;3;7;11-09-2029;10;900.0
8957;5;3;05-10-2029;7;2100.0
8958;4;9;24-09-2029;14;2100.0
8959;5;11;04-10-2027;10;700.0
8960;1;12;29-11-2028;5;50.0
8961;3;9;27-11-2027;13;1950.0
8962;6;1;11-08-2029;10;8000.0
8963;2;10;08-02-2030;12;540.0
8964;2;4;21-12-2030;14;140.0
8965;4;9;09-11-2026;6;900.0
8966;3;11;09-10-2026;12;840.0
8967;6;4;11-05-2029;10;100.0
8968;2;6;01-07-2029;8;1440.0
8969;3;8;07-06-2028;11;440.0
8970;3;7;07-05-2029;7;630.0
8971;5;5;25-07-2026;8;160.0
8972;3;9;22-11-2028;9;1350.0
8973;2;9;31-07-2029;6;900.0
8974;6;9;25-11-2029;10;1500.0
8975;3;3;02-02-2030;9;2700.0
8976;2;9;24-05-2028;6;900.0
8977;4;9;01-12-2029;11;1650.0
8978;4;4;12-01-2028;7;70.0
8979;1;7;10-03-2030;9;810.0
8980;5;7;09-08-2030;10;900.0
8981;2;3;28-08-2027;7;2100.0
8982;1;2;31-12-2027;6;3000.0
8983;1;11;24-01-2027;8;560.0
8984;4;9;11-04-2027;8;1200.0
8985;4;3;26-12-2027;14;4200.0
8986;2;5;23-02-2027;5;100.0
8987;1;10;15-09-2028;5;225.0
8988;3;8;27-12-2028;8;320.0
8989;4;5;26-12-2028;8;160.0
8990;1;6;05-08-2028;13;2340.0
8991;1;3;14-04-2026;12;3600.0
8992;4;9;24-06-2027;10;1500.0
8993;3;10;09-07-2029;9;405.0
8994;3;6;20-08-2028;5;900.0
8995;3;6;07-11-2030;5;900.0
8996;2;5;09-12-2029;9;180.0
8997;3;12;13-03-2026;14;140.0
8998;3;6;26-12-2026;8;1440.0
8999;2;9;16-02-2030;10;1500.0
9000;5;12;30-03-2026;11;110.0
9001;6;6;21-11-2027;11;1980.0
9002;1;9;31-05-2029;10;1500.0
9003;1;9;13-12-2028;12;1800.0
9004;3;12;10-12-2028;15;150.0
9005;3;4;23-03-2026;9;90.0
9006;5;6;15-08-2029;5;900.0
9007;4;9;14-01-2030;13;1950.0
9008;1;3;13-11-2027;14;4200.0
9009;3;2;02-10-2026;13;6500.0
9010;4;3;19-11-2026;13;3900.0
9011;6;1;19-01-2030;15;12000.0
9012;3;9;04-05-2027;9;1350.0
9013;6;3;16-02-2029;11;3300.0
9014;1;3;16-03-2030;8;2400.0
9015;3;12;08-10-2026;12;120.0
9016;4;11;22-09-2026;10;700.0
9017;2;7;13-01-2027;7;630.0
9018;2;11;25-06-2029;13;910.0
9019;6;3;31-12-2030;8;2400.0
9020;6;12;16-10-2029;5;50.0
9021;5;6;08-12-2026;8;1440.0
9022;3;11;22-04-2029;8;560.0
9023;2;8;18-10-2027;5;200.0
9024;3;8;29-04-2026;12;480.0
9025;4;9;07-09-2030;7;1050.0
9026;6;10;29-09-2030;7;315.0
9027;5;12;11-06-2029;13;130.0
9028;3;8;29-08-2028;13;520.0
9029;1;2;12-01-2030;9;4500.0
9030;3;1;20-08-2027;7;5600.0
9031;1;11;25-04-2028;5;350.0
9032;1;9;03-04-2026;15;2250.0
9033;1;12;20-08-2026;15;150.0
9034;4;7;03-11-2028;12;1080.0
9035;4;2;03-04-2029;5;2500.0
9036;1;6;05-02-2030;11;1980.0
9037;5;8;15-08-2026;14;560.0
9038;2;10;12-12-2026;13;585.0
9039;3;9;23-03-2029;9;1350.0
9040;2;4;21-05-2028;9;90.0
9041;1;2;11-02-2029;8;4000.0
9042;5;2;26-07-2027;12;6000.0
9043;3;5;04-01-2028;15;300.0
9044;6;1;01-05-2028;13;10400.0
9045;5;12;30-03-2026;9;90.0
9046;4;12;27-11-2030;14;140.0
9047;4;5;26-01-2027;8;160.0
9048;5;5;03-09-2029;11;220.0
9049;2;9;19-05-2026;13;1950.0
9050;4;5;10-08-2026;6;120.0
9051;3;5;01-06-2026;8;160.0
9052;6;3;18-01-2027;15;4500.0
9053;5;11;21-08-2029;10;700.0
9054;1;10;12-03-2030;8;360.0
9055;4;9;09-04-2030;9;1350.0
9056;3;2;22-12-2029;15;7500.0
9057;1;7;22-02-2029;6;540.0
9058;3;11;10-12-2028;12;840.0
9059;3;2;29-11-2029;14;7000.0
9060;4;8;21-08-2027;5;200.0
9061;4;2;23-11-2030;12;6000.0
9062;6;3;19-03-2026;12;3600.0
9063;2;9;05-11-2028;13;1950.0
9064;2;3;17-01-2027;12;3600.0
9065;2;5;23-08-2027;12;240.0
9066;2;12;18-03-2027;5;50.0
9067;2;10;10-07-2030;6;270.0
9068;3;8;07-06-2028;14;560.0
9069;2;4;30-12-2026;14;140.0
9070;1;3;18-06-2030;13;3900.0
9071;1;6;26-11-2028;10;1800.0
9072;3;5;30-03-2028;12;240.0
9073;1;11;02-06-2027;5;350.0
9074;1;11;05-12-2027;6;420.0
9075;4;6;20-05-2026;8;1440.0
9076;6;12;24-10-2027;5;50.0
9077;6;11;11-09-2026;6;420.0
9078;3;9;08-07-2026;13;1950.0
9079;2;8;18-09-2026;7;280.0
9080;6;7;17-01-2029;5;450.0
9081;5;4;04-02-2030;12;120.0
9082;1;3;03-04-2029;7;2100.0
9083;6;2;08-10-2028;12;6000.0
9084;3;4;19-02-2027;14;140.0
9085;2;6;01-11-2028;8;1440.0
9086;2;7;14-07-2027;9;810.0
9087;4;4;13-12-2028;14;140.0
9088;5;6;13-06-2028;8;1440.0
9089;1;6;18-08-2027;8;1440.0
9090;3;4;17-06-2027;8;80.0
9091;3;1;19-06-2030;6;4800.0
9092;3;8;27-02-2027;15;600.0
9093;6;4;31-12-2029;5;50.0
9094;6;8;12-06-2026;7;280.0
9095;2;6;19-09-2028;12;2160.0
9096;5;1;02-05-2026;6;4800.0
9097;5;12;27-12-2027;15;150.0
9098;3;2;26-10-2029;15;7500.0
9099;5;5;08-04-2029;14;280.0
9100;4;8;21-03-2027;7;280.0
9101;5;2;07-06-2030;10;5000.0
9102;1;7;05-05-2028;10;900.0
9103;4;12;11-05-2029;11;110.0
9104;6;4;05-01-2027;12;120.0
9105;2;11;01-08-2028;12;840.0
9106;1;1;12-02-2027;11;8800.0
9107;4;4;20-10-2030;10;100.0
9108;5;5;06-10-2026;13;260.0
9109;5;7;20-10-2027;5;450.0
9110;1;12;30-03-2026;6;60.0
9111;3;1;18-06-2030;6;4800.0
9112;3;11;22-09-2029;13;910.0
9113;4;8;20-11-2029;14;560.0
9114;2;1;20-11-2029;12;9600.0
9115;6;6;31-03-2026;15;2700.0
9116;2;9;01-12-2030;10;1500.0
9117;1;11;06-01-2030;5;350.0
9118;3;12;03-10-2027;6;60.0
9119;2;2;13-10-2029;12;6000.0
9120;6;10;26-02-2027;7;315.0
9121;4;10;02-12-2027;13;585.0
9122;3;2;01-09-2029;8;4000.0
9123;3;9;15-11-2029;11;1650.0
9124;1;12;22-01-2027;6;60.0
9125;1;1;06-01-2030;6;4800.0
9126;1;1;19-11-2029;5;4000.0
9127;1;3;26-10-2027;8;2400.0
9128;2;4;21-05-2029;6;60.0
9129;1;1;21-07-2028;12;9600.0
9130;2;5;16-06-2028;7;140.0
9131;1;10;27-10-2028;13;585.0
9132;5;8;25-04-2029;12;480.0
9133;2;10;09-09-2026;6;270.0
9134;3;1;09-07-2030;8;6400.0
9135;6;5;20-11-2028;8;160.0
9136;3;5;02-02-2029;13;260.0
9137;2;5;05-06-2030;9;180.0
9138;6;6;11-03-2030;6;1080.0
9139;3;3;22-12-2029;8;2400.0
9140;5;11;20-07-2029;15;1050.0
9141;6;2;12-11-2029;5;2500.0
9142;2;1;11-09-2030;7;5600.0
9143;1;12;07-12-2027;7;70.0
9144;6;11;26-01-2029;8;560.0
9145;6;9;29-04-2030;10;1500.0
9146;6;12;10-08-2029;15;150.0
9147;3;9;09-07-2028;13;1950.0
9148;6;10;11-11-2030;14;630.0
9149;1;12;20-05-2027;6;60.0
9150;1;7;06-01-2028;6;540.0
9151;1;2;20-02-2029;7;3500.0
9152;5;6;02-11-2030;13;2340.0
9153;3;1;06-10-2027;6;4800.0
9154;2;2;22-04-2029;9;4500.0
9155;5;4;02-12-2026;11;110.0
9156;6;6;28-09-2029;6;1080.0
9157;2;2;15-03-2028;13;6500.0
9158;2;3;17-02-2028;13;3900.0
9159;6;2;30-08-2027;8;4000.0
9160;5;4;05-12-2028;11;110.0
9161;4;1;22-12-2030;8;6400.0
9162;2;12;27-03-2030;11;110.0
9163;4;6;08-01-2029;11;1980.0
9164;5;6;09-05-2027;15;2700.0
9165;3;3;13-11-2026;9;2700.0
9166;5;5;27-06-2027;15;300.0
9167;4;6;23-06-2028;5;900.0
9168;6;3;06-01-2030;12;3600.0
9169;6;12;21-11-2026;9;90.0
9170;4;4;05-03-2029;5;50.0
9171;3;1;14-07-2026;5;4000.0
9172;2;5;14-07-2027;15;300.0
9173;2;10;13-11-2026;9;405.0
9174;3;6;10-12-2027;9;1620.0
9175;5;8;21-11-2030;14;560.0
9176;4;3;11-04-2028;5;1500.0
9177;6;6;25-06-2030;6;1080.0
9178;3;9;07-07-2030;7;1050.0
9179;2;2;29-12-2026;9;4500.0
9180;2;12;02-01-2027;6;60.0
9181;5;5;07-04-2029;9;180.0
9182;6;6;08-07-2026;8;1440.0
9183;1;12;28-06-2030;10;100.0
9184;5;12;28-11-2029;5;50.0
9185;2;11;11-11-2027;14;980.0
9186;1;11;03-07-2030;8;560.0
9187;1;7;10-10-2028;12;1080.0
9188;5;2;29-01-2029;5;2500.0
9189;3;12;24-01-2030;14;140.0
9190;5;9;29-06-2026;13;1950.0
9191;4;4;14-04-2030;11;110.0
9192;6;5;25-02-2028;12;240.0
9193;3;11;23-07-2029;8;560.0
9194;1;11;25-05-2028;15;1050.0
9195;1;9;28-03-2028;14;2100.0
9196;5;10;10-09-2030;10;450.0
9197;2;4;06-08-2029;15;150.0
9198;1;10;06-01-2027;14;630.0
9199;4;10;06-09-2030;10;450.0
9200;5;5;01-01-2030;13;260.0
9201;3;8;27-05-2030;10;400.0
9202;5;9;04-09-2028;14;2100.0
9203;3;8;13-07-2030;14;560.0
9204;1;5;15-04-2028;13;260.0
9205;3;2;04-11-2030;7;3500.0
9206;4;5;09-08-2029;11;220.0
9207;2;6;17-10-2026;11;1980.0
9208;1;1;25-09-2028;12;9600.0
9209;4;8;30-05-2030;15;600.0
9210;1;1;19-04-2028;9;7200.0
9211;1;4;30-04-2030;6;60.0
9212;6;5;16-03-2026;12;240.0
9213;2;2;21-08-2030;12;6000.0
9214;1;8;10-05-2029;14;560.0
9215;4;8;01-04-2030;10;400.0
9216;4;3;24-07-2027;5;1500.0
9217;2;8;15-07-2027;11;440.0
9218;2;10;22-08-2030;7;315.0
9219;2;7;23-05-2026;7;630.0
9220;6;9;27-10-2028;10;1500.0
9221;2;1;09-08-2027;12;9600.0
9222;6;5;18-06-2027;13;260.0
9223;5;2;26-10-2027;11;5500.0
9224;6;7;14-01-2029;14;1260.0
9225;5;8;10-02-2029;7;280.0
9226;5;11;11-01-2030;13;910.0
9227;5;4;03-01-2027;12;120.0
9228;1;7;15-04-2028;15;1350.0
9229;2;10;01-10-2026;9;405.0
9230;6;10;30-12-2028;5;225.0
9231;6;1;04-06-2030;7;5600.0
9232;5;12;20-05-2028;7;70.0
9233;6;7;06-02-2027;11;990.0
9234;4;5;17-10-2026;9;180.0
9235;3;12;09-09-2028;6;60.0
9236;6;3;16-12-2027;7;2100.0
9237;4;9;22-09-2027;11;1650.0
9238;1;6;02-06-2029;11;1980.0
9239;6;8;07-10-2026;15;600.0
9240;2;11;26-09-2029;5;350.0
9241;4;7;21-06-2027;15;1350.0
9242;2;4;03-08-2028;8;80.0
9243;1;1;29-04-2026;12;9600.0
9244;5;6;31-07-2028;8;1440.0
9245;3;5;07-02-2027;12;240.0
9246;4;3;02-05-2026;15;4500.0
9247;4;6;05-08-2026;15;2700.0
9248;2;12;18-03-2028;8;80.0
9249;2;7;14-08-2027;13;1170.0
9250;3;10;12-05-2028;8;360.0
9251;4;3;05-06-2028;14;4200.0
9252;3;3;10-02-2027;8;2400.0
9253;4;9;19-04-2029;9;1350.0
9254;2;4;07-12-2028;14;140.0
9255;6;3;31-07-2029;8;2400.0
9256;4;8;31-08-2029;13;520.0
9257;1;3;21-08-2027;6;1800.0
9258;1;7;31-10-2029;15;1350.0
9259;1;3;30-07-2026;11;3300.0
9260;1;5;01-04-2027;13;260.0
9261;2;9;09-12-2030;7;1050.0
9262;2;10;06-10-2029;11;495.0
9263;2;9;22-05-2026;8;1200.0
9264;3;7;24-04-2029;6;540.0
9265;2;12;20-04-2029;7;70.0
9266;3;2;11-04-2028;6;3000.0
9267;5;2;08-12-2027;7;3500.0
9268;2;9;23-06-2030;7;1050.0
9269;5;8;24-12-2027;12;480.0
9270;1;12;28-02-2028;5;50.0
9271;2;1;04-03-2027;10;8000.0
9272;6;5;09-09-2026;13;260.0
9273;1;5;13-02-2027;10;200.0
9274;2;8;26-11-2026;5;200.0
9275;1;12;05-04-2030;12;120.0
9276;6;5;26-01-2030;9;180.0
9277;5;7;11-09-2029;7;630.0
9278;1;9;14-05-2027;9;1350.0
9279;6;2;05-09-2029;11;5500.0
9280;3;3;04-01-2028;5;1500.0
9281;3;12;18-03-2030;12;120.0
9282;5;2;13-04-2027;13;6500.0
9283;3;7;18-03-2027;5;450.0
9284;5;1;09-06-2029;7;5600.0
9285;2;8;22-03-2026;6;240.0
9286;4;6;18-06-2026;9;1620.0
9287;6;5;11-05-2028;11;220.0
9288;6;2;13-02-2028;14;7000.0
9289;1;4;06-08-2026;10;100.0
9290;5;8;02-09-2028;9;360.0
9291;4;5;27-06-2030;13;260.0
9292;1;2;14-02-2029;15;7500.0
9293;4;5;28-05-2027;6;120.0
9294;2;4;16-02-2028;10;100.0
9295;3;9;27-12-2029;6;900.0
9296;5;9;21-04-2026;14;2100.0
9297;2;12;24-04-2028;15;150.0
9298;6;4;31-03-2027;13;130.0
9299;4;1;15-09-2030;11;8800.0
9300;3;2;05-03-2027;7;3500.0
9301;4;4;22-01-2027;13;130.0
9302;6;8;15-05-2029;7;280.0
9303;5;10;20-11-2027;12;540.0
9304;1;4;11-07-2028;12;120.0
9305;5;4;07-05-2030;7;70.0
9306;1;1;03-04-2027;8;6400.0
9307;6;4;19-02-2027;5;50.0
9308;1;11;13-01-2028;15;1050.0
9309;5;3;13-09-2030;7;2100.0
9310;3;4;04-12-2027;7;70.0
9311;3;7;03-05-2028;10;900.0
9312;5;11;23-01-2029;9;630.0
9313;5;7;20-09-2030;14;1260.0
9314;2;2;27-04-2029;14;7000.0
9315;6;9;29-07-2030;14;2100.0
9316;1;10;07-01-2028;12;540.0
9317;1;11;15-02-2028;6;420.0
9318;1;6;29-01-2028;11;1980.0
9319;6;7;17-01-2027;12;1080.0
9320;6;6;09-12-2030;7;1260.0
9321;4;3;23-07-2029;15;4500.0
9322;6;1;02-12-2026;5;4000.0
9323;1;10;16-10-2030;9;405.0
9324;6;7;11-11-2026;11;990.0
9325;5;4;08-08-2028;6;60.0
9326;3;5;17-06-2028;11;220.0
9327;5;4;25-11-2029;9;90.0
9328;5;1;31-05-2029;11;8800.0
9329;2;11;03-10-2027;8;560.0
9330;2;7;14-01-2027;9;810.0
9331;3;10;29-12-2027;12;540.0
9332;2;2;21-12-2028;15;7500.0
9333;3;4;14-09-2026;13;130.0
9334;1;2;18-11-2027;9;4500.0
9335;3;11;18-04-2028;6;420.0
9336;5;11;21-05-2027;13;910.0
9337;6;10;12-06-2030;12;540.0
9338;2;2;09-08-2027;5;2500.0
9339;1;12;31-05-2028;11;110.0
9340;4;12;04-08-2030;10;100.0
9341;5;1;23-03-2028;14;11200.0
9342;1;10;07-04-2029;9;405.0
9343;1;8;15-10-2027;9;360.0
9344;6;12;17-02-2030;7;70.0
9345;5;2;10-07-2026;14;7000.0
9346;1;4;30-10-2027;7;70.0
9347;1;4;19-11-2026;6;60.0
9348;2;3;02-04-2028;5;1500.0
9349;6;11;30-03-2027;7;490.0
9350;3;1;07-12-2026;13;10400.0
9351;2;1;29-01-2030;7;5600.0
9352;2;11;24-11-2030;13;910.0
9353;2;8;30-08-2026;9;360.0
9354;5;2;03-05-2029;13;6500.0
9355;2;8;31-10-2028;6;240.0
9356;4;1;04-07-2028;8;6400.0
9357;3;10;26-07-2030;7;315.0
9358;5;1;27-10-2027;15;12000.0
9359;5;7;26-07-2029;13;1170.0
9360;3;1;18-01-2027;7;5600.0
9361;1;11;10-11-2026;8;560.0
9362;6;10;16-08-2030;12;540.0
9363;2;12;03-11-2028;15;150.0
9364;6;12;02-11-2030;9;90.0
9365;1;11;30-08-2027;6;420.0
9366;5;5;04-12-2030;7;140.0
9367;5;11;02-11-2027;13;910.0
9368;1;11;13-02-2029;7;490.0
9369;4;6;29-05-2029;9;1620.0
9370;3;3;12-07-2026;5;1500.0
9371;6;7;10-05-2030;5;450.0
9372;5;7;24-10-2028;12;1080.0
9373;2;2;07-01-2028;5;2500.0
9374;1;6;15-08-2027;11;1980.0
9375;5;2;26-06-2027;9;4500.0
9376;2;12;20-03-2030;8;80.0
9377;6;9;04-09-2028;9;1350.0
9378;2;1;14-09-2028;7;5600.0
9379;3;10;07-03-2030;5;225.0
9380;2;3;16-01-2027;14;4200.0
9381;3;11;01-12-2029;7;490.0
9382;1;3;27-06-2026;10;3000.0
9383;2;7;18-08-2030;6;540.0
9384;3;5;24-06-2026;5;100.0
9385;2;1;29-06-2029;13;10400.0
9386;3;1;31-03-2030;11;8800.0
9387;5;5;07-02-2030;10;200.0
9388;4;11;24-02-2027;10;700.0
9389;2;9;03-02-2028;8;1200.0
9390;6;9;28-12-2027;13;1950.0
9391;6;9;04-03-2029;12;1800.0
9392;5;5;16-07-2027;11;220.0
9393;2;5;30-03-2028;12;240.0
9394;1;10;03-08-2030;12;540.0
9395;3;12;22-09-2026;6;60.0
9396;6;10;17-04-2027;6;270.0
9397;5;7;16-02-2030;10;900.0
9398;3;8;02-01-2027;9;360.0
9399;6;6;20-05-2027;7;1260.0
9400;4;1;28-03-2027;13;10400.0
9401;4;6;11-12-2029;7;1260.0
9402;2;11;20-10-2026;10;700.0
9403;6;8;29-07-2026;9;360.0
9404;1;2;11-06-2027;14;7000.0
9405;6;3;05-10-2029;11;3300.0
9406;5;4;31-12-2030;10;100.0
9407;1;4;14-05-2026;5;50.0
9408;4;5;02-10-2026;6;120.0
9409;1;4;01-11-2029;15;150.0
9410;4;4;07-06-2029;6;60.0
9411;3;5;10-10-2028;6;120.0
9412;6;11;11-10-2026;9;630.0
9413;3;1;21-07-2028;10;8000.0
9414;2;6;29-10-2028;9;1620.0
9415;4;8;16-10-2029;11;440.0
9416;3;10;03-02-2027;12;540.0
9417;3;6;13-02-2027;15;2700.0
9418;5;5;09-11-2027;5;100.0
9419;5;2;24-02-2026;13;6500.0
9420;4;6;18-04-2028;12;2160.0
9421;1;3;02-02-2027;15;4500.0
9422;1;2;18-10-2026;10;5000.0
9423;6;9;02-05-2028;8;1200.0
9424;4;1;27-02-2027;10;8000.0
9425;5;9;20-04-2030;9;1350.0
9426;6;1;06-06-2030;9;7200.0
9427;4;11;29-03-2029;10;700.0
9428;6;6;21-07-2030;14;2520.0
9429;5;8;12-07-2027;7;280.0
9430;6;2;06-08-2026;8;4000.0
9431;3;11;16-02-2026;9;630.0
9432;5;12;11-09-2027;13;130.0
9433;3;9;23-05-2029;10;1500.0
9434;4;4;07-09-2029;11;110.0
9435;3;11;09-04-2027;13;910.0
9436;1;9;07-07-2028;5;750.0
9437;1;10;26-12-2030;7;315.0
9438;5;10;14-04-2029;5;225.0
9439;4;7;22-08-2029;9;810.0
9440;2;7;26-03-2029;7;630.0
9441;5;2;12-06-2029;8;4000.0
9442;4;8;02-09-2030;5;200.0
9443;2;12;10-08-2030;9;90.0
9444;2;11;06-01-2030;9;630.0
9445;5;7;30-01-2027;7;630.0
9446;2;11;02-02-2028;10;700.0
9447;6;5;02-09-2028;13;260.0
9448;6;7;30-11-2028;15;1350.0
9449;5;12;16-12-2030;7;70.0
9450;3;2;13-02-2030;5;2500.0
9451;1;8;18-01-2030;7;280.0
9452;3;8;22-08-2029;10;400.0
9453;3;8;13-11-2030;7;280.0
9454;5;9;25-09-2030;14;2100.0
9455;2;6;13-04-2030;15;2700.0
9456;4;9;25-12-2029;15;2250.0
9457;3;11;29-07-2029;7;490.0
9458;5;11;06-08-2030;7;490.0
9459;3;1;17-08-2030;13;10400.0
9460;1;3;06-07-2027;15;4500.0
9461;4;8;04-07-2027;6;240.0
9462;1;1;28-11-2028;9;7200.0
9463;2;6;17-01-2029;13;2340.0
9464;1;4;10-11-2026;10;100.0
9465;3;4;30-12-2027;5;50.0
9466;6;8;31-03-2029;7;280.0
9467;3;3;17-09-2030;8;2400.0
9468;6;11;27-06-2026;9;630.0
9469;6;10;30-05-2027;11;495.0
9470;6;12;26-08-2029;7;70.0
9471;6;11;26-05-2027;13;910.0
9472;6;10;27-12-2029;5;225.0
9473;5;12;13-11-2026;7;70.0
9474;5;3;21-05-2029;6;1800.0
9475;5;1;15-11-2030;5;4000.0
9476;4;7;09-05-2027;6;540.0
9477;1;7;14-02-2030;8;720.0
9478;6;4;11-09-2030;7;70.0
9479;5;12;26-07-2028;15;150.0
9480;1;7;30-07-2028;5;450.0
9481;6;9;13-11-2026;10;1500.0
9482;5;8;26-08-2029;13;520.0
9483;5;8;15-12-2026;10;400.0
9484;4;10;11-11-2029;6;270.0
9485;1;4;09-03-2029;6;60.0
9486;1;7;24-01-2030;10;900.0
9487;5;1;16-03-2030;11;8800.0
9488;2;9;13-07-2030;6;900.0
9489;6;2;15-01-2027;9;4500.0
9490;3;5;11-08-2029;14;280.0
9491;5;10;26-12-2030;6;270.0
9492;4;5;25-09-2028;15;300.0
9493;4;1;08-06-2029;7;5600.0
9494;4;6;07-02-2028;8;1440.0
9495;6;3;11-03-2029;8;2400.0
9496;2;6;08-03-2030;12;2160.0
9497;5;2;26-06-2028;5;2500.0
9498;4;2;27-09-2026;15;7500.0
9499;3;2;02-05-2029;7;3500.0
9500;3;7;25-12-2028;11;990.0
