id_venta;id_sucursal;id_producto;fecha_venta;cantidad_vendida;total_venta
10001;3;2;10-06-2029;1;800.0
10002;2;4;28-03-2027;10;250.0
10003;5;11;05-11-2030;2;240.0
10004;5;12;01-12-2026;6;180.0
10005;1;8;28-05-2030;3;210.0
10006;6;6;25-09-2027;3;900.0
10007;2;9;11-03-2028;5;1250.0
10008;1;11;16-04-2026;3;360.0
10009;1;4;28-04-2028;1;25.0
10010;4;12;16-03-2027;7;210.0
10011;2;8;24-10-2026;4;280.0
10012;3;3;07-11-2028;8;4000.0
10013;3;11;13-02-2030;3;360.0
10014;2;9;18-04-2026;9;2250.0
10015;5;10;08-04-2030;2;160.0
10016;4;5;25-09-2026;1;50.0
10017;3;11;25-03-2030;5;600.0
10018;2;11;15-06-2030;6;720.0
10019;6;11;11-11-2026;8;960.0
10020;4;4;27-11-2026;9;225.0
10021;5;11;08-02-2028;7;840.0
10022;6;9;11-04-2029;2;500.0
10023;2;6;24-07-2029;1;300.0
10024;4;7;28-02-2029;3;450.0
10025;2;6;17-05-2030;10;3000.0
10026;2;12;02-12-2028;4;120.0
10027;4;10;14-09-2028;7;560.0
10028;1;7;07-10-2026;4;600.0
10029;5;2;22-02-2029;7;5600.0
10030;2;6;14-12-2027;6;1800.0
10031;3;9;07-04-2028;2;500.0
10032;3;7;06-05-2029;1;150.0
10033;3;8;16-02-2030;10;700.0
10034;2;10;18-05-2026;8;640.0
10035;6;4;16-02-2027;9;225.0
10036;3;12;21-05-2028;5;150.0
10037;5;10;01-08-2027;1;80.0
10038;2;5;18-12-2026;5;250.0
10039;6;11;10-08-2026;7;840.0
10040;3;7;19-12-2030;5;750.0
10041;6;12;13-09-2030;10;300.0
10042;1;5;25-03-2027;6;300.0
10043;1;12;25-07-2030;10;300.0
10044;5;4;11-11-2030;10;250.0
10045;3;6;20-02-2027;2;600.0
10046;3;11;27-12-2029;2;240.0
10047;3;8;27-05-2026;8;560.0
10048;1;8;25-03-2030;8;560.0
10049;3;8;22-05-2027;9;630.0
10050;3;3;17-02-2028;7;3500.0
10051;1;9;12-04-2027;7;1750.0
10052;2;12;02-03-2026;8;240.0
10053;2;1;13-08-2027;7;8400.0
10054;5;10;01-10-2028;8;640.0
10055;2;5;08-05-2026;9;450.0
10056;4;4;07-06-2029;4;100.0
10057;5;5;04-04-2027;10;500.0
10058;6;1;24-02-2026;4;4800.0
10059;1;11;05-11-2029;1;120.0
10060;2;5;21-05-2029;2;100.0
10061;3;5;05-05-2027;6;300.0
10062;1;10;02-05-2029;4;320.0
10063;4;11;10-10-2027;9;1080.0
10064;1;9;23-05-2027;8;2000.0
10065;3;7;03-07-2028;5;750.0
10066;5;2;25-01-2027;10;8000.0
10067;4;2;14-12-2030;5;4000.0
10068;4;7;06-06-2028;4;600.0
10069;4;11;23-11-2027;5;600.0
10070;4;6;24-07-2028;10;3000.0
10071;4;4;27-02-2029;6;150.0
10072;5;2;08-04-2027;5;4000.0
10073;2;7;01-01-2030;9;1350.0
10074;1;10;07-02-2027;1;80.0
10075;1;11;25-01-2028;3;360.0
10076;3;7;25-08-2028;5;750.0
10077;4;9;31-05-2027;7;1750.0
10078;6;4;15-01-2027;5;125.0
10079;1;12;24-10-2029;9;270.0
10080;1;4;06-09-2028;1;25.0
10081;5;6;04-12-2029;3;900.0
10082;2;12;28-07-2030;3;90.0
10083;3;2;23-06-2026;2;1600.0
10084;2;9;16-07-2026;1;250.0
10085;1;12;10-05-2026;10;300.0
10086;2;5;01-10-2027;2;100.0
10087;1;11;17-08-2028;1;120.0
10088;6;2;26-06-2029;3;2400.0
10089;6;6;01-08-2027;2;600.0
10090;1;4;12-07-2027;2;50.0
10091;4;8;14-04-2030;5;350.0
10092;3;3;15-10-2029;8;4000.0
10093;3;11;20-09-2027;4;480.0
10094;4;11;14-01-2030;4;480.0
10095;5;3;28-04-2026;6;3000.0
10096;4;7;13-11-2028;3;450.0
10097;4;7;07-08-2026;5;750.0
10098;5;9;05-04-2026;1;250.0
10099;5;7;18-02-2030;6;900.0
10100;2;9;22-04-2026;1;250.0
10101;1;10;18-05-2028;1;80.0
10102;3;6;07-07-2030;2;600.0
10103;4;2;15-05-2027;9;7200.0
10104;4;2;11-10-2030;7;5600.0
10105;1;10;15-04-2029;7;560.0
10106;1;9;21-07-2026;10;2500.0
10107;3;9;11-12-2027;5;1250.0
10108;3;2;05-02-2029;8;6400.0
10109;5;12;27-10-2026;5;150.0
10110;6;6;20-10-2026;9;2700.0
10111;3;11;01-01-2027;1;120.0
10112;1;10;23-11-2030;8;640.0
10113;1;9;06-01-2027;10;2500.0
10114;3;5;17-05-2027;10;500.0
10115;6;4;05-03-2027;4;100.0
10116;1;10;31-08-2030;4;320.0
10117;5;8;28-08-2026;2;140.0
10118;4;6;29-12-2026;1;300.0
10119;3;8;07-03-2028;2;140.0
10120;4;8;01-10-2028;4;280.0
10121;3;4;03-07-2030;9;225.0
10122;6;2;16-05-2026;9;7200.0
10123;2;3;22-03-2029;4;2000.0
10124;4;11;26-09-2030;1;120.0
10125;2;4;02-11-2027;3;75.0
10126;2;8;03-12-2026;2;140.0
10127;6;12;26-04-2026;4;120.0
10128;4;3;15-05-2026;6;3000.0
10129;5;5;08-03-2029;2;100.0
10130;4;8;11-09-2026;2;140.0
10131;2;4;16-10-2028;8;200.0
10132;1;1;20-03-2030;2;2400.0
10133;2;6;28-10-2028;7;2100.0
10134;3;8;02-01-2029;4;280.0
10135;4;2;01-03-2028;1;800.0
10136;6;5;26-10-2028;9;450.0
10137;5;9;05-12-2030;2;500.0
10138;4;8;03-08-2028;3;210.0
10139;1;10;13-08-2029;7;560.0
10140;2;2;17-12-2030;6;4800.0
10141;3;4;20-06-2030;9;225.0
10142;1;8;24-04-2026;2;140.0
10143;1;10;10-02-2029;2;160.0
10144;1;8;23-02-2029;1;70.0
10145;3;8;10-03-2026;3;210.0
10146;4;3;07-10-2029;8;4000.0
10147;3;3;14-04-2027;7;3500.0
10148;5;5;23-10-2026;3;150.0
10149;4;11;02-04-2029;7;840.0
10150;2;10;08-09-2028;2;160.0
10151;1;8;13-06-2029;1;70.0
10152;1;9;09-01-2030;6;1500.0
10153;5;1;01-12-2029;1;1200.0
10154;1;5;04-03-2027;8;400.0
10155;6;2;29-04-2026;5;4000.0
10156;3;1;16-06-2028;3;3600.0
10157;3;4;13-06-2030;6;150.0
10158;6;4;31-10-2028;5;125.0
10159;5;12;08-12-2028;9;270.0
10160;5;10;16-02-2026;1;80.0
10161;3;3;19-11-2028;1;500.0
10162;4;11;02-08-2030;4;480.0
10163;4;4;04-06-2027;5;125.0
10164;1;3;14-02-2029;2;1000.0
10165;2;5;21-11-2027;8;400.0
10166;3;11;01-08-2029;1;120.0
10167;5;12;10-01-2027;4;120.0
10168;1;1;19-11-2026;8;9600.0
10169;2;3;10-07-2030;3;1500.0
10170;1;11;02-05-2029;1;120.0
10171;2;11;24-04-2027;9;1080.0
10172;2;4;15-04-2027;10;250.0
10173;1;9;23-01-2028;2;500.0
10174;1;10;29-04-2026;6;480.0
10175;3;8;19-10-2026;10;700.0
10176;4;4;04-07-2030;4;100.0
10177;2;1;30-11-2030;10;12000.0
10178;3;12;14-12-2030;3;90.0
10179;4;11;15-03-2027;8;960.0
10180;5;4;23-02-2029;1;25.0
10181;1;6;05-11-2030;9;2700.0
10182;2;4;08-01-2029;8;200.0
10183;5;6;20-09-2030;6;1800.0
10184;3;12;13-10-2030;3;90.0
10185;2;8;30-08-2028;9;630.0
10186;3;2;09-12-2028;5;4000.0
10187;6;9;30-12-2026;1;250.0
10188;3;11;21-07-2026;5;600.0
10189;5;8;20-01-2028;9;630.0
10190;3;7;01-12-2029;10;1500.0
10191;4;3;15-08-2027;3;1500.0
10192;4;8;01-08-2028;3;210.0
10193;2;11;14-08-2028;9;1080.0
10194;1;9;27-12-2026;5;1250.0
10195;3;7;17-03-2028;3;450.0
10196;3;1;19-01-2029;6;7200.0
10197;5;10;22-12-2028;6;480.0
10198;2;10;04-05-2029;7;560.0
10199;3;11;11-10-2026;6;720.0
10200;6;9;20-11-2028;4;1000.0
10201;4;10;21-06-2029;3;240.0
10202;1;2;27-10-2030;7;5600.0
10203;4;3;04-06-2026;4;2000.0
10204;5;5;03-09-2027;1;50.0
10205;4;11;22-06-2026;2;240.0
10206;4;4;20-04-2026;10;250.0
10207;2;12;15-09-2026;2;60.0
10208;6;3;17-09-2027;3;1500.0
10209;4;10;31-01-2030;5;400.0
10210;2;9;24-09-2028;9;2250.0
10211;3;1;20-12-2026;5;6000.0
10212;4;2;20-04-2028;5;4000.0
10213;3;9;20-07-2029;10;2500.0
10214;6;5;21-05-2027;5;250.0
10215;4;3;12-02-2028;4;2000.0
10216;2;5;20-08-2026;6;300.0
10217;6;12;17-07-2026;1;30.0
10218;4;11;14-12-2029;10;1200.0
10219;1;2;19-02-2029;9;7200.0
10220;3;6;15-07-2028;7;2100.0
10221;2;8;04-03-2030;4;280.0
10222;4;3;19-02-2030;10;5000.0
10223;4;2;14-07-2030;3;2400.0
10224;5;1;19-11-2029;1;1200.0
10225;6;2;08-06-2029;6;4800.0
10226;6;1;21-12-2030;5;6000.0
10227;2;5;01-07-2027;5;250.0
10228;4;1;02-10-2028;4;4800.0
10229;5;7;11-03-2029;5;750.0
10230;6;8;31-05-2030;3;210.0
10231;6;2;04-07-2030;7;5600.0
10232;1;12;01-09-2030;5;150.0
10233;1;3;15-05-2030;10;5000.0
10234;2;1;21-12-2026;9;10800.0
10235;5;1;11-02-2028;6;7200.0
10236;3;5;14-07-2027;10;500.0
10237;6;1;26-03-2028;6;7200.0
10238;1;5;07-09-2027;7;350.0
10239;6;10;24-03-2028;2;160.0
10240;5;3;17-04-2026;2;1000.0
10241;4;6;27-05-2028;3;900.0
10242;2;8;20-09-2028;10;700.0
10243;2;4;11-01-2027;9;225.0
10244;6;2;17-07-2028;2;1600.0
10245;3;3;07-12-2028;8;4000.0
10246;2;1;09-09-2029;8;9600.0
10247;2;11;04-10-2026;3;360.0
10248;1;12;20-04-2026;4;120.0
10249;4;11;14-05-2029;8;960.0
10250;4;11;21-07-2029;6;720.0
10251;3;10;16-11-2026;8;640.0
10252;4;6;10-07-2027;5;1500.0
10253;6;8;03-12-2026;1;70.0
10254;2;3;19-05-2026;7;3500.0
10255;3;5;22-09-2030;5;250.0
10256;6;11;01-07-2028;7;840.0
10257;5;10;15-06-2029;6;480.0
10258;2;8;29-04-2028;1;70.0
10259;5;5;18-12-2026;8;400.0
10260;4;4;07-01-2030;3;75.0
10261;4;5;08-11-2028;5;250.0
10262;6;5;27-06-2027;10;500.0
10263;5;7;11-10-2030;9;1350.0
10264;4;12;28-10-2027;10;300.0
10265;4;12;10-01-2028;1;30.0
10266;3;6;27-05-2027;1;300.0
10267;6;10;08-10-2026;5;400.0
10268;2;10;21-08-2030;10;800.0
10269;3;1;04-06-2028;6;7200.0
10270;4;1;03-12-2030;9;10800.0
10271;4;7;26-10-2026;4;600.0
10272;5;9;18-04-2029;4;1000.0
10273;5;6;27-04-2028;9;2700.0
10274;2;4;12-03-2030;2;50.0
10275;3;7;16-04-2026;1;150.0
10276;1;3;05-06-2030;8;4000.0
10277;3;11;10-03-2029;4;480.0
10278;4;3;11-12-2029;7;3500.0
10279;4;3;04-09-2029;8;4000.0
10280;1;4;29-10-2029;2;50.0
10281;1;1;03-07-2028;3;3600.0
10282;2;3;12-11-2027;6;3000.0
10283;3;11;09-05-2029;6;720.0
10284;4;10;25-01-2027;1;80.0
10285;3;9;06-02-2028;1;250.0
10286;3;9;07-06-2027;3;750.0
10287;5;2;06-03-2029;1;800.0
10288;3;5;29-12-2029;6;300.0
10289;3;5;31-01-2029;10;500.0
10290;5;2;21-01-2030;10;8000.0
10291;6;3;12-02-2027;4;2000.0
10292;3;11;14-02-2027;7;840.0
10293;2;4;18-08-2027;5;125.0
10294;1;3;31-10-2026;9;4500.0
10295;4;8;04-10-2030;10;700.0
10296;3;8;04-10-2027;10;700.0
10297;5;6;15-05-2030;7;2100.0
10298;1;8;11-12-2027;7;490.0
10299;3;2;28-05-2028;10;8000.0
10300;1;5;02-08-2027;3;150.0
10301;5;3;26-11-2026;3;1500.0
10302;5;7;13-04-2026;1;150.0
10303;6;1;30-08-2030;10;12000.0
10304;6;9;03-08-2027;5;1250.0
10305;6;9;10-06-2026;8;2000.0
10306;6;11;14-01-2027;8;960.0
10307;6;7;31-07-2026;1;150.0
10308;3;11;29-12-2030;5;600.0
10309;5;8;21-04-2027;8;560.0
10310;4;2;19-10-2028;1;800.0
10311;1;11;24-02-2028;4;480.0
10312;6;11;11-12-2026;2;240.0
10313;6;3;22-08-2028;10;5000.0
10314;2;2;17-05-2030;1;800.0
10315;3;1;20-01-2030;6;7200.0
10316;2;9;06-10-2027;7;1750.0
10317;2;4;23-09-2026;7;175.0
10318;5;9;22-03-2030;9;2250.0
10319;1;11;29-05-2030;6;720.0
10320;6;9;03-12-2026;5;1250.0
10321;2;10;22-05-2030;6;480.0
10322;3;11;26-02-2029;10;1200.0
10323;2;10;06-06-2030;7;560.0
10324;4;12;15-10-2029;2;60.0
10325;2;5;20-04-2026;9;450.0
10326;6;12;09-08-2027;8;240.0
10327;6;4;10-04-2027;9;225.0
10328;3;6;31-05-2028;9;2700.0
10329;6;5;27-10-2028;7;350.0
10330;4;2;15-08-2030;4;3200.0
10331;2;2;16-04-2027;6;4800.0
10332;1;1;22-07-2030;9;10800.0
10333;6;9;01-05-2026;6;1500.0
10334;5;10;20-09-2026;8;640.0
10335;1;2;30-06-2027;1;800.0
10336;6;3;24-12-2028;5;2500.0
10337;6;2;25-04-2026;8;6400.0
10338;5;8;25-02-2030;2;140.0
10339;2;11;29-03-2029;9;1080.0
10340;2;12;06-11-2030;8;240.0
10341;3;7;25-07-2029;9;1350.0
10342;3;5;19-10-2029;1;50.0
10343;2;11;29-10-2030;9;1080.0
10344;3;7;15-10-2030;5;750.0
10345;6;10;28-01-2030;6;480.0
10346;6;2;22-10-2027;1;800.0
10347;6;8;03-03-2027;7;490.0
10348;3;7;30-05-2026;4;600.0
10349;1;6;04-05-2030;9;2700.0
10350;2;3;10-04-2030;4;2000.0
10351;6;9;18-03-2029;7;1750.0
10352;3;12;28-10-2026;9;270.0
10353;3;1;28-10-2026;5;6000.0
10354;4;5;15-04-2027;3;150.0
10355;3;9;14-09-2030;1;250.0
10356;5;7;30-01-2030;7;1050.0
10357;5;8;14-11-2027;6;420.0
10358;6;7;24-01-2027;1;150.0
10359;6;9;09-02-2028;2;500.0
10360;6;7;31-03-2028;4;600.0
10361;3;9;24-03-2030;10;2500.0
10362;5;5;18-01-2029;3;150.0
10363;6;10;15-03-2030;7;560.0
10364;3;2;27-03-2026;1;800.0
10365;3;12;19-02-2026;2;60.0
10366;4;4;24-05-2026;3;75.0
10367;4;11;17-04-2029;2;240.0
10368;4;11;28-10-2030;10;1200.0
10369;2;1;16-03-2028;1;1200.0
10370;6;4;03-07-2029;6;150.0
10371;3;2;31-03-2029;4;3200.0
10372;3;4;23-11-2027;8;200.0
10373;1;10;14-11-2026;8;640.0
10374;2;4;01-06-2030;10;250.0
10375;4;11;17-08-2027;10;1200.0
10376;5;3;13-08-2029;3;1500.0
10377;6;5;19-01-2027;3;150.0
10378;3;12;25-07-2029;2;60.0
10379;3;2;18-01-2028;5;4000.0
10380;2;12;04-08-2029;5;150.0
10381;5;9;29-06-2027;4;1000.0
10382;5;9;05-10-2027;10;2500.0
10383;6;2;23-10-2030;7;5600.0
10384;4;4;13-06-2030;1;25.0
10385;5;1;20-11-2030;5;6000.0
10386;1;1;13-11-2030;9;10800.0
10387;6;8;07-05-2027;3;210.0
10388;6;4;01-04-2028;3;75.0
10389;5;5;16-06-2028;5;250.0
10390;1;7;08-05-2027;8;1200.0
10391;2;7;04-02-2029;6;900.0
10392;6;7;29-03-2030;4;600.0
10393;4;7;29-06-2029;2;300.0
10394;3;5;14-08-2026;8;400.0
10395;5;1;14-12-2027;5;6000.0
10396;2;10;21-05-2029;6;480.0
10397;5;10;13-04-2027;7;560.0
10398;4;3;21-11-2026;6;3000.0
10399;4;6;09-09-2026;10;3000.0
10400;2;2;29-11-2029;8;6400.0
10401;3;2;15-04-2026;6;4800.0
10402;6;5;29-05-2029;5;250.0
10403;2;6;24-07-2027;2;600.0
10404;5;2;18-12-2027;3;2400.0
10405;2;11;19-11-2028;2;240.0
10406;5;6;09-07-2029;7;2100.0
10407;3;2;12-07-2027;2;1600.0
10408;5;6;09-11-2027;1;300.0
10409;5;3;23-03-2028;6;3000.0
10410;4;11;10-07-2027;10;1200.0
10411;6;1;09-06-2030;7;8400.0
10412;2;4;25-01-2029;8;200.0
10413;3;11;04-09-2030;10;1200.0
10414;4;10;07-11-2026;2;160.0
10415;1;5;30-10-2028;10;500.0
10416;6;3;08-02-2029;4;2000.0
10417;5;9;20-02-2029;4;1000.0
10418;1;12;31-01-2029;8;240.0
10419;5;1;25-01-2030;10;12000.0
10420;6;12;21-01-2029;10;300.0
10421;2;3;06-10-2027;3;1500.0
10422;3;8;24-03-2028;7;490.0
10423;6;5;10-03-2030;3;150.0
10424;2;12;26-01-2029;9;270.0
10425;1;5;03-03-2027;6;300.0
10426;3;8;10-05-2026;1;70.0
10427;4;9;10-11-2027;6;1500.0
10428;4;6;19-12-2029;8;2400.0
10429;6;10;16-11-2028;10;800.0
10430;4;12;23-11-2029;7;210.0
10431;2;1;16-09-2028;9;10800.0
10432;3;5;14-03-2026;7;350.0
10433;5;4;26-11-2029;7;175.0
10434;6;8;03-07-2029;4;280.0
10435;4;6;16-01-2028;7;2100.0
10436;3;2;20-01-2028;5;4000.0
10437;6;10;30-12-2027;4;320.0
10438;2;12;12-01-2030;9;270.0
10439;5;4;29-10-2029;7;175.0
10440;3;10;02-01-2027;10;800.0
10441;1;11;30-08-2027;3;360.0
10442;5;10;15-07-2030;7;560.0
10443;4;10;18-05-2027;6;480.0
10444;1;8;10-02-2028;5;350.0
10445;2;3;07-09-2030;5;2500.0
10446;3;12;10-05-2029;8;240.0
10447;5;7;19-06-2029;1;150.0
10448;1;11;05-02-2030;2;240.0
10449;3;3;21-02-2029;5;2500.0
10450;4;12;19-06-2030;1;30.0
10451;4;6;27-04-2027;1;300.0
10452;5;3;12-08-2029;4;2000.0
10453;1;3;21-09-2026;9;4500.0
10454;3;1;05-05-2028;6;7200.0
10455;4;6;03-02-2028;1;300.0
10456;4;10;16-02-2027;4;320.0
10457;6;2;30-08-2027;1;800.0
10458;2;2;08-03-2027;10;8000.0
10459;5;9;18-08-2026;7;1750.0
10460;1;10;13-08-2029;5;400.0
10461;3;12;05-07-2026;4;120.0
10462;6;4;29-05-2028;1;25.0
10463;5;3;12-05-2030;9;4500.0
10464;6;8;10-09-2029;4;280.0
10465;3;12;05-05-2030;6;180.0
10466;4;11;25-11-2027;9;1080.0
10467;1;2;05-07-2028;5;4000.0
10468;1;7;31-12-2030;3;450.0
10469;1;2;31-08-2027;4;3200.0
10470;4;12;17-12-2026;3;90.0
10471;6;1;13-06-2026;6;7200.0
10472;4;4;08-10-2030;5;125.0
10473;4;9;10-06-2026;10;2500.0
10474;6;7;13-02-2027;1;150.0
10475;1;10;31-07-2029;6;480.0
10476;4;3;28-04-2030;1;500.0
10477;6;4;16-09-2028;10;250.0
10478;3;7;13-03-2028;1;150.0
10479;6;11;19-03-2030;6;720.0
10480;3;12;06-12-2029;7;210.0
10481;6;2;02-05-2029;10;8000.0
10482;6;4;16-06-2026;7;175.0
10483;2;9;10-02-2029;8;2000.0
10484;3;8;05-08-2027;3;210.0
10485;4;6;30-11-2028;10;3000.0
10486;5;10;16-09-2029;3;240.0
10487;3;1;23-08-2027;8;9600.0
10488;2;2;31-12-2030;2;1600.0
10489;4;7;11-12-2026;2;300.0
10490;1;10;17-03-2030;1;80.0
10491;5;9;27-10-2027;7;1750.0
10492;1;8;26-06-2030;1;70.0
10493;5;11;12-02-2029;8;960.0
10494;4;1;23-01-2029;7;8400.0
10495;1;5;24-04-2027;8;400.0
10496;6;2;24-04-2030;7;5600.0
10497;3;12;24-07-2027;3;90.0
10498;4;5;10-08-2028;9;450.0
10499;5;12;22-09-2030;4;120.0
10500;2;1;16-01-2029;8;9600.0
10501;1;4;28-05-2028;7;175.0
10502;6;7;06-03-2030;2;300.0
10503;3;3;16-11-2030;10;5000.0
10504;6;1;18-03-2026;2;2400.0
10505;3;11;20-02-2028;5;600.0
10506;5;2;23-12-2027;6;4800.0
10507;3;4;26-02-2027;6;150.0
10508;2;2;16-04-2026;8;6400.0
10509;2;5;02-06-2028;7;350.0
10510;6;5;04-03-2028;10;500.0
10511;5;5;18-06-2029;6;300.0
10512;6;7;16-05-2030;5;750.0
10513;6;12;20-07-2030;7;210.0
10514;2;9;24-02-2026;9;2250.0
10515;3;1;25-01-2029;2;2400.0
10516;6;4;15-01-2028;10;250.0
10517;4;5;26-04-2030;8;400.0
10518;4;5;05-01-2029;10;500.0
10519;1;6;14-12-2026;2;600.0
10520;5;7;29-07-2029;1;150.0
10521;6;2;17-05-2030;7;5600.0
10522;6;9;06-05-2028;5;1250.0
10523;6;9;02-10-2029;2;500.0
10524;2;7;07-11-2029;6;900.0
10525;2;12;11-09-2028;10;300.0
10526;4;7;13-09-2026;5;750.0
10527;3;12;15-04-2030;5;150.0
10528;2;1;08-07-2030;5;6000.0
10529;4;7;29-09-2029;7;1050.0
10530;6;7;01-12-2027;9;1350.0
10531;3;6;14-09-2027;9;2700.0
10532;4;5;07-12-2030;8;400.0
10533;4;8;19-05-2028;5;350.0
10534;4;11;24-05-2026;4;480.0
10535;3;10;23-04-2029;7;560.0
10536;2;2;25-12-2026;6;4800.0
10537;5;1;24-12-2027;10;12000.0
10538;4;5;31-12-2026;3;150.0
10539;2;3;23-11-2026;1;500.0
10540;2;9;02-02-2029;7;1750.0
10541;1;9;16-01-2027;3;750.0
10542;3;10;24-06-2029;5;400.0
10543;3;6;11-10-2028;1;300.0
10544;3;10;15-06-2030;3;240.0
10545;5;12;13-01-2029;10;300.0
10546;1;8;11-06-2027;8;560.0
10547;5;10;15-08-2026;4;320.0
10548;3;10;09-11-2030;8;640.0
10549;2;3;14-01-2030;10;5000.0
10550;3;11;19-10-2026;10;1200.0
10551;3;6;01-07-2027;2;600.0
10552;4;5;04-09-2029;9;450.0
10553;6;10;27-12-2029;6;480.0
10554;6;1;20-05-2028;10;12000.0
10555;5;7;14-04-2027;5;750.0
10556;4;10;21-07-2026;4;320.0
10557;2;2;23-04-2030;1;800.0
10558;2;1;03-12-2026;10;12000.0
10559;2;8;07-06-2027;7;490.0
10560;5;1;22-12-2030;3;3600.0
10561;3;9;15-06-2027;6;1500.0
10562;5;12;15-10-2030;9;270.0
10563;4;5;29-03-2027;10;500.0
10564;5;4;17-11-2028;9;225.0
10565;6;3;18-06-2027;3;1500.0
10566;1;2;14-08-2028;4;3200.0
10567;4;8;26-06-2028;7;490.0
10568;1;2;22-11-2028;1;800.0
10569;6;4;14-07-2028;6;150.0
10570;6;2;16-02-2027;4;3200.0
10571;6;7;05-08-2027;3;450.0
10572;3;2;10-12-2030;10;8000.0
10573;5;5;17-07-2026;1;50.0
10574;2;11;05-10-2026;7;840.0
10575;2;4;31-12-2028;3;75.0
10576;3;11;08-01-2027;9;1080.0
10577;3;5;08-09-2030;5;250.0
10578;5;3;18-12-2027;10;5000.0
10579;5;11;28-08-2030;6;720.0
10580;5;10;07-05-2030;6;480.0
10581;2;4;08-06-2030;2;50.0
10582;4;12;25-03-2030;4;120.0
10583;2;3;01-06-2028;9;4500.0
10584;2;5;11-09-2028;2;100.0
10585;3;8;21-12-2027;4;280.0
10586;6;9;22-12-2030;9;2250.0
10587;6;1;15-12-2029;8;9600.0
10588;3;2;08-12-2029;4;3200.0
10589;1;11;03-03-2028;5;600.0
10590;4;9;25-06-2029;3;750.0
10591;3;4;14-09-2027;7;175.0
10592;5;6;24-11-2026;9;2700.0
10593;3;7;08-05-2026;4;600.0
10594;2;5;07-09-2027;4;200.0
10595;6;1;26-09-2028;8;9600.0
10596;2;10;28-11-2030;1;80.0
10597;6;10;25-09-2030;8;640.0
10598;4;12;04-11-2030;4;120.0
10599;4;4;11-08-2030;5;125.0
10600;3;4;01-09-2029;7;175.0
10601;6;12;13-10-2028;10;300.0
10602;3;2;22-04-2029;10;8000.0
10603;6;10;01-08-2026;9;720.0
10604;1;5;02-10-2028;3;150.0
10605;2;4;14-02-2030;4;100.0
10606;2;2;05-06-2026;4;3200.0
10607;5;9;17-10-2027;10;2500.0
10608;2;2;06-07-2029;8;6400.0
10609;2;10;31-12-2028;6;480.0
10610;1;11;30-12-2029;8;960.0
10611;4;6;26-12-2028;7;2100.0
10612;4;5;16-12-2029;2;100.0
10613;6;9;27-03-2027;3;750.0
10614;3;6;06-07-2026;10;3000.0
10615;6;11;17-05-2030;9;1080.0
10616;2;2;11-06-2029;10;8000.0
10617;3;4;13-12-2027;8;200.0
10618;1;4;09-12-2027;8;200.0
10619;3;10;27-09-2028;10;800.0
10620;2;2;09-03-2026;7;5600.0
10621;5;8;14-05-2029;7;490.0
10622;1;4;28-08-2028;2;50.0
10623;2;11;08-12-2030;9;1080.0
10624;6;7;13-03-2028;7;1050.0
10625;5;5;06-07-2027;2;100.0
10626;1;10;10-07-2028;6;480.0
10627;3;10;29-03-2030;8;640.0
10628;2;4;16-03-2029;10;250.0
10629;4;10;12-09-2026;7;560.0
10630;2;8;04-10-2030;4;280.0
10631;5;3;13-01-2028;9;4500.0
10632;6;2;13-07-2028;4;3200.0
10633;4;11;17-07-2026;8;960.0
10634;2;5;09-10-2026;1;50.0
10635;1;3;18-02-2029;4;2000.0
10636;3;3;18-08-2029;9;4500.0
10637;6;7;03-11-2028;6;900.0
10638;5;1;23-10-2028;3;3600.0
10639;1;10;28-12-2030;3;240.0
10640;1;5;08-04-2029;6;300.0
10641;4;8;19-02-2026;5;350.0
10642;3;11;03-10-2027;7;840.0
10643;4;6;01-04-2028;7;2100.0
10644;2;9;14-11-2028;10;2500.0
10645;3;5;19-04-2026;8;400.0
10646;4;6;12-11-2028;6;1800.0
10647;1;8;05-04-2030;8;560.0
10648;6;9;04-01-2027;10;2500.0
10649;3;6;06-07-2027;10;3000.0
10650;4;9;20-04-2029;10;2500.0
10651;6;12;21-10-2030;4;120.0
10652;2;7;19-01-2030;7;1050.0
10653;5;2;24-10-2029;8;6400.0
10654;4;4;08-08-2028;4;100.0
10655;4;5;01-02-2028;3;150.0
10656;4;8;12-03-2029;1;70.0
10657;4;7;03-03-2026;6;900.0
10658;6;12;19-07-2027;9;270.0
10659;6;4;20-11-2027;8;200.0
10660;4;3;10-12-2026;8;4000.0
10661;5;4;02-02-2030;5;125.0
10662;2;2;11-06-2027;7;5600.0
10663;2;2;15-09-2027;2;1600.0
10664;4;5;24-05-2030;2;100.0
10665;1;10;06-04-2026;6;480.0
10666;5;1;06-09-2026;2;2400.0
10667;1;2;24-11-2026;4;3200.0
10668;2;3;13-08-2027;9;4500.0
10669;4;1;09-06-2030;7;8400.0
10670;1;4;27-06-2029;6;150.0
10671;2;1;21-04-2027;1;1200.0
10672;1;4;25-04-2030;6;150.0
10673;3;7;30-05-2026;10;1500.0
10674;1;3;17-09-2029;10;5000.0
10675;5;6;04-11-2027;8;2400.0
10676;1;10;05-04-2026;8;640.0
10677;2;4;05-09-2030;8;200.0
10678;3;1;31-05-2030;2;2400.0
10679;6;9;12-11-2026;10;2500.0
10680;1;6;08-05-2030;4;1200.0
10681;3;6;27-06-2028;10;3000.0
10682;1;6;17-02-2029;7;2100.0
10683;3;10;17-08-2030;6;480.0
10684;3;11;19-06-2027;3;360.0
10685;2;8;09-11-2026;7;490.0
10686;5;8;21-12-2026;3;210.0
10687;3;2;02-11-2026;2;1600.0
10688;6;2;18-10-2026;6;4800.0
10689;2;6;01-09-2026;7;2100.0
10690;1;1;23-03-2029;4;4800.0
10691;2;5;11-02-2028;6;300.0
10692;6;3;21-05-2030;7;3500.0
10693;6;9;27-08-2028;3;750.0
10694;3;9;28-07-2028;1;250.0
10695;1;4;21-11-2027;2;50.0
10696;6;11;05-05-2030;3;360.0
10697;2;3;02-12-2028;10;5000.0
10698;6;3;10-03-2027;10;5000.0
10699;1;5;10-07-2028;8;400.0
10700;6;1;02-12-2029;5;6000.0
10701;4;9;09-05-2028;6;1500.0
10702;1;6;13-06-2027;10;3000.0
10703;6;8;25-01-2029;2;140.0
10704;1;1;16-12-2030;7;8400.0
10705;6;9;09-06-2027;5;1250.0
10706;5;11;14-08-2030;8;960.0
10707;5;12;29-02-2028;4;120.0
10708;4;5;25-04-2029;8;400.0
10709;2;7;14-05-2028;5;750.0
10710;3;3;29-04-2027;6;3000.0
10711;4;11;14-09-2029;7;840.0
10712;5;1;09-08-2026;10;12000.0
10713;6;2;21-05-2026;5;4000.0
10714;5;7;05-09-2026;3;450.0
10715;6;4;11-09-2028;1;25.0
10716;4;10;27-05-2029;2;160.0
10717;1;8;25-03-2030;4;280.0
10718;2;9;06-02-2028;1;250.0
10719;3;8;25-09-2030;4;280.0
10720;4;10;06-11-2027;6;480.0
10721;4;4;01-11-2029;8;200.0
10722;2;6;24-01-2027;10;3000.0
10723;5;2;08-10-2027;2;1600.0
10724;2;6;08-10-2027;8;2400.0
10725;1;12;06-04-2026;9;270.0
10726;4;5;09-12-2030;6;300.0
10727;6;5;21-12-2030;4;200.0
10728;2;3;28-12-2030;3;1500.0
10729;6;8;07-02-2030;4;280.0
10730;3;6;29-12-2026;3;900.0
10731;1;7;03-11-2028;8;1200.0
10732;6;2;19-10-2029;1;800.0
10733;6;10;26-09-2030;3;240.0
10734;4;3;16-06-2026;7;3500.0
10735;4;4;18-06-2026;2;50.0
10736;3;6;04-10-2026;4;1200.0
10737;6;2;14-08-2026;4;3200.0
10738;3;9;13-08-2029;8;2000.0
10739;1;6;05-06-2026;2;600.0
10740;2;7;08-09-2030;2;300.0
10741;2;6;14-07-2026;3;900.0
10742;1;9;14-11-2026;3;750.0
10743;1;6;02-09-2026;2;600.0
10744;6;12;04-02-2030;8;240.0
10745;1;1;18-01-2029;10;12000.0
10746;2;6;20-02-2026;7;2100.0
10747;6;6;27-04-2030;2;600.0
10748;3;6;09-10-2030;3;900.0
10749;6;5;23-10-2027;1;50.0
10750;3;6;08-05-2030;2;600.0
10751;6;5;24-07-2027;3;150.0
10752;3;10;30-09-2027;6;480.0
10753;3;6;06-08-2027;6;1800.0
10754;3;6;22-07-2029;1;300.0
10755;2;1;20-06-2026;9;10800.0
10756;3;12;07-08-2026;8;240.0
10757;2;7;10-03-2026;5;750.0
10758;4;11;27-11-2029;5;600.0
10759;6;7;12-10-2029;2;300.0
10760;6;8;30-05-2028;10;700.0
10761;1;9;06-02-2027;10;2500.0
10762;1;7;26-01-2030;9;1350.0
10763;6;4;07-01-2027;1;25.0
10764;2;6;06-01-2029;8;2400.0
10765;4;7;13-01-2029;7;1050.0
10766;2;5;11-09-2026;3;150.0
10767;6;6;22-08-2029;3;900.0
10768;4;3;20-12-2027;10;5000.0
10769;1;9;17-03-2030;3;750.0
10770;2;10;24-01-2030;4;320.0
10771;5;4;14-03-2030;4;100.0
10772;6;8;15-03-2027;1;70.0
10773;2;2;08-04-2028;1;800.0
10774;5;4;10-08-2030;7;175.0
10775;2;11;09-09-2026;2;240.0
10776;4;10;17-11-2027;10;800.0
10777;1;1;23-07-2030;10;12000.0
10778;5;9;03-01-2029;5;1250.0
10779;5;6;17-12-2029;6;1800.0
10780;6;11;29-10-2026;5;600.0
10781;1;12;15-04-2028;2;60.0
10782;2;3;10-12-2029;7;3500.0
10783;5;2;07-07-2029;5;4000.0
10784;6;7;18-02-2028;1;150.0
10785;1;5;07-05-2029;10;500.0
10786;6;1;18-12-2029;9;10800.0
10787;5;12;11-06-2030;3;90.0
10788;4;3;31-01-2030;4;2000.0
10789;4;6;14-04-2030;9;2700.0
10790;5;12;03-02-2027;8;240.0
10791;6;3;06-02-2028;9;4500.0
10792;2;6;12-06-2028;9;2700.0
10793;4;12;05-03-2029;10;300.0
10794;6;8;09-12-2026;4;280.0
10795;5;1;20-12-2029;7;8400.0
10796;3;4;25-03-2028;6;150.0
10797;3;7;03-12-2030;3;450.0
10798;1;4;16-11-2030;3;75.0
10799;3;11;23-11-2026;3;360.0
10800;3;6;12-06-2027;10;3000.0
10801;1;10;17-07-2027;1;80.0
10802;5;8;19-08-2030;7;490.0
10803;4;2;01-04-2026;7;5600.0
10804;2;12;26-03-2029;9;270.0
10805;3;6;27-10-2027;2;600.0
10806;5;4;18-05-2030;10;250.0
10807;1;3;30-11-2027;4;2000.0
10808;3;5;25-03-2027;4;200.0
10809;3;12;25-08-2026;8;240.0
10810;2;3;02-12-2029;2;1000.0
10811;5;4;17-01-2027;10;250.0
10812;4;11;16-02-2028;6;720.0
10813;2;6;16-01-2030;7;2100.0
10814;2;9;09-09-2030;3;750.0
10815;6;6;03-07-2030;1;300.0
10816;1;10;13-04-2027;8;640.0
10817;6;4;24-11-2030;7;175.0
10818;1;7;21-06-2026;3;450.0
10819;2;6;28-10-2030;7;2100.0
10820;6;6;19-08-2026;8;2400.0
10821;3;5;28-05-2026;7;350.0
10822;1;9;13-06-2026;8;2000.0
10823;5;4;29-11-2026;7;175.0
10824;1;4;13-12-2026;8;200.0
10825;5;4;13-02-2029;8;200.0
10826;4;2;27-05-2030;10;8000.0
10827;1;7;06-07-2026;6;900.0
10828;3;6;12-06-2030;5;1500.0
10829;2;7;05-05-2027;8;1200.0
10830;4;7;22-06-2027;8;1200.0
10831;6;10;21-07-2028;6;480.0
10832;1;7;02-06-2029;9;1350.0
10833;6;3;10-07-2029;5;2500.0
10834;2;4;02-03-2030;6;150.0
10835;4;8;04-01-2028;1;70.0
10836;2;9;31-10-2027;1;250.0
10837;6;4;30-03-2027;9;225.0
10838;6;4;04-03-2030;2;50.0
10839;2;3;20-04-2026;5;2500.0
10840;4;4;28-12-2029;9;225.0
10841;6;4;24-10-2027;3;75.0
10842;1;12;26-02-2027;4;120.0
10843;5;9;30-07-2028;4;1000.0
10844;3;1;25-05-2028;9;10800.0
10845;6;12;08-05-2026;7;210.0
10846;1;8;28-03-2027;10;700.0
10847;6;10;21-12-2026;5;400.0
10848;1;11;04-03-2028;2;240.0
10849;2;6;03-12-2026;9;2700.0
10850;2;11;23-12-2030;4;480.0
10851;2;8;20-07-2029;6;420.0
10852;5;1;21-10-2029;1;1200.0
10853;1;11;04-05-2028;9;1080.0
10854;1;1;18-03-2030;9;10800.0
10855;1;10;28-05-2030;1;80.0
10856;4;12;12-08-2029;6;180.0
10857;3;7;26-03-2028;3;450.0
10858;5;1;01-03-2028;5;6000.0
10859;1;8;30-08-2029;9;630.0
10860;3;8;22-09-2030;1;70.0
10861;1;1;15-03-2027;1;1200.0
10862;4;12;28-02-2029;1;30.0
10863;3;1;22-04-2027;6;7200.0
10864;4;6;06-07-2026;2;600.0
10865;3;2;26-10-2030;5;4000.0
10866;4;3;25-05-2027;4;2000.0
10867;6;2;08-11-2026;3;2400.0
10868;2;12;14-05-2026;6;180.0
10869;2;8;20-05-2026;7;490.0
10870;6;5;15-06-2027;8;400.0
10871;3;9;04-08-2030;2;500.0
10872;5;9;30-09-2027;9;2250.0
10873;2;2;19-01-2027;9;7200.0
10874;5;1;14-10-2028;6;7200.0
10875;1;1;10-08-2029;4;4800.0
10876;1;5;09-06-2027;10;500.0
10877;3;12;06-08-2027;1;30.0
10878;6;6;15-12-2030;7;2100.0
10879;6;4;07-02-2029;6;150.0
10880;5;4;27-08-2026;6;150.0
10881;4;9;23-08-2026;10;2500.0
10882;2;7;23-06-2026;5;750.0
10883;5;1;02-06-2030;5;6000.0
10884;2;10;19-09-2030;1;80.0
10885;6;12;22-08-2029;8;240.0
10886;5;12;15-09-2027;3;90.0
10887;6;9;13-01-2027;3;750.0
10888;5;10;05-07-2029;5;400.0
10889;2;6;28-02-2029;2;600.0
10890;5;3;08-03-2029;6;3000.0
10891;4;11;16-03-2026;2;240.0
10892;4;1;18-10-2029;2;2400.0
10893;2;1;25-07-2026;5;6000.0
10894;1;4;01-02-2028;2;50.0
10895;2;9;02-11-2028;8;2000.0
10896;5;5;09-11-2029;2;100.0
10897;3;3;01-09-2029;4;2000.0
10898;3;1;30-01-2027;4;4800.0
10899;6;10;28-04-2030;8;640.0
10900;6;4;22-09-2027;2;50.0
10901;5;11;26-07-2030;5;600.0
10902;1;4;17-02-2026;5;125.0
10903;4;10;29-10-2030;2;160.0
10904;1;7;15-04-2028;7;1050.0
10905;1;11;12-05-2026;10;1200.0
10906;5;12;11-11-2027;10;300.0
10907;5;4;05-01-2029;1;25.0
10908;3;10;03-08-2026;1;80.0
10909;1;7;05-08-2029;1;150.0
10910;3;12;13-02-2030;6;180.0
10911;3;9;19-12-2026;3;750.0
10912;4;2;08-08-2029;10;8000.0
10913;5;2;01-10-2027;3;2400.0
10914;3;6;19-01-2028;2;600.0
10915;3;5;02-09-2029;3;150.0
10916;6;4;20-06-2029;7;175.0
10917;6;6;18-06-2028;4;1200.0
10918;5;4;18-02-2030;7;175.0
10919;4;7;19-11-2027;7;1050.0
10920;3;3;11-04-2026;7;3500.0
10921;2;12;09-12-2029;6;180.0
10922;3;5;22-12-2030;10;500.0
10923;5;5;09-02-2027;6;300.0
10924;4;7;06-12-2029;6;900.0
10925;5;1;26-01-2027;4;4800.0
10926;2;10;10-02-2029;9;720.0
10927;1;5;25-05-2029;2;100.0
10928;2;4;28-12-2029;8;200.0
10929;6;8;07-09-2026;9;630.0
10930;6;12;06-04-2030;1;30.0
10931;3;9;22-02-2028;8;2000.0
10932;5;12;15-06-2029;1;30.0
10933;4;2;09-08-2026;3;2400.0
10934;4;6;04-09-2026;5;1500.0
10935;5;4;20-06-2030;1;25.0
10936;6;12;21-04-2030;2;60.0
10937;3;9;14-02-2027;3;750.0
10938;1;7;14-10-2026;2;300.0
10939;3;10;18-05-2030;3;240.0
10940;5;2;01-10-2026;6;4800.0
10941;5;6;17-11-2027;7;2100.0
10942;3;6;16-03-2027;2;600.0
10943;3;8;08-03-2028;3;210.0
10944;1;12;22-04-2029;6;180.0
10945;1;4;26-04-2028;7;175.0
10946;6;8;27-12-2028;4;280.0
10947;5;10;11-06-2029;9;720.0
10948;3;8;15-01-2028;1;70.0
10949;4;1;03-11-2027;6;7200.0
10950;4;11;09-06-2027;10;1200.0
10951;2;1;04-05-2030;3;3600.0
10952;2;4;16-11-2030;8;200.0
10953;6;3;10-07-2029;6;3000.0
10954;3;7;09-09-2028;8;1200.0
10955;5;5;20-02-2030;5;250.0
10956;1;7;27-03-2028;8;1200.0
10957;3;10;16-09-2028;5;400.0
10958;4;6;16-06-2026;8;2400.0
10959;2;10;08-07-2026;6;480.0
10960;3;5;22-06-2029;8;400.0
10961;6;2;09-04-2027;6;4800.0
10962;6;5;01-05-2027;2;100.0
10963;4;12;05-01-2027;2;60.0
10964;5;10;05-06-2027;1;80.0
10965;3;9;10-01-2027;4;1000.0
10966;6;2;25-04-2030;4;3200.0
10967;3;8;02-05-2028;4;280.0
10968;3;2;05-03-2027;7;5600.0
10969;4;3;14-06-2027;3;1500.0
10970;5;1;09-01-2028;4;4800.0
10971;5;11;20-04-2028;4;480.0
10972;4;10;16-03-2027;8;640.0
10973;3;8;06-11-2030;1;70.0
10974;6;9;29-12-2029;7;1750.0
10975;2;8;11-10-2030;4;280.0
10976;6;2;28-08-2029;1;800.0
10977;2;11;28-03-2029;1;120.0
10978;6;2;11-08-2028;9;7200.0
10979;1;5;28-07-2027;1;50.0
10980;4;11;07-05-2028;2;240.0
10981;5;2;19-12-2027;6;4800.0
10982;5;5;24-11-2027;1;50.0
10983;4;10;29-08-2027;3;240.0
10984;5;11;03-03-2030;7;840.0
10985;4;4;16-02-2026;4;100.0
10986;6;12;27-05-2026;4;120.0
10987;1;12;07-09-2027;8;240.0
10988;5;11;22-07-2029;2;240.0
10989;5;10;09-12-2028;4;320.0
10990;3;8;29-01-2028;4;280.0
10991;2;10;13-07-2026;8;640.0
10992;4;5;07-12-2028;7;350.0
10993;6;3;03-11-2029;5;2500.0
10994;5;4;16-09-2030;8;200.0
10995;3;1;29-01-2029;9;10800.0
10996;3;7;13-11-2029;6;900.0
10997;5;7;21-03-2027;7;1050.0
10998;5;10;04-12-2030;3;240.0
10999;3;2;18-04-2027;8;6400.0
11000;5;5;25-10-2029;3;150.0
11001;1;7;02-05-2028;8;1200.0
11002;5;12;16-03-2030;7;210.0
11003;4;10;19-03-2026;5;400.0
11004;5;11;08-05-2027;10;1200.0
11005;6;9;19-09-2028;3;750.0
11006;5;4;09-03-2026;2;50.0
11007;2;11;05-12-2029;7;840.0
11008;5;10;02-02-2030;7;560.0
11009;1;7;22-05-2030;1;150.0
11010;2;6;14-10-2030;10;3000.0
11011;1;8;20-03-2029;5;350.0
11012;1;8;02-08-2026;10;700.0
11013;3;8;23-07-2026;3;210.0
11014;1;9;14-01-2030;1;250.0
11015;1;4;17-10-2027;8;200.0
11016;5;9;03-02-2028;6;1500.0
11017;5;11;14-08-2030;2;240.0
11018;2;3;19-07-2027;2;1000.0
11019;5;12;12-12-2028;5;150.0
11020;2;6;17-07-2029;6;1800.0
11021;6;6;15-04-2030;3;900.0
11022;5;5;12-01-2027;6;300.0
11023;3;6;29-08-2026;4;1200.0
11024;4;2;20-09-2029;1;800.0
11025;3;4;22-10-2030;4;100.0
11026;5;7;05-12-2027;4;600.0
11027;5;4;03-12-2030;10;250.0
11028;1;4;08-12-2029;7;175.0
11029;1;3;14-10-2026;1;500.0
11030;2;10;02-02-2029;3;240.0
11031;4;5;26-02-2030;5;250.0
11032;3;10;28-01-2030;8;640.0
11033;2;3;18-12-2026;5;2500.0
11034;3;5;18-11-2028;3;150.0
11035;5;5;25-12-2027;2;100.0
11036;1;10;22-07-2027;9;720.0
11037;6;6;07-06-2027;10;3000.0
11038;6;9;18-09-2030;10;2500.0
11039;2;3;05-06-2030;8;4000.0
11040;6;2;10-12-2030;4;3200.0
11041;3;2;07-04-2028;1;800.0
11042;4;8;16-09-2027;6;420.0
11043;3;8;09-06-2027;6;420.0
11044;5;8;27-02-2027;6;420.0
11045;6;8;31-05-2028;2;140.0
11046;3;7;27-04-2026;6;900.0
11047;5;2;12-02-2027;8;6400.0
11048;2;5;18-08-2030;8;400.0
11049;4;3;25-03-2030;1;500.0
11050;3;5;27-10-2027;4;200.0
11051;5;11;18-01-2030;7;840.0
11052;5;9;16-04-2029;8;2000.0
11053;5;10;09-12-2027;9;720.0
11054;5;10;25-12-2027;9;720.0
11055;5;5;20-07-2028;3;150.0
11056;3;9;23-09-2028;5;1250.0
11057;3;12;21-10-2030;4;120.0
11058;3;2;09-04-2030;1;800.0
11059;5;2;10-06-2027;8;6400.0
11060;6;4;04-04-2027;2;50.0
11061;5;9;06-11-2030;8;2000.0
11062;4;6;14-02-2027;6;1800.0
11063;6;6;23-08-2028;2;600.0
11064;3;9;16-03-2030;7;1750.0
11065;3;10;12-03-2026;2;160.0
11066;6;12;21-07-2029;8;240.0
11067;4;2;06-02-2029;6;4800.0
11068;4;6;30-07-2027;5;1500.0
11069;4;2;30-01-2029;1;800.0
11070;6;1;13-12-2030;7;8400.0
11071;5;10;28-06-2029;3;240.0
11072;5;2;03-06-2026;5;4000.0
11073;5;10;29-11-2030;9;720.0
11074;1;6;25-10-2028;5;1500.0
11075;2;6;26-07-2027;7;2100.0
11076;2;7;19-05-2029;4;600.0
11077;4;1;09-05-2029;9;10800.0
11078;4;3;25-04-2030;6;3000.0
11079;5;5;01-07-2026;10;500.0
11080;6;7;06-04-2027;6;900.0
11081;4;5;09-03-2029;2;100.0
11082;2;9;09-06-2030;10;2500.0
11083;6;12;21-05-2028;9;270.0
11084;5;4;24-09-2030;3;75.0
11085;3;10;20-12-2028;2;160.0
11086;3;8;16-11-2029;9;630.0
11087;6;2;07-07-2030;1;800.0
11088;3;10;05-11-2030;7;560.0
11089;3;10;19-07-2030;3;240.0
11090;4;5;26-04-2030;5;250.0
11091;6;7;12-07-2029;6;900.0
11092;2;9;04-11-2029;6;1500.0
11093;2;3;14-02-2027;8;4000.0
11094;3;10;12-02-2030;2;160.0
11095;3;6;21-04-2028;10;3000.0
11096;4;2;16-02-2029;8;6400.0
11097;2;1;24-12-2026;4;4800.0
11098;3;6;10-12-2029;10;3000.0
11099;2;5;04-09-2028;1;50.0
11100;5;2;06-05-2029;5;4000.0
11101;3;12;20-01-2027;9;270.0
11102;3;8;23-11-2030;10;700.0
11103;3;11;15-08-2028;3;360.0
11104;3;7;08-09-2029;6;900.0
11105;4;5;13-04-2028;5;250.0
11106;6;5;12-07-2029;1;50.0
11107;1;7;03-04-2028;7;1050.0
11108;2;1;19-04-2028;3;3600.0
11109;1;6;09-09-2029;10;3000.0
11110;2;6;11-03-2026;1;300.0
11111;4;11;08-04-2027;2;240.0
11112;2;8;04-11-2028;3;210.0
11113;4;12;10-03-2029;5;150.0
11114;4;11;07-11-2027;5;600.0
11115;6;2;15-03-2026;8;6400.0
11116;2;7;10-05-2026;8;1200.0
11117;2;1;04-07-2029;7;8400.0
11118;2;12;26-09-2030;3;90.0
11119;2;8;27-05-2030;6;420.0
11120;3;9;13-04-2028;2;500.0
11121;5;8;14-06-2027;4;280.0
11122;6;10;05-02-2028;3;240.0
11123;3;12;15-04-2027;3;90.0
11124;6;12;10-06-2030;6;180.0
11125;6;7;27-11-2028;10;1500.0
11126;2;8;15-09-2030;3;210.0
11127;5;10;02-05-2027;3;240.0
11128;5;4;23-10-2028;7;175.0
11129;1;11;16-12-2029;3;360.0
11130;5;11;07-01-2030;6;720.0
11131;6;4;08-08-2027;5;125.0
11132;2;6;21-12-2030;7;2100.0
11133;4;3;17-01-2028;10;5000.0
11134;2;9;28-01-2027;8;2000.0
11135;4;8;13-09-2027;3;210.0
11136;4;1;15-04-2030;1;1200.0
11137;4;1;02-04-2029;4;4800.0
11138;5;8;20-07-2026;6;420.0
11139;1;4;02-06-2030;10;250.0
11140;4;7;01-12-2029;2;300.0
11141;2;8;06-03-2030;9;630.0
11142;3;9;06-02-2027;9;2250.0
11143;5;4;18-11-2027;7;175.0
11144;4;5;04-08-2030;5;250.0
11145;5;8;18-10-2029;4;280.0
11146;3;1;23-01-2029;9;10800.0
11147;6;5;05-05-2029;6;300.0
11148;1;5;08-06-2030;9;450.0
11149;2;3;27-04-2030;6;3000.0
11150;6;1;13-11-2026;5;6000.0
11151;6;8;13-09-2030;2;140.0
11152;5;10;18-11-2027;8;640.0
11153;1;12;16-06-2027;2;60.0
11154;4;12;21-06-2029;1;30.0
11155;6;8;03-04-2026;1;70.0
11156;4;10;01-04-2027;8;640.0
11157;2;11;08-04-2028;8;960.0
11158;3;1;11-01-2027;6;7200.0
11159;5;10;01-05-2026;10;800.0
11160;4;4;08-07-2029;1;25.0
11161;5;1;12-11-2026;5;6000.0
11162;4;3;23-12-2028;4;2000.0
11163;5;10;06-09-2030;5;400.0
11164;1;5;24-10-2030;4;200.0
11165;5;7;16-07-2030;1;150.0
11166;5;10;29-08-2026;1;80.0
11167;3;12;18-09-2028;10;300.0
11168;6;4;01-07-2026;1;25.0
11169;4;3;29-01-2030;7;3500.0
11170;6;10;21-06-2026;10;800.0
11171;3;11;10-10-2029;6;720.0
11172;1;3;02-03-2026;4;2000.0
11173;5;11;08-09-2030;3;360.0
11174;1;10;05-10-2029;4;320.0
11175;3;4;25-09-2030;7;175.0
11176;6;7;31-05-2027;2;300.0
11177;3;12;17-09-2027;2;60.0
11178;1;9;05-03-2029;3;750.0
11179;1;1;13-07-2029;8;9600.0
11180;1;8;29-05-2029;2;140.0
11181;4;5;17-05-2029;8;400.0
11182;1;4;16-05-2026;7;175.0
11183;4;9;03-02-2030;7;1750.0
11184;3;11;27-03-2028;6;720.0
11185;6;2;12-06-2027;7;5600.0
11186;5;3;24-10-2027;1;500.0
11187;3;2;30-10-2028;6;4800.0
11188;4;1;01-04-2027;6;7200.0
11189;5;12;10-07-2029;2;60.0
11190;4;5;05-12-2029;7;350.0
11191;4;8;26-01-2028;3;210.0
11192;4;11;26-08-2029;6;720.0
11193;4;2;07-07-2029;8;6400.0
11194;6;8;28-01-2028;7;490.0
11195;5;1;27-07-2026;7;8400.0
11196;3;10;22-11-2026;8;640.0
11197;3;12;14-04-2028;3;90.0
11198;1;8;27-04-2027;7;490.0
11199;2;10;19-01-2028;1;80.0
11200;3;4;13-01-2028;7;175.0
11201;3;9;19-05-2026;5;1250.0
11202;6;12;20-07-2030;7;210.0
11203;2;7;05-10-2030;7;1050.0
11204;6;5;06-04-2030;3;150.0
11205;4;4;21-08-2028;8;200.0
11206;1;3;16-10-2030;4;2000.0
11207;2;8;17-09-2028;10;700.0
11208;5;3;04-03-2030;1;500.0
11209;5;10;25-11-2029;1;80.0
11210;2;4;31-05-2030;3;75.0
11211;6;7;02-11-2029;5;750.0
11212;3;2;23-06-2027;5;4000.0
11213;3;8;19-06-2027;2;140.0
11214;4;9;01-08-2030;2;500.0
11215;2;6;04-05-2027;9;2700.0
11216;3;6;27-07-2027;4;1200.0
11217;6;6;13-06-2030;10;3000.0
11218;3;12;19-10-2028;1;30.0
11219;5;3;08-01-2028;8;4000.0
11220;2;8;16-07-2029;6;420.0
11221;3;11;23-12-2027;1;120.0
11222;5;7;05-11-2030;4;600.0
11223;2;9;18-04-2029;7;1750.0
11224;2;4;04-09-2028;10;250.0
11225;3;2;16-09-2028;10;8000.0
11226;6;8;11-12-2026;1;70.0
11227;5;2;28-09-2026;8;6400.0
11228;5;1;30-01-2028;3;3600.0
11229;1;12;16-11-2030;4;120.0
11230;1;6;20-12-2026;5;1500.0
11231;3;11;10-04-2029;9;1080.0
11232;6;10;10-09-2026;3;240.0
11233;3;12;08-06-2026;6;180.0
11234;3;3;16-06-2027;10;5000.0
11235;3;9;30-09-2028;4;1000.0
11236;5;2;11-09-2026;8;6400.0
11237;5;6;17-12-2030;9;2700.0
11238;5;5;07-02-2027;9;450.0
11239;2;5;18-08-2027;1;50.0
11240;6;6;27-08-2027;2;600.0
11241;3;5;05-08-2030;5;250.0
11242;4;8;16-05-2029;5;350.0
11243;2;6;15-09-2030;7;2100.0
11244;3;11;15-05-2029;10;1200.0
11245;5;4;22-11-2026;10;250.0
11246;5;5;19-11-2030;6;300.0
11247;4;1;19-06-2028;9;10800.0
11248;6;9;31-12-2027;2;500.0
11249;2;7;10-08-2029;6;900.0
11250;5;9;19-10-2026;1;250.0
11251;1;4;24-08-2029;3;75.0
11252;1;6;19-09-2026;1;300.0
11253;5;8;08-01-2028;10;700.0
11254;2;10;30-07-2028;8;640.0
11255;5;3;19-04-2029;8;4000.0
11256;4;1;23-06-2026;5;6000.0
11257;3;11;29-03-2027;8;960.0
11258;3;3;26-02-2026;4;2000.0
11259;1;7;08-12-2027;6;900.0
11260;4;8;14-10-2030;8;560.0
11261;5;8;02-01-2030;4;280.0
11262;6;8;14-10-2026;2;140.0
11263;5;5;22-11-2029;8;400.0
11264;1;1;28-04-2027;3;3600.0
11265;6;6;18-10-2029;2;600.0
11266;3;1;27-08-2026;9;10800.0
11267;3;4;11-12-2027;7;175.0
11268;1;2;07-11-2028;4;3200.0
11269;4;8;26-08-2026;2;140.0
11270;1;5;27-12-2026;7;350.0
11271;1;1;24-06-2026;8;9600.0
11272;2;10;31-08-2026;4;320.0
11273;4;2;23-07-2029;4;3200.0
11274;5;3;01-08-2028;6;3000.0
11275;3;4;06-03-2028;8;200.0
11276;3;3;14-07-2027;1;500.0
11277;6;11;09-06-2029;1;120.0
11278;3;9;15-01-2029;1;250.0
11279;1;8;02-01-2029;7;490.0
11280;2;5;17-05-2029;1;50.0
11281;5;8;10-07-2027;7;490.0
11282;3;3;03-04-2028;10;5000.0
11283;6;5;13-01-2029;8;400.0
11284;2;6;13-06-2029;4;1200.0
11285;4;7;27-11-2028;2;300.0
11286;5;5;19-01-2027;9;450.0
11287;3;1;12-09-2028;9;10800.0
11288;3;6;23-11-2026;9;2700.0
11289;1;9;04-01-2030;4;1000.0
11290;5;2;18-03-2027;5;4000.0
11291;1;10;08-11-2026;10;800.0
11292;6;3;13-12-2028;4;2000.0
11293;5;7;20-03-2029;2;300.0
11294;1;11;09-06-2030;6;720.0
11295;1;9;27-12-2026;4;1000.0
11296;3;1;25-01-2027;2;2400.0
11297;6;9;12-01-2030;3;750.0
11298;1;7;06-11-2030;5;750.0
11299;5;8;27-04-2026;7;490.0
11300;6;11;12-12-2027;2;240.0
11301;2;12;01-11-2030;6;180.0
11302;5;9;25-04-2027;2;500.0
11303;6;7;29-10-2030;7;1050.0
11304;3;6;26-08-2030;2;600.0
11305;5;12;23-12-2027;7;210.0
11306;4;9;25-10-2026;1;250.0
11307;1;11;26-08-2028;2;240.0
11308;6;2;26-01-2029;9;7200.0
11309;4;6;08-07-2029;4;1200.0
11310;6;10;09-05-2027;5;400.0
11311;5;11;06-10-2027;8;960.0
11312;2;5;09-11-2028;8;400.0
11313;1;2;03-09-2026;5;4000.0
11314;1;8;28-12-2029;4;280.0
11315;4;7;05-12-2030;1;150.0
11316;5;1;06-12-2027;9;10800.0
11317;5;6;29-10-2030;9;2700.0
11318;3;11;23-04-2028;4;480.0
11319;2;6;14-08-2029;7;2100.0
11320;4;11;13-07-2029;9;1080.0
11321;5;11;09-01-2030;9;1080.0
11322;5;11;08-05-2028;6;720.0
11323;4;9;01-08-2026;1;250.0
11324;3;10;25-12-2028;3;240.0
11325;1;11;01-05-2029;4;480.0
11326;1;7;17-03-2028;2;300.0
11327;1;9;26-07-2027;3;750.0
11328;1;6;02-02-2027;10;3000.0
11329;3;10;01-07-2027;1;80.0
11330;3;8;16-12-2026;10;700.0
11331;6;2;16-10-2030;6;4800.0
11332;4;9;28-09-2029;3;750.0
11333;6;10;01-12-2028;2;160.0
11334;6;8;25-02-2028;6;420.0
11335;6;10;26-11-2026;9;720.0
11336;1;5;27-09-2027;8;400.0
11337;1;7;08-05-2030;5;750.0
11338;2;12;02-04-2029;7;210.0
11339;6;4;16-06-2029;5;125.0
11340;3;9;15-10-2027;2;500.0
11341;4;7;17-05-2029;10;1500.0
11342;1;8;09-09-2027;4;280.0
11343;5;5;06-07-2026;2;100.0
11344;1;8;31-08-2029;8;560.0
11345;6;6;06-10-2027;8;2400.0
11346;1;2;01-04-2027;4;3200.0
11347;6;6;24-06-2026;3;900.0
11348;1;11;18-02-2026;1;120.0
11349;5;6;22-03-2028;3;900.0
11350;1;11;11-08-2028;10;1200.0
11351;6;2;20-09-2027;3;2400.0
11352;3;9;11-04-2029;9;2250.0
11353;5;7;21-02-2026;9;1350.0
11354;4;4;27-12-2026;5;125.0
11355;6;11;22-01-2029;6;720.0
11356;4;4;18-03-2027;2;50.0
11357;3;2;10-07-2026;7;5600.0
11358;1;11;27-02-2029;2;240.0
11359;5;6;26-05-2029;8;2400.0
11360;2;11;23-02-2027;4;480.0
11361;6;6;31-01-2027;4;1200.0
11362;2;4;30-03-2027;2;50.0
11363;2;2;21-12-2026;4;3200.0
11364;1;7;05-05-2030;4;600.0
11365;3;11;31-07-2028;8;960.0
11366;6;6;19-05-2026;4;1200.0
11367;5;9;29-08-2028;7;1750.0
11368;2;5;29-07-2030;2;100.0
11369;5;8;01-11-2027;8;560.0
11370;4;10;24-11-2026;8;640.0
11371;3;4;12-10-2029;9;225.0
11372;1;8;07-01-2028;2;140.0
11373;4;12;09-07-2026;10;300.0
11374;2;10;17-04-2027;2;160.0
11375;4;10;04-07-2028;3;240.0
11376;3;9;03-07-2030;8;2000.0
11377;2;10;17-12-2026;10;800.0
11378;2;10;29-01-2030;2;160.0
11379;4;9;27-03-2026;9;2250.0
11380;4;4;07-05-2027;9;225.0
11381;1;3;19-11-2027;4;2000.0
11382;3;8;26-11-2026;9;630.0
11383;4;11;27-11-2027;4;480.0
11384;5;4;26-05-2026;3;75.0
11385;3;3;03-07-2030;7;3500.0
11386;2;6;27-04-2026;3;900.0
11387;5;2;01-12-2028;4;3200.0
11388;3;11;12-02-2030;4;480.0
11389;6;4;26-01-2030;1;25.0
11390;2;11;25-02-2027;2;240.0
11391;3;12;12-03-2027;1;30.0
11392;3;8;14-11-2026;4;280.0
11393;3;5;04-12-2028;3;150.0
11394;4;6;05-06-2028;7;2100.0
11395;4;4;03-09-2026;10;250.0
11396;2;3;17-03-2028;10;5000.0
11397;5;11;04-09-2029;7;840.0
11398;6;1;10-10-2029;3;3600.0
11399;3;5;28-06-2030;6;300.0
11400;6;6;28-04-2029;10;3000.0
11401;5;12;21-02-2026;1;30.0
11402;1;5;10-01-2030;3;150.0
11403;1;10;29-08-2026;9;720.0
11404;2;6;27-04-2030;1;300.0
11405;2;6;24-07-2026;10;3000.0
11406;5;11;21-12-2027;5;600.0
11407;5;10;19-06-2028;3;240.0
11408;4;7;01-12-2028;6;900.0
11409;4;10;26-08-2026;4;320.0
11410;5;1;14-04-2030;3;3600.0
11411;5;3;24-10-2028;9;4500.0
11412;2;8;20-11-2029;10;700.0
11413;4;9;17-03-2029;4;1000.0
11414;2;9;11-06-2029;10;2500.0
11415;6;1;04-02-2030;5;6000.0
11416;5;1;18-02-2030;6;7200.0
11417;1;10;03-10-2027;6;480.0
11418;1;9;13-02-2028;1;250.0
11419;5;1;19-07-2030;8;9600.0
11420;4;3;30-09-2028;3;1500.0
11421;4;1;08-10-2026;1;1200.0
11422;5;4;19-05-2030;7;175.0
11423;6;9;30-11-2029;8;2000.0
11424;3;6;14-05-2027;9;2700.0
11425;6;4;24-09-2027;1;25.0
11426;3;11;27-08-2030;5;600.0
11427;3;12;24-02-2029;1;30.0
11428;4;4;07-01-2029;1;25.0
11429;5;12;03-01-2030;3;90.0
11430;3;5;23-04-2027;4;200.0
11431;1;5;23-02-2026;1;50.0
11432;3;10;12-09-2028;4;320.0
11433;5;4;26-05-2030;7;175.0
11434;3;10;28-05-2027;7;560.0
11435;5;12;27-06-2029;9;270.0
11436;5;4;23-07-2028;5;125.0
11437;6;9;04-08-2026;10;2500.0
11438;6;7;28-09-2028;8;1200.0
11439;5;1;12-07-2028;6;7200.0
11440;2;6;09-09-2026;1;300.0
11441;3;12;03-11-2029;6;180.0
11442;1;3;01-01-2027;4;2000.0
11443;1;2;01-11-2027;7;5600.0
11444;5;3;05-04-2026;6;3000.0
11445;2;4;01-04-2030;3;75.0
11446;1;8;30-01-2028;7;490.0
11447;2;8;04-08-2027;7;490.0
11448;6;3;02-06-2030;7;3500.0
11449;3;9;17-04-2026;4;1000.0
11450;3;7;27-04-2029;6;900.0
11451;5;8;23-04-2027;4;280.0
11452;6;3;01-08-2027;7;3500.0
11453;2;5;23-05-2028;10;500.0
11454;4;6;12-01-2030;9;2700.0
11455;5;10;05-06-2029;4;320.0
11456;2;1;08-11-2030;9;10800.0
11457;4;11;07-07-2026;1;120.0
11458;5;6;13-08-2027;8;2400.0
11459;1;4;11-07-2028;2;50.0
11460;2;5;07-06-2026;7;350.0
11461;6;7;03-11-2030;6;900.0
11462;6;8;08-10-2027;5;350.0
11463;6;5;28-04-2027;1;50.0
11464;6;3;31-10-2029;8;4000.0
11465;5;1;24-01-2029;2;2400.0
11466;6;3;03-04-2028;2;1000.0
11467;5;11;11-12-2026;8;960.0
11468;1;8;25-02-2027;8;560.0
11469;5;11;18-12-2026;5;600.0
11470;6;10;20-12-2026;10;800.0
11471;1;11;13-03-2028;2;240.0
11472;4;2;06-02-2030;7;5600.0
11473;3;6;30-05-2028;6;1800.0
11474;2;2;14-12-2026;8;6400.0
11475;4;1;25-04-2029;4;4800.0
11476;3;4;07-03-2029;10;250.0
11477;6;12;27-09-2029;3;90.0
11478;6;11;03-12-2027;4;480.0
11479;6;12;20-04-2028;4;120.0
11480;5;6;27-09-2029;5;1500.0
11481;2;9;20-06-2027;5;1250.0
11482;5;5;25-06-2028;1;50.0
11483;2;1;17-05-2030;5;6000.0
11484;3;9;08-12-2028;9;2250.0
11485;5;7;09-12-2026;5;750.0
11486;3;9;10-07-2027;1;250.0
11487;3;11;06-12-2027;3;360.0
11488;3;5;04-07-2029;2;100.0
11489;6;8;07-02-2030;7;490.0
11490;5;12;21-02-2030;4;120.0
11491;2;6;25-05-2028;3;900.0
11492;5;5;05-12-2026;5;250.0
11493;6;12;11-07-2028;3;90.0
11494;6;1;20-12-2028;9;10800.0
11495;2;3;25-10-2027;5;2500.0
11496;4;9;04-02-2030;6;1500.0
11497;6;4;14-06-2028;6;150.0
11498;6;7;05-08-2027;1;150.0
11499;4;6;30-06-2029;2;600.0
11500;4;3;22-02-2030;1;500.0
11501;2;9;10-06-2027;6;1500.0
11502;3;9;22-12-2030;2;500.0
11503;2;6;06-06-2028;4;1200.0
11504;6;3;28-10-2029;10;5000.0
11505;2;12;08-10-2027;1;30.0
11506;4;10;25-11-2030;6;480.0
11507;2;5;09-09-2028;9;450.0
11508;1;6;08-08-2026;6;1800.0
11509;6;10;22-10-2026;7;560.0
11510;4;8;03-05-2030;10;700.0
11511;2;2;19-01-2029;2;1600.0
11512;4;8;04-08-2028;5;350.0
11513;5;11;18-07-2026;9;1080.0
11514;6;4;14-02-2029;10;250.0
11515;2;7;26-09-2027;2;300.0
11516;6;9;16-01-2027;7;1750.0
11517;4;10;05-10-2027;4;320.0
11518;4;10;06-01-2028;4;320.0
11519;5;8;28-02-2030;5;350.0
11520;1;2;05-05-2030;9;7200.0
11521;1;7;24-09-2026;6;900.0
11522;6;3;26-10-2029;10;5000.0
11523;3;4;10-03-2029;9;225.0
11524;6;2;21-07-2027;4;3200.0
11525;5;6;17-12-2027;10;3000.0
11526;2;12;18-08-2029;6;180.0
11527;4;10;21-10-2030;6;480.0
11528;5;6;26-11-2029;1;300.0
11529;6;12;15-03-2027;1;30.0
11530;3;8;25-02-2029;3;210.0
11531;4;3;09-04-2030;3;1500.0
11532;6;5;08-05-2027;3;150.0
11533;6;9;07-05-2028;2;500.0
11534;4;8;17-11-2026;6;420.0
11535;6;4;14-08-2027;9;225.0
11536;6;3;18-10-2029;1;500.0
11537;1;9;04-08-2029;1;250.0
11538;3;3;10-01-2028;4;2000.0
11539;4;3;27-04-2028;7;3500.0
11540;1;5;14-07-2030;10;500.0
11541;5;2;08-09-2030;4;3200.0
11542;4;3;08-04-2027;9;4500.0
11543;3;5;31-12-2028;1;50.0
11544;4;12;01-10-2027;4;120.0
11545;6;6;27-06-2029;10;3000.0
11546;1;4;30-08-2029;8;200.0
11547;1;9;21-10-2028;6;1500.0
11548;3;3;03-09-2029;10;5000.0
11549;1;2;18-05-2028;1;800.0
11550;5;12;29-05-2027;1;30.0
11551;2;6;10-10-2030;1;300.0
11552;1;11;05-11-2029;3;360.0
11553;5;8;17-08-2026;5;350.0
11554;3;12;19-01-2028;9;270.0
11555;2;10;02-05-2029;8;640.0
11556;4;5;30-11-2026;9;450.0
11557;1;12;05-07-2030;9;270.0
11558;6;3;12-10-2030;10;5000.0
11559;6;6;17-05-2026;2;600.0
11560;3;3;14-10-2026;5;2500.0
11561;6;11;23-03-2026;2;240.0
11562;1;7;06-03-2026;1;150.0
11563;3;11;21-09-2027;9;1080.0
11564;2;10;25-10-2029;4;320.0
11565;1;10;07-09-2027;8;640.0
11566;2;8;08-03-2027;10;700.0
11567;4;8;22-10-2026;4;280.0
11568;5;8;29-05-2028;5;350.0
11569;6;1;28-08-2026;2;2400.0
11570;3;10;12-08-2029;3;240.0
11571;1;9;15-09-2030;5;1250.0
11572;6;1;18-09-2026;8;9600.0
11573;5;8;26-10-2026;9;630.0
11574;6;5;09-06-2030;2;100.0
11575;3;12;20-04-2028;1;30.0
11576;3;10;06-01-2029;8;640.0
11577;2;10;09-01-2027;5;400.0
11578;3;1;12-03-2030;5;6000.0
11579;4;4;05-08-2027;1;25.0
11580;3;10;24-04-2030;3;240.0
11581;3;10;20-08-2028;5;400.0
11582;4;5;25-02-2026;7;350.0
11583;4;9;16-05-2028;6;1500.0
11584;3;12;19-12-2028;6;180.0
11585;3;4;06-04-2028;8;200.0
11586;1;3;19-10-2030;7;3500.0
11587;5;6;16-04-2028;3;900.0
11588;4;2;29-12-2030;4;3200.0
11589;3;3;16-03-2029;2;1000.0
11590;1;4;15-12-2026;10;250.0
11591;3;12;15-10-2026;2;60.0
11592;1;8;12-04-2028;8;560.0
11593;5;12;17-08-2028;1;30.0
11594;2;2;14-04-2029;4;3200.0
11595;2;1;09-10-2030;6;7200.0
11596;2;9;05-09-2028;4;1000.0
11597;2;1;26-10-2028;3;3600.0
11598;3;1;03-08-2027;5;6000.0
11599;3;12;25-04-2026;9;270.0
11600;4;7;11-04-2028;8;1200.0
11601;5;12;11-07-2028;1;30.0
11602;5;6;03-08-2027;2;600.0
11603;5;10;09-06-2028;9;720.0
11604;3;4;08-08-2027;4;100.0
11605;1;10;27-04-2030;4;320.0
11606;4;2;24-01-2029;2;1600.0
11607;1;4;12-11-2027;1;25.0
11608;1;8;21-10-2026;3;210.0
11609;5;3;19-06-2028;8;4000.0
11610;4;9;20-09-2028;6;1500.0
11611;5;1;03-02-2030;8;9600.0
11612;6;3;07-04-2028;7;3500.0
11613;5;8;02-03-2029;6;420.0
11614;2;12;06-06-2030;7;210.0
11615;3;4;07-02-2030;8;200.0
11616;2;12;30-07-2030;4;120.0
11617;1;1;29-12-2029;6;7200.0
11618;4;5;22-02-2029;7;350.0
11619;2;5;18-05-2026;10;500.0
11620;5;1;25-08-2029;3;3600.0
11621;1;3;28-04-2026;6;3000.0
11622;2;7;22-08-2026;4;600.0
11623;3;3;20-04-2029;9;4500.0
11624;6;12;23-05-2026;8;240.0
11625;3;7;29-03-2027;4;600.0
11626;1;2;28-09-2030;8;6400.0
11627;2;5;10-03-2030;8;400.0
11628;2;4;17-11-2029;6;150.0
11629;2;12;28-03-2027;7;210.0
11630;3;7;28-03-2028;3;450.0
11631;6;2;01-04-2026;1;800.0
11632;5;3;04-01-2028;7;3500.0
11633;1;1;10-11-2030;7;8400.0
11634;4;10;16-09-2028;6;480.0
11635;5;3;14-05-2029;5;2500.0
11636;1;10;09-03-2029;4;320.0
11637;5;5;02-05-2026;6;300.0
11638;6;11;17-02-2030;6;720.0
11639;4;7;14-09-2027;8;1200.0
11640;3;12;02-01-2027;7;210.0
11641;4;8;27-09-2028;3;210.0
11642;1;12;13-07-2030;3;90.0
11643;2;8;14-01-2027;4;280.0
11644;2;8;07-07-2029;6;420.0
11645;2;6;16-07-2028;8;2400.0
11646;5;11;23-01-2028;3;360.0
11647;4;7;26-07-2027;10;1500.0
11648;6;11;27-11-2028;4;480.0
11649;2;12;08-10-2028;4;120.0
11650;4;2;06-04-2029;1;800.0
11651;5;4;17-03-2027;9;225.0
11652;2;7;22-07-2027;9;1350.0
11653;2;10;02-04-2029;5;400.0
11654;1;11;25-06-2027;6;720.0
11655;2;2;29-07-2027;4;3200.0
11656;1;3;09-10-2030;3;1500.0
11657;3;6;01-11-2028;2;600.0
11658;1;7;12-04-2027;6;900.0
11659;6;11;26-09-2027;4;480.0
11660;2;9;11-06-2029;8;2000.0
11661;5;9;01-04-2028;4;1000.0
11662;4;8;11-04-2028;8;560.0
11663;5;1;02-02-2028;1;1200.0
11664;5;12;05-03-2028;7;210.0
11665;5;7;27-10-2027;1;150.0
11666;2;5;27-03-2026;8;400.0
11667;5;11;25-02-2027;10;1200.0
11668;3;9;13-02-2027;10;2500.0
11669;6;6;03-12-2027;2;600.0
11670;6;12;31-07-2026;6;180.0
11671;5;4;01-06-2028;6;150.0
11672;1;11;03-05-2028;10;1200.0
11673;2;11;26-03-2028;4;480.0
11674;2;5;16-02-2027;2;100.0
11675;2;1;25-12-2026;4;4800.0
11676;2;2;08-05-2027;10;8000.0
11677;1;7;07-07-2026;2;300.0
11678;6;8;04-05-2028;6;420.0
11679;2;1;12-08-2028;10;12000.0
11680;2;4;28-01-2030;6;150.0
11681;1;6;24-08-2027;3;900.0
11682;1;9;16-02-2030;3;750.0
11683;3;3;25-02-2028;3;1500.0
11684;5;3;02-09-2029;1;500.0
11685;4;7;14-10-2028;9;1350.0
11686;5;4;23-08-2030;3;75.0
11687;5;10;05-04-2029;3;240.0
11688;6;4;17-04-2026;1;25.0
11689;1;5;22-11-2028;1;50.0
11690;2;4;02-11-2026;10;250.0
11691;2;3;08-12-2026;8;4000.0
11692;2;2;10-08-2027;6;4800.0
11693;3;11;23-12-2028;8;960.0
11694;6;3;18-04-2030;10;5000.0
11695;6;3;29-05-2030;1;500.0
11696;1;3;26-08-2028;10;5000.0
11697;5;6;10-08-2026;5;1500.0
11698;1;8;04-02-2028;10;700.0
11699;2;1;15-11-2030;5;6000.0
11700;5;1;01-08-2026;6;7200.0
11701;3;1;20-08-2029;3;3600.0
11702;5;5;12-12-2026;9;450.0
11703;2;1;17-08-2027;8;9600.0
11704;1;9;07-02-2027;3;750.0
11705;6;6;12-10-2029;9;2700.0
11706;5;6;20-09-2027;10;3000.0
11707;3;12;06-05-2030;6;180.0
11708;2;12;22-07-2029;9;270.0
11709;1;7;30-07-2028;4;600.0
11710;6;9;13-08-2026;1;250.0
11711;5;11;27-07-2030;4;480.0
11712;3;10;22-12-2027;7;560.0
11713;2;1;08-05-2026;3;3600.0
11714;4;11;06-01-2027;9;1080.0
11715;5;7;02-06-2030;9;1350.0
11716;6;10;18-03-2028;2;160.0
11717;4;4;18-08-2026;2;50.0
11718;1;11;18-05-2029;9;1080.0
11719;2;3;27-05-2030;10;5000.0
11720;4;10;13-03-2029;2;160.0
11721;4;5;16-09-2026;8;400.0
11722;1;12;31-07-2028;1;30.0
11723;5;5;26-02-2026;8;400.0
11724;1;1;13-04-2028;2;2400.0
11725;3;8;16-12-2029;10;700.0
11726;3;3;31-01-2028;9;4500.0
11727;5;8;03-08-2027;10;700.0
11728;4;5;03-09-2028;7;350.0
11729;4;10;25-11-2029;5;400.0
11730;6;6;14-10-2029;7;2100.0
11731;2;10;28-04-2027;4;320.0
11732;5;5;12-06-2028;8;400.0
11733;4;12;22-09-2026;9;270.0
11734;6;1;08-07-2030;10;12000.0
11735;2;10;30-12-2030;8;640.0
11736;6;8;17-04-2028;8;560.0
11737;3;11;22-02-2026;9;1080.0
11738;3;12;09-12-2030;10;300.0
11739;1;2;04-04-2026;4;3200.0
11740;6;1;09-12-2026;1;1200.0
11741;2;5;24-05-2030;9;450.0
11742;3;12;10-04-2028;3;90.0
11743;4;8;26-07-2026;9;630.0
11744;5;12;26-02-2030;10;300.0
11745;3;1;31-03-2030;1;1200.0
11746;6;11;14-10-2026;10;1200.0
11747;6;12;09-04-2030;1;30.0
11748;6;1;11-11-2028;3;3600.0
11749;2;2;12-08-2027;10;8000.0
11750;3;3;14-01-2027;4;2000.0
11751;6;12;28-01-2029;1;30.0
11752;5;11;07-02-2030;9;1080.0
11753;5;9;06-05-2028;5;1250.0
11754;2;11;29-08-2028;6;720.0
11755;2;7;13-12-2030;4;600.0
11756;6;1;31-03-2027;10;12000.0
11757;4;3;20-09-2029;5;2500.0
11758;4;6;22-12-2027;1;300.0
11759;3;10;23-09-2028;9;720.0
11760;2;3;17-02-2028;5;2500.0
11761;4;6;06-11-2028;1;300.0
11762;5;7;16-02-2029;7;1050.0
11763;1;2;22-08-2027;3;2400.0
11764;1;1;25-03-2026;4;4800.0
11765;1;11;09-08-2027;9;1080.0
11766;1;4;16-10-2029;6;150.0
11767;1;7;08-02-2027;1;150.0
11768;2;4;07-09-2027;3;75.0
11769;5;6;25-11-2029;8;2400.0
11770;6;8;19-01-2029;10;700.0
11771;3;5;01-12-2029;10;500.0
11772;2;11;29-05-2030;6;720.0
11773;1;8;25-06-2028;5;350.0
11774;6;6;30-06-2028;1;300.0
11775;3;11;23-08-2030;6;720.0
11776;1;4;03-09-2027;9;225.0
11777;1;7;09-07-2030;7;1050.0
11778;4;1;12-12-2030;5;6000.0
11779;3;12;05-09-2028;2;60.0
11780;1;1;08-05-2026;7;8400.0
11781;1;3;09-12-2027;6;3000.0
11782;1;2;16-02-2027;8;6400.0
11783;3;2;09-07-2028;7;5600.0
11784;2;3;24-12-2030;7;3500.0
11785;6;4;12-12-2028;10;250.0
11786;6;3;25-11-2027;1;500.0
11787;4;6;10-08-2028;2;600.0
11788;1;7;14-08-2029;5;750.0
11789;6;11;16-05-2029;8;960.0
11790;6;9;09-02-2030;2;500.0
11791;6;12;25-05-2029;7;210.0
11792;1;6;03-12-2026;5;1500.0
11793;2;9;04-02-2029;1;250.0
11794;1;11;09-08-2029;5;600.0
11795;1;1;25-10-2028;6;7200.0
11796;2;3;14-06-2029;6;3000.0
11797;4;12;09-08-2030;9;270.0
11798;1;9;26-08-2027;2;500.0
11799;6;4;02-08-2029;10;250.0
11800;5;3;25-10-2026;10;5000.0
11801;1;11;11-06-2026;2;240.0
11802;4;1;14-02-2027;2;2400.0
11803;5;5;10-02-2027;6;300.0
11804;1;1;06-10-2029;3;3600.0
11805;3;2;03-05-2027;2;1600.0
11806;5;5;19-06-2028;4;200.0
11807;6;8;31-03-2028;2;140.0
11808;6;10;08-12-2029;7;560.0
11809;4;4;16-07-2030;4;100.0
11810;2;3;06-09-2028;5;2500.0
11811;2;2;27-03-2027;10;8000.0
11812;5;2;19-01-2028;10;8000.0
11813;1;1;26-11-2029;4;4800.0
11814;1;2;17-04-2030;4;3200.0
11815;6;4;10-11-2029;6;150.0
11816;2;6;22-09-2030;9;2700.0
11817;5;11;04-04-2030;8;960.0
11818;3;6;23-10-2030;2;600.0
11819;6;8;11-02-2029;1;70.0
11820;5;11;26-12-2026;8;960.0
11821;3;11;30-09-2030;7;840.0
11822;5;1;28-01-2030;1;1200.0
11823;1;7;13-01-2028;10;1500.0
11824;1;12;11-06-2026;1;30.0
11825;1;1;21-07-2026;5;6000.0
11826;4;1;17-07-2026;3;3600.0
11827;4;11;13-07-2028;9;1080.0
11828;6;8;01-05-2030;1;70.0
11829;1;3;21-06-2027;1;500.0
11830;2;6;26-08-2027;8;2400.0
11831;3;2;30-01-2030;3;2400.0
11832;6;8;03-10-2029;3;210.0
11833;2;11;19-07-2029;4;480.0
11834;5;4;10-12-2029;10;250.0
11835;4;5;22-10-2030;8;400.0
11836;6;2;14-08-2028;6;4800.0
11837;3;6;20-03-2030;9;2700.0
11838;2;12;13-06-2028;5;150.0
11839;5;11;05-07-2028;1;120.0
11840;4;4;02-08-2026;8;200.0
11841;2;10;12-07-2030;5;400.0
11842;4;6;22-01-2030;8;2400.0
11843;2;2;29-10-2028;6;4800.0
11844;5;6;08-11-2030;3;900.0
11845;2;10;30-12-2028;3;240.0
11846;4;12;12-07-2028;1;30.0
11847;1;3;13-06-2027;8;4000.0
11848;4;11;30-03-2030;10;1200.0
11849;4;3;19-10-2027;7;3500.0
11850;1;9;21-09-2029;5;1250.0
11851;3;3;15-10-2029;4;2000.0
11852;4;2;05-03-2027;9;7200.0
11853;3;5;16-05-2029;7;350.0
11854;4;4;09-01-2030;2;50.0
11855;1;12;23-10-2026;5;150.0
11856;3;7;18-07-2026;6;900.0
11857;2;1;15-12-2028;2;2400.0
11858;2;1;22-04-2030;1;1200.0
11859;2;12;06-08-2028;9;270.0
11860;4;6;02-04-2026;1;300.0
11861;6;9;16-04-2026;6;1500.0
11862;5;12;08-01-2028;4;120.0
11863;3;4;10-11-2028;7;175.0
11864;2;2;19-04-2028;6;4800.0
11865;3;5;04-12-2029;1;50.0
11866;5;9;22-02-2028;10;2500.0
11867;4;5;29-03-2030;3;150.0
11868;5;10;19-01-2030;6;480.0
11869;4;8;24-11-2028;5;350.0
11870;1;1;20-05-2027;6;7200.0
11871;3;6;18-12-2026;3;900.0
11872;3;2;11-09-2030;3;2400.0
11873;6;2;14-07-2030;3;2400.0
11874;6;6;08-11-2027;6;1800.0
11875;2;5;02-04-2028;5;250.0
11876;4;10;24-04-2026;7;560.0
11877;6;10;06-08-2030;1;80.0
11878;2;10;24-11-2026;2;160.0
11879;1;6;18-03-2027;2;600.0
11880;2;10;20-02-2026;1;80.0
11881;3;7;05-11-2030;6;900.0
11882;4;11;10-12-2029;6;720.0
11883;2;11;11-10-2027;8;960.0
11884;2;1;12-08-2030;5;6000.0
11885;4;1;15-05-2028;6;7200.0
11886;2;10;14-10-2028;10;800.0
11887;1;1;18-12-2028;10;12000.0
11888;2;6;17-10-2029;6;1800.0
11889;2;10;17-09-2027;3;240.0
11890;2;3;16-11-2029;6;3000.0
11891;6;4;08-11-2027;5;125.0
11892;2;10;09-09-2026;1;80.0
11893;2;10;31-03-2029;8;640.0
11894;6;9;07-04-2026;3;750.0
11895;1;9;05-04-2030;6;1500.0
11896;3;8;16-04-2026;9;630.0
11897;4;9;03-07-2028;2;500.0
11898;2;9;22-06-2028;5;1250.0
11899;4;12;09-09-2027;3;90.0
11900;5;4;02-05-2030;8;200.0
11901;6;5;19-07-2026;3;150.0
11902;1;1;08-10-2028;8;9600.0
11903;6;1;06-07-2027;7;8400.0
11904;5;7;21-02-2028;2;300.0
11905;3;12;13-11-2029;4;120.0
11906;4;2;15-09-2026;8;6400.0
11907;5;11;02-02-2030;3;360.0
11908;5;2;30-12-2027;7;5600.0
11909;6;12;05-11-2028;4;120.0
11910;1;12;04-08-2026;9;270.0
11911;6;3;11-07-2028;1;500.0
11912;5;2;01-04-2028;3;2400.0
11913;5;7;04-09-2027;2;300.0
11914;3;10;21-07-2028;4;320.0
11915;4;7;04-07-2027;3;450.0
11916;2;7;26-01-2028;5;750.0
11917;6;9;17-01-2028;5;1250.0
11918;3;6;11-12-2029;6;1800.0
11919;4;4;10-07-2029;7;175.0
11920;6;6;22-02-2028;3;900.0
11921;3;11;19-03-2028;6;720.0
11922;2;9;02-01-2030;7;1750.0
11923;1;7;22-01-2027;1;150.0
11924;5;4;14-06-2026;4;100.0
11925;3;7;22-01-2027;7;1050.0
11926;1;2;27-11-2026;7;5600.0
11927;6;10;22-03-2028;7;560.0
11928;6;1;14-10-2030;6;7200.0
11929;1;8;25-12-2028;1;70.0
11930;3;4;06-01-2027;10;250.0
11931;1;4;29-11-2027;4;100.0
11932;6;3;29-05-2030;2;1000.0
11933;3;6;19-04-2030;3;900.0
11934;5;5;10-04-2028;4;200.0
11935;4;10;29-03-2027;10;800.0
11936;4;4;21-09-2028;1;25.0
11937;2;8;15-05-2027;4;280.0
11938;4;10;22-01-2029;2;160.0
11939;1;12;04-04-2026;1;30.0
11940;6;4;01-05-2030;10;250.0
11941;3;12;26-03-2026;7;210.0
11942;2;6;08-04-2030;1;300.0
11943;3;12;29-08-2028;4;120.0
11944;5;12;01-08-2027;10;300.0
11945;1;9;20-02-2027;10;2500.0
11946;3;4;05-04-2030;7;175.0
11947;1;3;22-02-2026;2;1000.0
11948;2;9;26-08-2028;3;750.0
11949;1;11;11-03-2028;10;1200.0
11950;5;4;15-03-2028;7;175.0
11951;1;6;15-02-2029;4;1200.0
11952;6;2;31-08-2027;1;800.0
11953;5;9;16-04-2030;10;2500.0
11954;1;5;20-09-2030;1;50.0
11955;6;11;26-04-2026;1;120.0
11956;4;1;30-05-2029;6;7200.0
11957;1;11;29-01-2030;8;960.0
11958;1;12;20-04-2028;3;90.0
11959;4;6;29-09-2027;1;300.0
11960;2;10;14-01-2028;2;160.0
11961;2;7;19-02-2026;1;150.0
11962;2;7;07-09-2030;1;150.0
11963;5;5;06-03-2029;5;250.0
11964;3;6;07-03-2028;3;900.0
11965;5;11;01-10-2028;9;1080.0
11966;5;6;12-07-2029;3;900.0
11967;1;7;31-12-2027;7;1050.0
11968;6;6;29-03-2028;8;2400.0
11969;4;12;21-10-2030;8;240.0
11970;2;2;15-04-2030;10;8000.0
11971;6;8;20-09-2030;1;70.0
11972;1;12;07-03-2030;10;300.0
11973;3;2;07-04-2028;3;2400.0
11974;5;4;30-11-2029;8;200.0
11975;2;6;16-05-2026;1;300.0
11976;4;8;22-08-2028;2;140.0
11977;6;2;22-06-2029;2;1600.0
11978;3;3;16-12-2026;9;4500.0
11979;4;1;05-12-2027;2;2400.0
11980;1;10;29-11-2029;10;800.0
11981;5;2;18-04-2030;4;3200.0
11982;4;9;20-06-2028;9;2250.0
11983;3;10;13-03-2026;4;320.0
11984;1;10;04-12-2027;7;560.0
11985;1;1;14-05-2029;5;6000.0
11986;6;5;28-05-2030;8;400.0
11987;3;8;13-08-2030;6;420.0
11988;6;5;03-07-2028;7;350.0
11989;6;11;15-08-2029;6;720.0
11990;3;2;09-03-2030;10;8000.0
11991;4;12;22-08-2026;2;60.0
11992;1;9;09-09-2028;3;750.0
11993;6;8;01-09-2029;4;280.0
11994;1;1;05-05-2029;8;9600.0
11995;5;11;07-10-2029;4;480.0
11996;4;9;08-03-2027;5;1250.0
11997;4;1;22-10-2027;2;2400.0
11998;1;4;15-06-2030;6;150.0
11999;1;11;26-04-2028;10;1200.0
12000;4;3;16-01-2028;2;1000.0
12001;3;2;09-12-2029;1;800.0
12002;2;4;16-01-2029;10;250.0
12003;5;11;16-02-2026;2;240.0
12004;5;12;12-03-2027;6;180.0
12005;1;8;21-11-2026;3;210.0
12006;6;6;23-02-2026;3;900.0
12007;2;9;21-08-2029;5;1250.0
12008;1;11;09-08-2027;3;360.0
12009;1;4;06-08-2028;1;25.0
12010;4;12;25-07-2028;7;210.0
12011;2;8;17-03-2026;4;280.0
12012;3;3;24-03-2026;8;4000.0
12013;3;11;24-08-2026;3;360.0
12014;2;9;17-03-2030;9;2250.0
12015;5;10;21-12-2029;2;160.0
12016;4;5;23-04-2030;1;50.0
12017;3;11;07-06-2027;5;600.0
12018;2;11;09-04-2026;6;720.0
12019;6;11;28-09-2028;8;960.0
12020;4;4;28-05-2027;9;225.0
12021;5;11;30-10-2030;7;840.0
12022;6;9;06-09-2027;2;500.0
12023;2;6;10-03-2026;1;300.0
12024;4;7;05-07-2029;3;450.0
12025;2;6;16-06-2030;10;3000.0
12026;2;12;21-10-2028;4;120.0
12027;4;10;28-07-2029;7;560.0
12028;1;7;29-04-2028;4;600.0
12029;5;2;22-08-2026;7;5600.0
12030;2;6;21-05-2028;6;1800.0
12031;3;9;03-11-2030;2;500.0
12032;3;7;28-06-2028;1;150.0
12033;3;8;23-01-2029;10;700.0
12034;2;10;19-02-2029;8;640.0
12035;6;4;03-11-2026;9;225.0
12036;3;12;30-06-2030;5;150.0
12037;5;10;17-02-2028;1;80.0
12038;2;5;26-03-2027;5;250.0
12039;6;11;12-07-2027;7;840.0
12040;3;7;21-05-2027;5;750.0
12041;6;12;13-04-2030;10;300.0
12042;1;5;21-01-2029;6;300.0
12043;1;12;05-03-2030;10;300.0
12044;5;4;13-05-2030;10;250.0
12045;3;6;02-11-2030;2;600.0
12046;3;11;22-04-2030;2;240.0
12047;3;8;12-03-2029;8;560.0
12048;1;8;24-10-2029;8;560.0
12049;3;8;30-05-2030;9;630.0
12050;3;3;24-05-2028;7;3500.0
12051;1;9;20-09-2029;7;1750.0
12052;2;12;13-02-2027;8;240.0
12053;2;1;15-02-2027;7;8400.0
12054;5;10;09-08-2030;8;640.0
12055;2;5;02-04-2027;9;450.0
12056;4;4;03-03-2030;4;100.0
12057;5;5;24-12-2029;10;500.0
12058;6;1;23-08-2028;4;4800.0
12059;1;11;25-12-2028;1;120.0
12060;2;5;25-02-2026;2;100.0
12061;3;5;12-02-2028;6;300.0
12062;1;10;24-12-2030;4;320.0
12063;4;11;18-05-2030;9;1080.0
12064;1;9;16-08-2026;8;2000.0
12065;3;7;06-10-2030;5;750.0
12066;5;2;10-12-2028;10;8000.0
12067;4;2;13-06-2026;5;4000.0
12068;4;7;14-09-2026;4;600.0
12069;4;11;16-08-2027;5;600.0
12070;4;6;15-07-2026;10;3000.0
12071;4;4;20-11-2027;6;150.0
12072;5;2;21-03-2026;5;4000.0
12073;2;7;16-11-2028;9;1350.0
12074;1;10;17-02-2028;1;80.0
12075;1;11;09-06-2027;3;360.0
12076;3;7;20-12-2030;5;750.0
12077;4;9;09-12-2029;7;1750.0
12078;6;4;17-01-2027;5;125.0
12079;1;12;16-10-2028;9;270.0
12080;1;4;27-04-2029;1;25.0
12081;5;6;21-10-2027;3;900.0
12082;2;12;11-06-2028;3;90.0
12083;3;2;14-04-2028;2;1600.0
12084;2;9;02-09-2028;1;250.0
12085;1;12;02-05-2030;10;300.0
12086;2;5;07-12-2026;2;100.0
12087;1;11;16-10-2027;1;120.0
12088;6;2;18-01-2029;3;2400.0
12089;6;6;02-03-2026;2;600.0
12090;1;4;25-11-2030;2;50.0
12091;4;8;09-10-2027;5;350.0
12092;3;3;08-06-2026;8;4000.0
12093;3;11;02-08-2027;4;480.0
12094;4;11;13-01-2030;4;480.0
12095;5;3;05-03-2026;6;3000.0
12096;4;7;16-07-2026;3;450.0
12097;4;7;20-05-2029;5;750.0
12098;5;9;31-12-2028;1;250.0
12099;5;7;18-02-2029;6;900.0
12100;2;9;08-12-2027;1;250.0
12101;1;10;09-12-2029;1;80.0
12102;3;6;15-10-2029;2;600.0
12103;4;2;03-12-2030;9;7200.0
12104;4;2;20-10-2026;7;5600.0
12105;1;10;18-12-2030;7;560.0
12106;1;9;28-06-2030;10;2500.0
12107;3;9;04-01-2027;5;1250.0
12108;3;2;01-11-2030;8;6400.0
12109;5;12;13-10-2026;5;150.0
12110;6;6;26-11-2028;9;2700.0
12111;3;11;18-10-2027;1;120.0
12112;1;10;12-02-2029;8;640.0
12113;1;9;08-05-2030;10;2500.0
12114;3;5;26-03-2028;10;500.0
12115;6;4;12-12-2029;4;100.0
12116;1;10;07-04-2027;4;320.0
12117;5;8;23-09-2026;2;140.0
12118;4;6;29-10-2030;1;300.0
12119;3;8;23-10-2027;2;140.0
12120;4;8;28-02-2027;4;280.0
12121;3;4;18-07-2029;9;225.0
12122;6;2;26-11-2027;9;7200.0
12123;2;3;07-04-2030;4;2000.0
12124;4;11;06-03-2028;1;120.0
12125;2;4;27-04-2030;3;75.0
12126;2;8;04-05-2030;2;140.0
12127;6;12;26-03-2028;4;120.0
12128;4;3;20-02-2028;6;3000.0
12129;5;5;08-12-2029;2;100.0
12130;4;8;28-11-2028;2;140.0
12131;2;4;04-10-2029;8;200.0
12132;1;1;27-12-2027;2;2400.0
12133;2;6;13-02-2028;7;2100.0
12134;3;8;05-06-2027;4;280.0
12135;4;2;24-08-2026;1;800.0
12136;6;5;23-10-2026;9;450.0
12137;5;9;16-06-2026;2;500.0
12138;4;8;27-04-2029;3;210.0
12139;1;10;26-04-2030;7;560.0
12140;2;2;01-09-2028;6;4800.0
12141;3;4;14-04-2028;9;225.0
12142;1;8;22-02-2026;2;140.0
12143;1;10;13-09-2028;2;160.0
12144;1;8;06-03-2029;1;70.0
12145;3;8;17-06-2029;3;210.0
12146;4;3;21-07-2028;8;4000.0
12147;3;3;18-10-2029;7;3500.0
12148;5;5;27-04-2030;3;150.0
12149;4;11;19-06-2026;7;840.0
12150;2;10;21-04-2027;2;160.0
12151;1;8;09-01-2027;1;70.0
12152;1;9;17-08-2027;6;1500.0
12153;5;1;14-03-2030;1;1200.0
12154;1;5;04-06-2028;8;400.0
12155;6;2;27-07-2028;5;4000.0
12156;3;1;01-04-2029;3;3600.0
12157;3;4;06-11-2028;6;150.0
12158;6;4;31-03-2026;5;125.0
12159;5;12;03-12-2027;9;270.0
12160;5;10;10-01-2027;1;80.0
12161;3;3;08-07-2027;1;500.0
12162;4;11;07-06-2030;4;480.0
12163;4;4;01-04-2030;5;125.0
12164;1;3;10-08-2026;2;1000.0
12165;2;5;19-05-2027;8;400.0
12166;3;11;08-03-2027;1;120.0
12167;5;12;02-07-2029;4;120.0
12168;1;1;09-12-2029;8;9600.0
12169;2;3;16-12-2029;3;1500.0
12170;1;11;07-01-2027;1;120.0
12171;2;11;07-06-2028;9;1080.0
12172;2;4;07-09-2030;10;250.0
12173;1;9;09-08-2028;2;500.0
12174;1;10;17-12-2029;6;480.0
12175;3;8;30-08-2026;10;700.0
12176;4;4;04-07-2027;4;100.0
12177;2;1;23-06-2028;10;12000.0
12178;3;12;29-12-2027;3;90.0
12179;4;11;06-06-2029;8;960.0
12180;5;4;20-06-2027;1;25.0
12181;1;6;29-04-2028;9;2700.0
12182;2;4;01-07-2029;8;200.0
12183;5;6;05-07-2030;6;1800.0
12184;3;12;10-10-2030;3;90.0
12185;2;8;17-09-2027;9;630.0
12186;3;2;07-05-2027;5;4000.0
12187;6;9;08-10-2028;1;250.0
12188;3;11;18-03-2026;5;600.0
12189;5;8;29-08-2026;9;630.0
12190;3;7;08-03-2029;10;1500.0
12191;4;3;21-10-2028;3;1500.0
12192;4;8;01-09-2029;3;210.0
12193;2;11;13-03-2026;9;1080.0
12194;1;9;06-11-2030;5;1250.0
12195;3;7;09-09-2028;3;450.0
12196;3;1;13-09-2026;6;7200.0
12197;5;10;25-12-2028;6;480.0
12198;2;10;19-08-2026;7;560.0
12199;3;11;18-04-2028;6;720.0
12200;6;9;17-11-2028;4;1000.0
12201;4;10;23-02-2026;3;240.0
12202;1;2;25-02-2029;7;5600.0
12203;4;3;10-04-2029;4;2000.0
12204;5;5;01-09-2030;1;50.0
12205;4;11;02-02-2027;2;240.0
12206;4;4;01-09-2029;10;250.0
12207;2;12;14-10-2029;2;60.0
12208;6;3;03-12-2030;3;1500.0
12209;4;10;16-03-2030;5;400.0
12210;2;9;14-04-2028;9;2250.0
12211;3;1;01-01-2030;5;6000.0
12212;4;2;29-09-2027;5;4000.0
12213;3;9;26-06-2029;10;2500.0
12214;6;5;14-08-2029;5;250.0
12215;4;3;16-10-2026;4;2000.0
12216;2;5;03-07-2027;6;300.0
12217;6;12;06-12-2028;1;30.0
12218;4;11;20-04-2030;10;1200.0
12219;1;2;16-01-2030;9;7200.0
12220;3;6;21-12-2028;7;2100.0
12221;2;8;04-12-2026;4;280.0
12222;4;3;20-01-2027;10;5000.0
12223;4;2;14-01-2028;3;2400.0
12224;5;1;20-09-2026;1;1200.0
12225;6;2;27-07-2029;6;4800.0
12226;6;1;23-03-2027;5;6000.0
12227;2;5;03-07-2030;5;250.0
12228;4;1;19-09-2028;4;4800.0
12229;5;7;05-04-2027;5;750.0
12230;6;8;13-05-2028;3;210.0
12231;6;2;31-03-2030;7;5600.0
12232;1;12;13-10-2028;5;150.0
12233;1;3;21-09-2029;10;5000.0
12234;2;1;16-10-2030;9;10800.0
12235;5;1;25-07-2027;6;7200.0
12236;3;5;08-12-2027;10;500.0
12237;6;1;06-12-2029;6;7200.0
12238;1;5;20-03-2029;7;350.0
12239;6;10;31-07-2030;2;160.0
12240;5;3;31-10-2026;2;1000.0
12241;4;6;15-11-2027;3;900.0
12242;2;8;19-02-2028;10;700.0
12243;2;4;01-03-2030;9;225.0
12244;6;2;20-03-2030;2;1600.0
12245;3;3;17-06-2027;8;4000.0
12246;2;1;24-05-2026;8;9600.0
12247;2;11;04-10-2028;3;360.0
12248;1;12;24-01-2029;4;120.0
12249;4;11;25-09-2029;8;960.0
12250;4;11;06-10-2030;6;720.0
12251;3;10;13-10-2027;8;640.0
12252;4;6;07-06-2026;5;1500.0
12253;6;8;16-01-2027;1;70.0
12254;2;3;01-09-2030;7;3500.0
12255;3;5;30-04-2028;5;250.0
12256;6;11;23-12-2028;7;840.0
12257;5;10;23-02-2028;6;480.0
12258;2;8;05-09-2030;1;70.0
12259;5;5;15-09-2027;8;400.0
12260;4;4;17-12-2028;3;75.0
12261;4;5;21-02-2030;5;250.0
12262;6;5;05-12-2028;10;500.0
12263;5;7;24-09-2030;9;1350.0
12264;4;12;26-12-2026;10;300.0
12265;4;12;10-04-2030;1;30.0
12266;3;6;25-06-2027;1;300.0
12267;6;10;04-12-2029;5;400.0
12268;2;10;06-08-2030;10;800.0
12269;3;1;26-03-2030;6;7200.0
12270;4;1;02-02-2027;9;10800.0
12271;4;7;22-05-2028;4;600.0
12272;5;9;25-02-2028;4;1000.0
12273;5;6;04-07-2029;9;2700.0
12274;2;4;03-04-2030;2;50.0
12275;3;7;15-07-2026;1;150.0
12276;1;3;05-06-2029;8;4000.0
12277;3;11;19-05-2026;4;480.0
12278;4;3;28-11-2028;7;3500.0
12279;4;3;24-05-2026;8;4000.0
12280;1;4;19-10-2028;2;50.0
12281;1;1;26-06-2029;3;3600.0
12282;2;3;09-12-2027;6;3000.0
12283;3;11;13-07-2029;6;720.0
12284;4;10;19-12-2027;1;80.0
12285;3;9;10-09-2027;1;250.0
12286;3;9;27-06-2027;3;750.0
12287;5;2;19-03-2027;1;800.0
12288;3;5;29-04-2030;6;300.0
12289;3;5;16-08-2030;10;500.0
12290;5;2;29-05-2027;10;8000.0
12291;6;3;30-08-2028;4;2000.0
12292;3;11;28-04-2030;7;840.0
12293;2;4;05-11-2029;5;125.0
12294;1;3;25-06-2030;9;4500.0
12295;4;8;05-05-2028;10;700.0
12296;3;8;12-02-2028;10;700.0
12297;5;6;11-12-2029;7;2100.0
12298;1;8;25-11-2026;7;490.0
12299;3;2;02-07-2029;10;8000.0
12300;1;5;01-06-2027;3;150.0
12301;5;3;09-10-2029;3;1500.0
12302;5;7;28-08-2028;1;150.0
12303;6;1;29-05-2026;10;12000.0
12304;6;9;12-08-2026;5;1250.0
12305;6;9;11-01-2029;8;2000.0
12306;6;11;28-09-2026;8;960.0
12307;6;7;29-09-2026;1;150.0
12308;3;11;30-04-2026;5;600.0
12309;5;8;15-08-2027;8;560.0
12310;4;2;13-09-2027;1;800.0
12311;1;11;04-10-2030;4;480.0
12312;6;11;14-04-2026;2;240.0
12313;6;3;19-02-2030;10;5000.0
12314;2;2;18-07-2027;1;800.0
12315;3;1;30-04-2026;6;7200.0
12316;2;9;06-08-2026;7;1750.0
12317;2;4;26-12-2029;7;175.0
12318;5;9;14-11-2028;9;2250.0
12319;1;11;24-05-2030;6;720.0
12320;6;9;10-03-2028;5;1250.0
12321;2;10;04-06-2028;6;480.0
12322;3;11;08-11-2027;10;1200.0
12323;2;10;15-12-2030;7;560.0
12324;4;12;14-01-2028;2;60.0
12325;2;5;12-04-2027;9;450.0
12326;6;12;01-09-2028;8;240.0
12327;6;4;17-03-2030;9;225.0
12328;3;6;23-09-2029;9;2700.0
12329;6;5;14-12-2028;7;350.0
12330;4;2;27-04-2029;4;3200.0
12331;2;2;21-02-2030;6;4800.0
12332;1;1;23-06-2029;9;10800.0
12333;6;9;24-04-2027;6;1500.0
12334;5;10;20-02-2028;8;640.0
12335;1;2;03-01-2027;1;800.0
12336;6;3;01-11-2027;5;2500.0
12337;6;2;20-09-2030;8;6400.0
12338;5;8;04-07-2026;2;140.0
12339;2;11;13-05-2026;9;1080.0
12340;2;12;05-02-2028;8;240.0
12341;3;7;27-06-2028;9;1350.0
12342;3;5;23-03-2026;1;50.0
12343;2;11;22-02-2027;9;1080.0
12344;3;7;06-10-2029;5;750.0
12345;6;10;25-02-2030;6;480.0
12346;6;2;12-01-2028;1;800.0
12347;6;8;13-03-2030;7;490.0
12348;3;7;16-10-2028;4;600.0
12349;1;6;12-09-2028;9;2700.0
12350;2;3;16-03-2028;4;2000.0
12351;6;9;09-08-2029;7;1750.0
12352;3;12;21-02-2027;9;270.0
12353;3;1;20-12-2029;5;6000.0
12354;4;5;10-12-2027;3;150.0
12355;3;9;20-02-2026;1;250.0
12356;5;7;28-06-2026;7;1050.0
12357;5;8;22-02-2030;6;420.0
12358;6;7;09-10-2026;1;150.0
12359;6;9;23-11-2030;2;500.0
12360;6;7;22-05-2026;4;600.0
12361;3;9;03-11-2030;10;2500.0
12362;5;5;07-06-2026;3;150.0
12363;6;10;27-12-2030;7;560.0
12364;3;2;26-06-2028;1;800.0
12365;3;12;17-07-2029;2;60.0
12366;4;4;27-04-2027;3;75.0
12367;4;11;06-10-2026;2;240.0
12368;4;11;23-12-2026;10;1200.0
12369;2;1;17-10-2028;1;1200.0
12370;6;4;13-07-2028;6;150.0
12371;3;2;26-03-2028;4;3200.0
12372;3;4;23-02-2028;8;200.0
12373;1;10;14-10-2026;8;640.0
12374;2;4;18-01-2030;10;250.0
12375;4;11;17-12-2027;10;1200.0
12376;5;3;17-08-2027;3;1500.0
12377;6;5;06-08-2026;3;150.0
12378;3;12;11-12-2027;2;60.0
12379;3;2;09-10-2026;5;4000.0
12380;2;12;16-04-2029;5;150.0
12381;5;9;12-03-2027;4;1000.0
12382;5;9;24-09-2026;10;2500.0
12383;6;2;17-11-2026;7;5600.0
12384;4;4;26-08-2028;1;25.0
12385;5;1;09-07-2029;5;6000.0
12386;1;1;18-08-2028;9;10800.0
12387;6;8;26-02-2027;3;210.0
12388;6;4;21-10-2027;3;75.0
12389;5;5;29-12-2029;5;250.0
12390;1;7;23-05-2029;8;1200.0
12391;2;7;06-10-2030;6;900.0
12392;6;7;29-03-2029;4;600.0
12393;4;7;16-01-2027;2;300.0
12394;3;5;23-11-2028;8;400.0
12395;5;1;18-09-2029;5;6000.0
12396;2;10;26-12-2028;6;480.0
12397;5;10;09-08-2030;7;560.0
12398;4;3;30-06-2029;6;3000.0
12399;4;6;05-11-2028;10;3000.0
12400;2;2;09-06-2029;8;6400.0
12401;3;2;06-08-2026;6;4800.0
12402;6;5;14-03-2029;5;250.0
12403;2;6;17-08-2029;2;600.0
12404;5;2;25-04-2027;3;2400.0
12405;2;11;10-09-2026;2;240.0
12406;5;6;04-04-2029;7;2100.0
12407;3;2;25-02-2030;2;1600.0
12408;5;6;20-01-2028;1;300.0
12409;5;3;24-08-2028;6;3000.0
12410;4;11;10-12-2028;10;1200.0
12411;6;1;02-06-2028;7;8400.0
12412;2;4;24-04-2026;8;200.0
12413;3;11;26-01-2028;10;1200.0
12414;4;10;01-09-2027;2;160.0
12415;1;5;05-12-2028;10;500.0
12416;6;3;29-08-2028;4;2000.0
12417;5;9;04-09-2026;4;1000.0
12418;1;12;09-02-2029;8;240.0
12419;5;1;22-02-2029;10;12000.0
12420;6;12;23-07-2028;10;300.0
12421;2;3;08-12-2028;3;1500.0
12422;3;8;19-05-2027;7;490.0
12423;6;5;25-07-2029;3;150.0
12424;2;12;09-06-2028;9;270.0
12425;1;5;21-07-2027;6;300.0
12426;3;8;18-03-2026;1;70.0
12427;4;9;18-07-2030;6;1500.0
12428;4;6;02-03-2030;8;2400.0
12429;6;10;03-11-2030;10;800.0
12430;4;12;24-03-2027;7;210.0
12431;2;1;27-12-2028;9;10800.0
12432;3;5;18-05-2027;7;350.0
12433;5;4;31-12-2028;7;175.0
12434;6;8;18-08-2028;4;280.0
12435;4;6;23-04-2030;7;2100.0
12436;3;2;09-03-2027;5;4000.0
12437;6;10;12-10-2029;4;320.0
12438;2;12;25-08-2029;9;270.0
12439;5;4;31-01-2028;7;175.0
12440;3;10;31-05-2030;10;800.0
12441;1;11;12-04-2029;3;360.0
12442;5;10;02-07-2026;7;560.0
12443;4;10;16-07-2027;6;480.0
12444;1;8;16-08-2028;5;350.0
12445;2;3;05-09-2029;5;2500.0
12446;3;12;22-03-2027;8;240.0
12447;5;7;22-06-2029;1;150.0
12448;1;11;12-05-2028;2;240.0
12449;3;3;30-03-2028;5;2500.0
12450;4;12;15-02-2029;1;30.0
12451;4;6;14-06-2026;1;300.0
12452;5;3;21-05-2027;4;2000.0
12453;1;3;15-11-2030;9;4500.0
12454;3;1;21-07-2029;6;7200.0
12455;4;6;30-08-2028;1;300.0
12456;4;10;20-02-2029;4;320.0
12457;6;2;20-10-2030;1;800.0
12458;2;2;05-12-2028;10;8000.0
12459;5;9;21-06-2026;7;1750.0
12460;1;10;04-01-2027;5;400.0
12461;3;12;31-10-2027;4;120.0
12462;6;4;08-11-2027;1;25.0
12463;5;3;02-06-2030;9;4500.0
12464;6;8;09-07-2028;4;280.0
12465;3;12;03-12-2026;6;180.0
12466;4;11;15-03-2030;9;1080.0
12467;1;2;03-05-2029;5;4000.0
12468;1;7;25-07-2026;3;450.0
12469;1;2;12-02-2027;4;3200.0
12470;4;12;06-07-2026;3;90.0
12471;6;1;19-04-2026;6;7200.0
12472;4;4;01-10-2028;5;125.0
12473;4;9;06-12-2029;10;2500.0
12474;6;7;04-04-2030;1;150.0
12475;1;10;10-06-2026;6;480.0
12476;4;3;31-08-2030;1;500.0
12477;6;4;18-09-2030;10;250.0
12478;3;7;11-03-2030;1;150.0
12479;6;11;23-02-2026;6;720.0
12480;3;12;04-09-2026;7;210.0
12481;6;2;07-02-2027;10;8000.0
12482;6;4;31-03-2029;7;175.0
12483;2;9;04-11-2027;8;2000.0
12484;3;8;23-06-2028;3;210.0
12485;4;6;06-03-2026;10;3000.0
12486;5;10;18-12-2029;3;240.0
12487;3;1;24-11-2029;8;9600.0
12488;2;2;21-09-2028;2;1600.0
12489;4;7;28-09-2030;2;300.0
12490;1;10;07-08-2026;1;80.0
12491;5;9;21-03-2028;7;1750.0
12492;1;8;16-09-2027;1;70.0
12493;5;11;01-01-2027;8;960.0
12494;4;1;27-07-2029;7;8400.0
12495;1;5;28-04-2029;8;400.0
12496;6;2;31-07-2028;7;5600.0
12497;3;12;19-09-2026;3;90.0
12498;4;5;01-09-2029;9;450.0
12499;5;12;17-12-2026;4;120.0
12500;2;1;18-01-2029;8;9600.0
12501;1;4;20-01-2030;7;175.0
12502;6;7;01-11-2030;2;300.0
12503;3;3;06-08-2027;10;5000.0
12504;6;1;09-01-2027;2;2400.0
12505;3;11;09-08-2026;5;600.0
12506;5;2;20-10-2030;6;4800.0
12507;3;4;01-03-2028;6;150.0
12508;2;2;03-06-2026;8;6400.0
12509;2;5;15-12-2027;7;350.0
12510;6;5;29-05-2030;10;500.0
12511;5;5;17-01-2029;6;300.0
12512;6;7;04-03-2030;5;750.0
12513;6;12;25-08-2026;7;210.0
12514;2;9;31-08-2027;9;2250.0
12515;3;1;14-01-2027;2;2400.0
12516;6;4;20-05-2029;10;250.0
12517;4;5;19-12-2030;8;400.0
12518;4;5;27-08-2027;10;500.0
12519;1;6;17-05-2029;2;600.0
12520;5;7;24-06-2027;1;150.0
12521;6;2;25-03-2027;7;5600.0
12522;6;9;25-07-2030;5;1250.0
12523;6;9;01-11-2029;2;500.0
12524;2;7;23-05-2029;6;900.0
12525;2;12;24-05-2029;10;300.0
12526;4;7;21-07-2030;5;750.0
12527;3;12;10-03-2029;5;150.0
12528;2;1;03-09-2026;5;6000.0
12529;4;7;31-12-2026;7;1050.0
12530;6;7;01-04-2030;9;1350.0
12531;3;6;17-07-2030;9;2700.0
12532;4;5;18-06-2029;8;400.0
12533;4;8;04-03-2026;5;350.0
12534;4;11;28-09-2028;4;480.0
12535;3;10;30-03-2029;7;560.0
12536;2;2;18-06-2027;6;4800.0
12537;5;1;02-08-2027;10;12000.0
12538;4;5;06-08-2026;3;150.0
12539;2;3;23-05-2028;1;500.0
12540;2;9;03-07-2026;7;1750.0
12541;1;9;17-07-2030;3;750.0
12542;3;10;01-10-2026;5;400.0
12543;3;6;07-12-2026;1;300.0
12544;3;10;08-12-2030;3;240.0
12545;5;12;15-05-2028;10;300.0
12546;1;8;21-08-2030;8;560.0
12547;5;10;18-03-2028;4;320.0
12548;3;10;10-03-2028;8;640.0
12549;2;3;18-06-2026;10;5000.0
12550;3;11;01-07-2027;10;1200.0
12551;3;6;07-06-2029;2;600.0
12552;4;5;29-07-2029;9;450.0
12553;6;10;16-04-2028;6;480.0
12554;6;1;01-04-2028;10;12000.0
12555;5;7;01-07-2030;5;750.0
12556;4;10;01-12-2026;4;320.0
12557;2;2;02-10-2030;1;800.0
12558;2;1;29-06-2027;10;12000.0
12559;2;8;12-10-2027;7;490.0
12560;5;1;15-03-2026;3;3600.0
12561;3;9;22-07-2028;6;1500.0
12562;5;12;16-06-2029;9;270.0
12563;4;5;30-05-2030;10;500.0
12564;5;4;08-06-2027;9;225.0
12565;6;3;24-06-2026;3;1500.0
12566;1;2;16-06-2030;4;3200.0
12567;4;8;24-03-2028;7;490.0
12568;1;2;26-01-2029;1;800.0
12569;6;4;09-09-2027;6;150.0
12570;6;2;22-12-2026;4;3200.0
12571;6;7;28-09-2026;3;450.0
12572;3;2;26-02-2029;10;8000.0
12573;5;5;01-12-2030;1;50.0
12574;2;11;29-12-2026;7;840.0
12575;2;4;28-05-2027;3;75.0
12576;3;11;14-10-2029;9;1080.0
12577;3;5;19-05-2027;5;250.0
12578;5;3;11-03-2030;10;5000.0
12579;5;11;17-04-2028;6;720.0
12580;5;10;14-12-2027;6;480.0
12581;2;4;24-02-2028;2;50.0
12582;4;12;22-07-2027;4;120.0
12583;2;3;26-02-2029;9;4500.0
12584;2;5;08-12-2030;2;100.0
12585;3;8;02-08-2028;4;280.0
12586;6;9;25-02-2027;9;2250.0
12587;6;1;06-05-2030;8;9600.0
12588;3;2;11-11-2027;4;3200.0
12589;1;11;18-08-2027;5;600.0
12590;4;9;07-03-2026;3;750.0
12591;3;4;07-08-2029;7;175.0
12592;5;6;12-05-2026;9;2700.0
12593;3;7;12-01-2027;4;600.0
12594;2;5;28-03-2029;4;200.0
12595;6;1;14-09-2029;8;9600.0
12596;2;10;04-07-2027;1;80.0
12597;6;10;28-09-2029;8;640.0
12598;4;12;13-02-2027;4;120.0
12599;4;4;09-08-2028;5;125.0
12600;3;4;30-03-2028;7;175.0
12601;6;12;31-12-2028;10;300.0
12602;3;2;01-04-2028;10;8000.0
12603;6;10;04-07-2028;9;720.0
12604;1;5;21-08-2027;3;150.0
12605;2;4;29-05-2026;4;100.0
12606;2;2;22-06-2030;4;3200.0
12607;5;9;09-10-2026;10;2500.0
12608;2;2;23-01-2029;8;6400.0
12609;2;10;02-04-2030;6;480.0
12610;1;11;14-02-2028;8;960.0
12611;4;6;23-01-2028;7;2100.0
12612;4;5;22-08-2029;2;100.0
12613;6;9;05-09-2029;3;750.0
12614;3;6;14-11-2029;10;3000.0
12615;6;11;29-09-2029;9;1080.0
12616;2;2;29-08-2027;10;8000.0
12617;3;4;08-08-2029;8;200.0
12618;1;4;27-07-2026;8;200.0
12619;3;10;11-07-2029;10;800.0
12620;2;2;22-01-2029;7;5600.0
12621;5;8;02-09-2027;7;490.0
12622;1;4;18-07-2030;2;50.0
12623;2;11;30-11-2029;9;1080.0
12624;6;7;07-11-2030;7;1050.0
12625;5;5;16-11-2030;2;100.0
12626;1;10;04-10-2028;6;480.0
12627;3;10;30-03-2027;8;640.0
12628;2;4;25-09-2026;10;250.0
12629;4;10;08-01-2030;7;560.0
12630;2;8;07-11-2030;4;280.0
12631;5;3;24-11-2029;9;4500.0
12632;6;2;21-07-2030;4;3200.0
12633;4;11;13-02-2027;8;960.0
12634;2;5;21-06-2026;1;50.0
12635;1;3;13-10-2027;4;2000.0
12636;3;3;05-08-2030;9;4500.0
12637;6;7;07-05-2030;6;900.0
12638;5;1;23-10-2029;3;3600.0
12639;1;10;31-01-2030;3;240.0
12640;1;5;16-05-2029;6;300.0
12641;4;8;17-06-2028;5;350.0
12642;3;11;22-07-2030;7;840.0
12643;4;6;07-06-2027;7;2100.0
12644;2;9;15-03-2027;10;2500.0
12645;3;5;14-07-2027;8;400.0
12646;4;6;06-11-2030;6;1800.0
12647;1;8;22-06-2030;8;560.0
12648;6;9;10-05-2027;10;2500.0
12649;3;6;30-06-2028;10;3000.0
12650;4;9;12-02-2027;10;2500.0
12651;6;12;30-03-2027;4;120.0
12652;2;7;21-01-2027;7;1050.0
12653;5;2;23-01-2029;8;6400.0
12654;4;4;18-06-2028;4;100.0
12655;4;5;12-07-2030;3;150.0
12656;4;8;27-09-2030;1;70.0
12657;4;7;22-05-2026;6;900.0
12658;6;12;24-09-2030;9;270.0
12659;6;4;02-04-2026;8;200.0
12660;4;3;23-09-2026;8;4000.0
12661;5;4;04-04-2030;5;125.0
12662;2;2;10-07-2028;7;5600.0
12663;2;2;03-03-2029;2;1600.0
12664;4;5;21-08-2030;2;100.0
12665;1;10;28-12-2028;6;480.0
12666;5;1;27-05-2030;2;2400.0
12667;1;2;26-01-2027;4;3200.0
12668;2;3;04-10-2029;9;4500.0
12669;4;1;19-01-2029;7;8400.0
12670;1;4;03-03-2029;6;150.0
12671;2;1;10-10-2026;1;1200.0
12672;1;4;12-07-2030;6;150.0
12673;3;7;31-10-2028;10;1500.0
12674;1;3;29-07-2030;10;5000.0
12675;5;6;12-06-2027;8;2400.0
12676;1;10;04-12-2028;8;640.0
12677;2;4;14-02-2030;8;200.0
12678;3;1;01-02-2030;2;2400.0
12679;6;9;21-04-2026;10;2500.0
12680;1;6;16-03-2028;4;1200.0
12681;3;6;24-02-2027;10;3000.0
12682;1;6;16-07-2030;7;2100.0
12683;3;10;17-12-2026;6;480.0
12684;3;11;30-01-2029;3;360.0
12685;2;8;07-06-2030;7;490.0
12686;5;8;24-05-2027;3;210.0
12687;3;2;05-01-2028;2;1600.0
12688;6;2;12-09-2028;6;4800.0
12689;2;6;25-11-2027;7;2100.0
12690;1;1;22-12-2028;4;4800.0
12691;2;5;11-11-2027;6;300.0
12692;6;3;24-10-2027;7;3500.0
12693;6;9;30-08-2027;3;750.0
12694;3;9;16-06-2028;1;250.0
12695;1;4;18-01-2030;2;50.0
12696;6;11;02-02-2030;3;360.0
12697;2;3;02-09-2028;10;5000.0
12698;6;3;16-01-2029;10;5000.0
12699;1;5;21-06-2028;8;400.0
12700;6;1;26-08-2030;5;6000.0
12701;4;9;05-02-2028;6;1500.0
12702;1;6;16-08-2029;10;3000.0
12703;6;8;19-07-2026;2;140.0
12704;1;1;06-11-2026;7;8400.0
12705;6;9;22-02-2027;5;1250.0
12706;5;11;03-06-2029;8;960.0
12707;5;12;15-10-2030;4;120.0
12708;4;5;17-11-2027;8;400.0
12709;2;7;14-09-2028;5;750.0
12710;3;3;30-07-2029;6;3000.0
12711;4;11;02-02-2028;7;840.0
12712;5;1;07-11-2030;10;12000.0
12713;6;2;21-08-2026;5;4000.0
12714;5;7;25-01-2028;3;450.0
12715;6;4;18-06-2030;1;25.0
12716;4;10;05-11-2027;2;160.0
12717;1;8;24-03-2029;4;280.0
12718;2;9;04-04-2030;1;250.0
12719;3;8;20-03-2026;4;280.0
12720;4;10;12-01-2028;6;480.0
12721;4;4;22-10-2027;8;200.0
12722;2;6;01-07-2028;10;3000.0
12723;5;2;05-01-2029;2;1600.0
12724;2;6;23-03-2026;8;2400.0
12725;1;12;30-07-2026;9;270.0
12726;4;5;30-03-2029;6;300.0
12727;6;5;08-05-2028;4;200.0
12728;2;3;03-12-2027;3;1500.0
12729;6;8;24-08-2029;4;280.0
12730;3;6;06-08-2028;3;900.0
12731;1;7;10-02-2029;8;1200.0
12732;6;2;20-09-2029;1;800.0
12733;6;10;23-03-2026;3;240.0
12734;4;3;24-01-2028;7;3500.0
12735;4;4;26-10-2028;2;50.0
12736;3;6;20-02-2030;4;1200.0
12737;6;2;19-10-2027;4;3200.0
12738;3;9;17-05-2026;8;2000.0
12739;1;6;31-10-2026;2;600.0
12740;2;7;01-04-2026;2;300.0
12741;2;6;21-12-2030;3;900.0
12742;1;9;10-03-2030;3;750.0
12743;1;6;10-08-2029;2;600.0
12744;6;12;30-09-2030;8;240.0
12745;1;1;30-05-2026;10;12000.0
12746;2;6;21-07-2027;7;2100.0
12747;6;6;16-09-2027;2;600.0
12748;3;6;24-07-2027;3;900.0
12749;6;5;26-06-2026;1;50.0
12750;3;6;10-07-2030;2;600.0
12751;6;5;09-04-2028;3;150.0
12752;3;10;25-12-2027;6;480.0
12753;3;6;11-10-2030;6;1800.0
12754;3;6;24-09-2028;1;300.0
12755;2;1;18-02-2026;9;10800.0
12756;3;12;18-12-2028;8;240.0
12757;2;7;18-06-2030;5;750.0
12758;4;11;21-09-2028;5;600.0
12759;6;7;29-01-2027;2;300.0
12760;6;8;26-04-2027;10;700.0
12761;1;9;26-10-2028;10;2500.0
12762;1;7;16-03-2026;9;1350.0
12763;6;4;15-01-2030;1;25.0
12764;2;6;03-08-2030;8;2400.0
12765;4;7;01-04-2029;7;1050.0
12766;2;5;26-04-2026;3;150.0
12767;6;6;20-01-2027;3;900.0
12768;4;3;07-07-2028;10;5000.0
12769;1;9;20-07-2027;3;750.0
12770;2;10;28-11-2027;4;320.0
12771;5;4;26-03-2027;4;100.0
12772;6;8;29-11-2026;1;70.0
12773;2;2;27-02-2028;1;800.0
12774;5;4;05-02-2029;7;175.0
12775;2;11;03-03-2027;2;240.0
12776;4;10;28-09-2028;10;800.0
12777;1;1;14-03-2028;10;12000.0
12778;5;9;20-05-2028;5;1250.0
12779;5;6;09-08-2029;6;1800.0
12780;6;11;18-09-2026;5;600.0
12781;1;12;20-12-2027;2;60.0
12782;2;3;19-06-2029;7;3500.0
12783;5;2;05-03-2030;5;4000.0
12784;6;7;18-12-2028;1;150.0
12785;1;5;05-10-2030;10;500.0
12786;6;1;12-10-2027;9;10800.0
12787;5;12;21-02-2030;3;90.0
12788;4;3;02-07-2029;4;2000.0
12789;4;6;16-10-2028;9;2700.0
12790;5;12;10-01-2030;8;240.0
12791;6;3;05-12-2026;9;4500.0
12792;2;6;27-09-2028;9;2700.0
12793;4;12;31-08-2030;10;300.0
12794;6;8;10-10-2030;4;280.0
12795;5;1;07-12-2026;7;8400.0
12796;3;4;31-10-2030;6;150.0
12797;3;7;09-07-2028;3;450.0
12798;1;4;11-07-2030;3;75.0
12799;3;11;15-09-2030;3;360.0
12800;3;6;12-04-2030;10;3000.0
12801;1;10;27-09-2027;1;80.0
12802;5;8;04-07-2026;7;490.0
12803;4;2;23-10-2026;7;5600.0
12804;2;12;23-06-2026;9;270.0
12805;3;6;05-11-2029;2;600.0
12806;5;4;16-09-2029;10;250.0
12807;1;3;20-04-2030;4;2000.0
12808;3;5;03-01-2030;4;200.0
12809;3;12;24-05-2027;8;240.0
12810;2;3;04-09-2028;2;1000.0
12811;5;4;26-12-2026;10;250.0
12812;4;11;08-10-2029;6;720.0
12813;2;6;29-08-2030;7;2100.0
12814;2;9;28-12-2027;3;750.0
12815;6;6;26-11-2030;1;300.0
12816;1;10;28-02-2027;8;640.0
12817;6;4;25-03-2026;7;175.0
12818;1;7;27-04-2030;3;450.0
12819;2;6;28-03-2028;7;2100.0
12820;6;6;12-12-2029;8;2400.0
12821;3;5;19-10-2028;7;350.0
12822;1;9;22-09-2029;8;2000.0
12823;5;4;10-10-2027;7;175.0
12824;1;4;08-07-2030;8;200.0
12825;5;4;06-02-2030;8;200.0
12826;4;2;20-05-2029;10;8000.0
12827;1;7;16-08-2030;6;900.0
12828;3;6;10-01-2027;5;1500.0
12829;2;7;01-10-2027;8;1200.0
12830;4;7;27-05-2029;8;1200.0
12831;6;10;06-10-2029;6;480.0
12832;1;7;11-07-2028;9;1350.0
12833;6;3;16-06-2028;5;2500.0
12834;2;4;08-05-2027;6;150.0
12835;4;8;19-07-2026;1;70.0
12836;2;9;06-08-2030;1;250.0
12837;6;4;14-01-2027;9;225.0
12838;6;4;02-07-2028;2;50.0
12839;2;3;03-11-2030;5;2500.0
12840;4;4;06-11-2030;9;225.0
12841;6;4;07-09-2028;3;75.0
12842;1;12;25-01-2030;4;120.0
12843;5;9;14-06-2029;4;1000.0
12844;3;1;01-06-2026;9;10800.0
12845;6;12;29-01-2028;7;210.0
12846;1;8;13-07-2029;10;700.0
12847;6;10;16-09-2027;5;400.0
12848;1;11;01-10-2029;2;240.0
12849;2;6;15-06-2027;9;2700.0
12850;2;11;14-04-2030;4;480.0
12851;2;8;04-08-2029;6;420.0
12852;5;1;17-05-2030;1;1200.0
12853;1;11;21-10-2026;9;1080.0
12854;1;1;22-09-2029;9;10800.0
12855;1;10;10-10-2028;1;80.0
12856;4;12;05-07-2027;6;180.0
12857;3;7;22-12-2029;3;450.0
12858;5;1;19-03-2026;5;6000.0
12859;1;8;16-07-2027;9;630.0
12860;3;8;30-07-2026;1;70.0
12861;1;1;13-07-2028;1;1200.0
12862;4;12;31-12-2026;1;30.0
12863;3;1;26-04-2030;6;7200.0
12864;4;6;04-05-2027;2;600.0
12865;3;2;23-01-2030;5;4000.0
12866;4;3;29-03-2027;4;2000.0
12867;6;2;29-04-2027;3;2400.0
12868;2;12;04-10-2029;6;180.0
12869;2;8;20-10-2030;7;490.0
12870;6;5;21-05-2030;8;400.0
12871;3;9;01-10-2030;2;500.0
12872;5;9;20-09-2030;9;2250.0
12873;2;2;04-02-2030;9;7200.0
12874;5;1;27-04-2028;6;7200.0
12875;1;1;11-12-2027;4;4800.0
12876;1;5;09-09-2029;10;500.0
12877;3;12;20-02-2030;1;30.0
12878;6;6;30-08-2029;7;2100.0
12879;6;4;20-06-2026;6;150.0
12880;5;4;29-08-2026;6;150.0
12881;4;9;14-11-2029;10;2500.0
12882;2;7;09-04-2027;5;750.0
12883;5;1;03-10-2030;5;6000.0
12884;2;10;07-07-2027;1;80.0
12885;6;12;25-06-2029;8;240.0
12886;5;12;10-11-2027;3;90.0
12887;6;9;07-07-2027;3;750.0
12888;5;10;22-03-2028;5;400.0
12889;2;6;01-04-2026;2;600.0
12890;5;3;20-07-2026;6;3000.0
12891;4;11;21-10-2026;2;240.0
12892;4;1;25-12-2027;2;2400.0
12893;2;1;10-01-2029;5;6000.0
12894;1;4;07-11-2029;2;50.0
12895;2;9;31-10-2027;8;2000.0
12896;5;5;18-04-2026;2;100.0
12897;3;3;11-04-2030;4;2000.0
12898;3;1;19-01-2027;4;4800.0
12899;6;10;22-05-2028;8;640.0
12900;6;4;31-08-2028;2;50.0
12901;5;11;13-02-2027;5;600.0
12902;1;4;08-02-2028;5;125.0
12903;4;10;14-01-2027;2;160.0
12904;1;7;19-02-2030;7;1050.0
12905;1;11;22-06-2028;10;1200.0
12906;5;12;01-04-2029;10;300.0
12907;5;4;10-08-2029;1;25.0
12908;3;10;18-06-2026;1;80.0
12909;1;7;19-02-2030;1;150.0
12910;3;12;15-06-2029;6;180.0
12911;3;9;22-09-2028;3;750.0
12912;4;2;28-04-2028;10;8000.0
12913;5;2;09-08-2029;3;2400.0
12914;3;6;03-05-2026;2;600.0
12915;3;5;14-02-2030;3;150.0
12916;6;4;17-07-2029;7;175.0
12917;6;6;30-08-2028;4;1200.0
12918;5;4;20-05-2027;7;175.0
12919;4;7;05-12-2029;7;1050.0
12920;3;3;10-12-2027;7;3500.0
12921;2;12;12-05-2029;6;180.0
12922;3;5;15-11-2030;10;500.0
12923;5;5;30-10-2026;6;300.0
12924;4;7;05-04-2030;6;900.0
12925;5;1;31-08-2027;4;4800.0
12926;2;10;07-05-2026;9;720.0
12927;1;5;22-11-2028;2;100.0
12928;2;4;17-08-2027;8;200.0
12929;6;8;30-11-2027;9;630.0
12930;6;12;29-11-2030;1;30.0
12931;3;9;29-06-2026;8;2000.0
12932;5;12;26-07-2028;1;30.0
12933;4;2;04-04-2029;3;2400.0
12934;4;6;21-04-2029;5;1500.0
12935;5;4;19-09-2028;1;25.0
12936;6;12;18-12-2029;2;60.0
12937;3;9;27-05-2026;3;750.0
12938;1;7;26-10-2026;2;300.0
12939;3;10;23-02-2027;3;240.0
12940;5;2;10-03-2027;6;4800.0
12941;5;6;05-10-2030;7;2100.0
12942;3;6;13-02-2030;2;600.0
12943;3;8;01-01-2028;3;210.0
12944;1;12;16-08-2026;6;180.0
12945;1;4;05-02-2027;7;175.0
12946;6;8;01-10-2030;4;280.0
12947;5;10;08-04-2028;9;720.0
12948;3;8;28-10-2029;1;70.0
12949;4;1;05-05-2026;6;7200.0
12950;4;11;18-11-2026;10;1200.0
12951;2;1;23-06-2028;3;3600.0
12952;2;4;15-07-2030;8;200.0
12953;6;3;29-11-2030;6;3000.0
12954;3;7;16-06-2029;8;1200.0
12955;5;5;15-02-2028;5;250.0
12956;1;7;26-08-2028;8;1200.0
12957;3;10;27-08-2030;5;400.0
12958;4;6;19-05-2027;8;2400.0
12959;2;10;30-08-2027;6;480.0
12960;3;5;08-04-2026;8;400.0
12961;6;2;19-11-2028;6;4800.0
12962;6;5;13-07-2028;2;100.0
12963;4;12;11-01-2029;2;60.0
12964;5;10;08-06-2030;1;80.0
12965;3;9;08-04-2030;4;1000.0
12966;6;2;22-06-2028;4;3200.0
12967;3;8;27-10-2029;4;280.0
12968;3;2;27-09-2030;7;5600.0
12969;4;3;25-03-2027;3;1500.0
12970;5;1;12-06-2026;4;4800.0
12971;5;11;02-02-2027;4;480.0
12972;4;10;07-07-2029;8;640.0
12973;3;8;01-06-2028;1;70.0
12974;6;9;04-08-2026;7;1750.0
12975;2;8;20-03-2029;4;280.0
12976;6;2;03-02-2028;1;800.0
12977;2;11;03-01-2030;1;120.0
12978;6;2;09-08-2029;9;7200.0
12979;1;5;14-06-2029;1;50.0
12980;4;11;29-08-2026;2;240.0
12981;5;2;10-03-2029;6;4800.0
12982;5;5;15-04-2026;1;50.0
12983;4;10;15-11-2026;3;240.0
12984;5;11;16-05-2028;7;840.0
12985;4;4;12-05-2026;4;100.0
12986;6;12;21-12-2030;4;120.0
12987;1;12;14-03-2028;8;240.0
12988;5;11;03-11-2028;2;240.0
12989;5;10;23-02-2029;4;320.0
12990;3;8;18-09-2026;4;280.0
12991;2;10;01-04-2030;8;640.0
12992;4;5;01-03-2027;7;350.0
12993;6;3;17-06-2030;5;2500.0
12994;5;4;08-12-2029;8;200.0
12995;3;1;29-07-2030;9;10800.0
12996;3;7;24-02-2026;6;900.0
12997;5;7;19-08-2026;7;1050.0
12998;5;10;06-04-2029;3;240.0
12999;3;2;16-09-2029;8;6400.0
13000;5;5;28-02-2026;3;150.0
13001;1;7;08-12-2028;8;1200.0
13002;5;12;17-08-2027;7;210.0
13003;4;10;26-04-2030;5;400.0
13004;5;11;24-01-2028;10;1200.0
13005;6;9;27-07-2029;3;750.0
13006;5;4;13-09-2027;2;50.0
13007;2;11;14-10-2026;7;840.0
13008;5;10;06-09-2026;7;560.0
13009;1;7;09-04-2028;1;150.0
13010;2;6;24-09-2027;10;3000.0
13011;1;8;27-12-2029;5;350.0
13012;1;8;29-06-2030;10;700.0
13013;3;8;20-07-2029;3;210.0
13014;1;9;30-05-2029;1;250.0
13015;1;4;27-05-2027;8;200.0
13016;5;9;20-05-2026;6;1500.0
13017;5;11;08-05-2027;2;240.0
13018;2;3;24-10-2027;2;1000.0
13019;5;12;27-01-2030;5;150.0
13020;2;6;23-09-2028;6;1800.0
13021;6;6;27-12-2027;3;900.0
13022;5;5;12-09-2027;6;300.0
13023;3;6;12-07-2027;4;1200.0
13024;4;2;11-04-2029;1;800.0
13025;3;4;04-05-2030;4;100.0
13026;5;7;19-06-2029;4;600.0
13027;5;4;17-09-2027;10;250.0
13028;1;4;13-03-2028;7;175.0
13029;1;3;16-07-2028;1;500.0
13030;2;10;24-10-2027;3;240.0
13031;4;5;07-10-2029;5;250.0
13032;3;10;28-11-2029;8;640.0
13033;2;3;21-02-2029;5;2500.0
13034;3;5;01-10-2027;3;150.0
13035;5;5;29-07-2026;2;100.0
13036;1;10;06-07-2030;9;720.0
13037;6;6;05-02-2027;10;3000.0
13038;6;9;07-01-2027;10;2500.0
13039;2;3;19-12-2026;8;4000.0
13040;6;2;30-05-2028;4;3200.0
13041;3;2;19-02-2029;1;800.0
13042;4;8;11-11-2027;6;420.0
13043;3;8;29-07-2030;6;420.0
13044;5;8;22-08-2026;6;420.0
13045;6;8;14-04-2029;2;140.0
13046;3;7;09-04-2030;6;900.0
13047;5;2;06-09-2028;8;6400.0
13048;2;5;21-01-2030;8;400.0
13049;4;3;15-01-2027;1;500.0
13050;3;5;14-05-2027;4;200.0
13051;5;11;01-02-2027;7;840.0
13052;5;9;06-07-2027;8;2000.0
13053;5;10;21-03-2026;9;720.0
13054;5;10;04-11-2030;9;720.0
13055;5;5;11-03-2026;3;150.0
13056;3;9;16-02-2030;5;1250.0
13057;3;12;04-07-2027;4;120.0
13058;3;2;17-04-2027;1;800.0
13059;5;2;29-06-2028;8;6400.0
13060;6;4;09-02-2029;2;50.0
13061;5;9;23-10-2026;8;2000.0
13062;4;6;17-05-2027;6;1800.0
13063;6;6;30-10-2030;2;600.0
13064;3;9;12-08-2028;7;1750.0
13065;3;10;23-02-2030;2;160.0
13066;6;12;18-04-2027;8;240.0
13067;4;2;04-11-2028;6;4800.0
13068;4;6;02-03-2026;5;1500.0
13069;4;2;13-11-2030;1;800.0
13070;6;1;05-02-2030;7;8400.0
13071;5;10;25-09-2028;3;240.0
13072;5;2;24-11-2026;5;4000.0
13073;5;10;27-05-2029;9;720.0
13074;1;6;22-09-2026;5;1500.0
13075;2;6;09-01-2030;7;2100.0
13076;2;7;30-04-2029;4;600.0
13077;4;1;02-04-2027;9;10800.0
13078;4;3;07-05-2028;6;3000.0
13079;5;5;24-04-2028;10;500.0
13080;6;7;27-03-2028;6;900.0
13081;4;5;05-05-2028;2;100.0
13082;2;9;11-02-2030;10;2500.0
13083;6;12;23-06-2028;9;270.0
13084;5;4;24-01-2029;3;75.0
13085;3;10;26-06-2027;2;160.0
13086;3;8;20-08-2030;9;630.0
13087;6;2;07-03-2030;1;800.0
13088;3;10;10-10-2030;7;560.0
13089;3;10;29-05-2030;3;240.0
13090;4;5;14-04-2026;5;250.0
13091;6;7;19-01-2029;6;900.0
13092;2;9;10-11-2027;6;1500.0
13093;2;3;23-11-2029;8;4000.0
13094;3;10;15-09-2026;2;160.0
13095;3;6;26-08-2029;10;3000.0
13096;4;2;16-01-2028;8;6400.0
13097;2;1;25-04-2026;4;4800.0
13098;3;6;06-02-2028;10;3000.0
13099;2;5;15-02-2030;1;50.0
13100;5;2;26-06-2026;5;4000.0
13101;3;12;13-10-2028;9;270.0
13102;3;8;15-09-2029;10;700.0
13103;3;11;05-03-2028;3;360.0
13104;3;7;22-05-2030;6;900.0
13105;4;5;15-08-2029;5;250.0
13106;6;5;24-06-2027;1;50.0
13107;1;7;23-03-2029;7;1050.0
13108;2;1;30-06-2029;3;3600.0
13109;1;6;28-12-2028;10;3000.0
13110;2;6;06-11-2027;1;300.0
13111;4;11;18-02-2026;2;240.0
13112;2;8;26-10-2029;3;210.0
13113;4;12;11-07-2026;5;150.0
13114;4;11;09-04-2030;5;600.0
13115;6;2;16-08-2028;8;6400.0
13116;2;7;06-03-2030;8;1200.0
13117;2;1;19-01-2028;7;8400.0
13118;2;12;03-08-2028;3;90.0
13119;2;8;30-06-2029;6;420.0
13120;3;9;12-03-2026;2;500.0
13121;5;8;04-10-2027;4;280.0
13122;6;10;28-11-2028;3;240.0
13123;3;12;06-10-2028;3;90.0
13124;6;12;09-01-2030;6;180.0
13125;6;7;03-01-2029;10;1500.0
13126;2;8;18-11-2026;3;210.0
13127;5;10;05-06-2030;3;240.0
13128;5;4;10-08-2030;7;175.0
13129;1;11;17-08-2030;3;360.0
13130;5;11;22-05-2026;6;720.0
13131;6;4;20-05-2028;5;125.0
13132;2;6;20-04-2030;7;2100.0
13133;4;3;11-03-2027;10;5000.0
13134;2;9;17-05-2030;8;2000.0
13135;4;8;22-01-2028;3;210.0
13136;4;1;23-06-2030;1;1200.0
13137;4;1;01-10-2030;4;4800.0
13138;5;8;03-10-2028;6;420.0
13139;1;4;12-09-2028;10;250.0
13140;4;7;19-10-2028;2;300.0
13141;2;8;27-11-2029;9;630.0
13142;3;9;12-06-2030;9;2250.0
13143;5;4;06-04-2028;7;175.0
13144;4;5;01-10-2029;5;250.0
13145;5;8;06-10-2028;4;280.0
13146;3;1;29-12-2026;9;10800.0
13147;6;5;30-06-2029;6;300.0
13148;1;5;19-11-2030;9;450.0
13149;2;3;27-02-2029;6;3000.0
13150;6;1;05-06-2029;5;6000.0
13151;6;8;05-09-2028;2;140.0
13152;5;10;09-03-2026;8;640.0
13153;1;12;29-05-2026;2;60.0
13154;4;12;16-10-2026;1;30.0
13155;6;8;31-10-2030;1;70.0
13156;4;10;20-02-2026;8;640.0
13157;2;11;23-04-2026;8;960.0
13158;3;1;15-03-2026;6;7200.0
13159;5;10;25-06-2026;10;800.0
13160;4;4;28-04-2030;1;25.0
13161;5;1;22-03-2027;5;6000.0
13162;4;3;21-11-2028;4;2000.0
13163;5;10;22-02-2026;5;400.0
13164;1;5;04-08-2030;4;200.0
13165;5;7;05-12-2028;1;150.0
13166;5;10;11-06-2027;1;80.0
13167;3;12;05-06-2029;10;300.0
13168;6;4;21-05-2026;1;25.0
13169;4;3;17-05-2030;7;3500.0
13170;6;10;10-06-2026;10;800.0
13171;3;11;28-06-2026;6;720.0
13172;1;3;19-09-2030;4;2000.0
13173;5;11;26-01-2029;3;360.0
13174;1;10;05-05-2027;4;320.0
13175;3;4;20-08-2030;7;175.0
13176;6;7;17-11-2028;2;300.0
13177;3;12;28-01-2029;2;60.0
13178;1;9;29-05-2029;3;750.0
13179;1;1;03-07-2030;8;9600.0
13180;1;8;06-08-2026;2;140.0
13181;4;5;10-08-2027;8;400.0
13182;1;4;03-03-2028;7;175.0
13183;4;9;25-12-2028;7;1750.0
13184;3;11;11-07-2028;6;720.0
13185;6;2;01-06-2028;7;5600.0
13186;5;3;15-04-2027;1;500.0
13187;3;2;02-01-2029;6;4800.0
13188;4;1;01-12-2030;6;7200.0
13189;5;12;03-01-2030;2;60.0
13190;4;5;11-06-2028;7;350.0
13191;4;8;08-02-2027;3;210.0
13192;4;11;01-01-2029;6;720.0
13193;4;2;26-05-2026;8;6400.0
13194;6;8;15-06-2030;7;490.0
13195;5;1;24-03-2028;7;8400.0
13196;3;10;06-04-2030;8;640.0
13197;3;12;17-09-2026;3;90.0
13198;1;8;25-05-2028;7;490.0
13199;2;10;25-11-2027;1;80.0
13200;3;4;13-06-2026;7;175.0
13201;3;9;12-07-2027;5;1250.0
13202;6;12;05-11-2029;7;210.0
13203;2;7;04-12-2030;7;1050.0
13204;6;5;07-06-2029;3;150.0
13205;4;4;21-08-2030;8;200.0
13206;1;3;07-01-2028;4;2000.0
13207;2;8;07-09-2026;10;700.0
13208;5;3;05-11-2030;1;500.0
13209;5;10;17-07-2028;1;80.0
13210;2;4;09-09-2028;3;75.0
13211;6;7;28-11-2026;5;750.0
13212;3;2;05-12-2029;5;4000.0
13213;3;8;10-11-2029;2;140.0
13214;4;9;01-03-2026;2;500.0
13215;2;6;09-09-2028;9;2700.0
13216;3;6;20-06-2027;4;1200.0
13217;6;6;03-06-2029;10;3000.0
13218;3;12;30-04-2026;1;30.0
13219;5;3;03-10-2026;8;4000.0
13220;2;8;15-04-2030;6;420.0
13221;3;11;06-08-2026;1;120.0
13222;5;7;09-02-2027;4;600.0
13223;2;9;24-12-2030;7;1750.0
13224;2;4;10-11-2026;10;250.0
13225;3;2;14-05-2027;10;8000.0
13226;6;8;23-10-2029;1;70.0
13227;5;2;20-03-2030;8;6400.0
13228;5;1;16-05-2030;3;3600.0
13229;1;12;04-08-2029;4;120.0
13230;1;6;08-10-2030;5;1500.0
13231;3;11;06-11-2027;9;1080.0
13232;6;10;15-03-2026;3;240.0
13233;3;12;27-04-2030;6;180.0
13234;3;3;10-07-2028;10;5000.0
13235;3;9;03-05-2028;4;1000.0
13236;5;2;26-01-2030;8;6400.0
13237;5;6;02-03-2029;9;2700.0
13238;5;5;03-08-2026;9;450.0
13239;2;5;20-12-2027;1;50.0
13240;6;6;27-01-2028;2;600.0
13241;3;5;25-05-2026;5;250.0
13242;4;8;21-12-2026;5;350.0
13243;2;6;05-12-2026;7;2100.0
13244;3;11;27-07-2030;10;1200.0
13245;5;4;06-09-2028;10;250.0
13246;5;5;11-09-2027;6;300.0
13247;4;1;21-02-2029;9;10800.0
13248;6;9;12-05-2030;2;500.0
13249;2;7;20-07-2029;6;900.0
13250;5;9;26-11-2027;1;250.0
13251;1;4;28-06-2029;3;75.0
13252;1;6;28-01-2028;1;300.0
13253;5;8;26-08-2027;10;700.0
13254;2;10;04-03-2027;8;640.0
13255;5;3;30-01-2030;8;4000.0
13256;4;1;27-07-2028;5;6000.0
13257;3;11;31-05-2027;8;960.0
13258;3;3;27-01-2028;4;2000.0
13259;1;7;04-12-2026;6;900.0
13260;4;8;20-06-2029;8;560.0
13261;5;8;29-05-2030;4;280.0
13262;6;8;11-01-2030;2;140.0
13263;5;5;15-12-2030;8;400.0
13264;1;1;29-04-2030;3;3600.0
13265;6;6;10-03-2026;2;600.0
13266;3;1;16-05-2030;9;10800.0
13267;3;4;25-11-2030;7;175.0
13268;1;2;06-11-2026;4;3200.0
13269;4;8;21-04-2029;2;140.0
13270;1;5;20-05-2029;7;350.0
13271;1;1;17-08-2029;8;9600.0
13272;2;10;09-11-2026;4;320.0
13273;4;2;19-07-2028;4;3200.0
13274;5;3;17-11-2030;6;3000.0
13275;3;4;20-02-2026;8;200.0
13276;3;3;05-03-2030;1;500.0
13277;6;11;08-09-2026;1;120.0
13278;3;9;30-04-2028;1;250.0
13279;1;8;07-11-2027;7;490.0
13280;2;5;31-08-2026;1;50.0
13281;5;8;10-12-2028;7;490.0
13282;3;3;20-05-2026;10;5000.0
13283;6;5;13-03-2028;8;400.0
13284;2;6;25-10-2029;4;1200.0
13285;4;7;23-12-2027;2;300.0
13286;5;5;14-03-2028;9;450.0
13287;3;1;02-07-2028;9;10800.0
13288;3;6;17-04-2030;9;2700.0
13289;1;9;25-04-2029;4;1000.0
13290;5;2;31-05-2030;5;4000.0
13291;1;10;17-05-2027;10;800.0
13292;6;3;10-06-2029;4;2000.0
13293;5;7;15-09-2029;2;300.0
13294;1;11;16-05-2028;6;720.0
13295;1;9;09-01-2027;4;1000.0
13296;3;1;11-06-2026;2;2400.0
13297;6;9;29-10-2029;3;750.0
13298;1;7;31-08-2029;5;750.0
13299;5;8;24-09-2028;7;490.0
13300;6;11;19-06-2030;2;240.0
13301;2;12;21-02-2028;6;180.0
13302;5;9;03-07-2027;2;500.0
13303;6;7;22-10-2026;7;1050.0
13304;3;6;14-02-2027;2;600.0
13305;5;12;17-11-2030;7;210.0
13306;4;9;07-07-2027;1;250.0
13307;1;11;05-06-2028;2;240.0
13308;6;2;02-03-2030;9;7200.0
13309;4;6;28-05-2029;4;1200.0
13310;6;10;06-10-2026;5;400.0
13311;5;11;19-01-2028;8;960.0
13312;2;5;01-05-2027;8;400.0
13313;1;2;15-11-2028;5;4000.0
13314;1;8;08-03-2029;4;280.0
13315;4;7;18-07-2030;1;150.0
13316;5;1;05-11-2029;9;10800.0
13317;5;6;09-12-2026;9;2700.0
13318;3;11;11-03-2028;4;480.0
13319;2;6;27-07-2026;7;2100.0
13320;4;11;30-06-2030;9;1080.0
13321;5;11;19-07-2030;9;1080.0
13322;5;11;03-03-2029;6;720.0
13323;4;9;27-09-2030;1;250.0
13324;3;10;24-11-2028;3;240.0
13325;1;11;24-07-2029;4;480.0
13326;1;7;10-12-2027;2;300.0
13327;1;9;13-04-2028;3;750.0
13328;1;6;19-03-2027;10;3000.0
13329;3;10;19-06-2027;1;80.0
13330;3;8;05-10-2028;10;700.0
13331;6;2;04-06-2026;6;4800.0
13332;4;9;06-05-2027;3;750.0
13333;6;10;23-10-2027;2;160.0
13334;6;8;23-06-2027;6;420.0
13335;6;10;21-05-2030;9;720.0
13336;1;5;06-01-2028;8;400.0
13337;1;7;17-09-2030;5;750.0
13338;2;12;21-02-2030;7;210.0
13339;6;4;03-08-2026;5;125.0
13340;3;9;26-06-2027;2;500.0
13341;4;7;27-04-2030;10;1500.0
13342;1;8;15-03-2026;4;280.0
13343;5;5;19-05-2029;2;100.0
13344;1;8;18-11-2028;8;560.0
13345;6;6;01-01-2027;8;2400.0
13346;1;2;19-12-2028;4;3200.0
13347;6;6;09-11-2030;3;900.0
13348;1;11;28-08-2028;1;120.0
13349;5;6;25-03-2029;3;900.0
13350;1;11;12-04-2030;10;1200.0
13351;6;2;24-01-2030;3;2400.0
13352;3;9;31-07-2028;9;2250.0
13353;5;7;26-04-2027;9;1350.0
13354;4;4;20-03-2030;5;125.0
13355;6;11;30-01-2027;6;720.0
13356;4;4;31-08-2030;2;50.0
13357;3;2;15-05-2026;7;5600.0
13358;1;11;30-05-2027;2;240.0
13359;5;6;03-09-2026;8;2400.0
13360;2;11;16-10-2030;4;480.0
13361;6;6;09-08-2026;4;1200.0
13362;2;4;02-08-2029;2;50.0
13363;2;2;22-02-2026;4;3200.0
13364;1;7;08-05-2029;4;600.0
13365;3;11;21-06-2028;8;960.0
13366;6;6;07-02-2030;4;1200.0
13367;5;9;20-11-2026;7;1750.0
13368;2;5;06-04-2028;2;100.0
13369;5;8;07-09-2026;8;560.0
13370;4;10;29-06-2029;8;640.0
13371;3;4;23-09-2027;9;225.0
13372;1;8;10-03-2030;2;140.0
13373;4;12;02-12-2027;10;300.0
13374;2;10;20-02-2028;2;160.0
13375;4;10;22-09-2029;3;240.0
13376;3;9;15-08-2030;8;2000.0
13377;2;10;30-11-2030;10;800.0
13378;2;10;12-10-2028;2;160.0
13379;4;9;20-03-2029;9;2250.0
13380;4;4;29-08-2030;9;225.0
13381;1;3;19-11-2029;4;2000.0
13382;3;8;07-08-2026;9;630.0
13383;4;11;08-06-2030;4;480.0
13384;5;4;02-06-2030;3;75.0
13385;3;3;25-06-2029;7;3500.0
13386;2;6;07-04-2030;3;900.0
13387;5;2;17-09-2029;4;3200.0
13388;3;11;17-11-2030;4;480.0
13389;6;4;06-02-2027;1;25.0
13390;2;11;09-10-2026;2;240.0
13391;3;12;21-09-2026;1;30.0
13392;3;8;05-04-2028;4;280.0
13393;3;5;20-02-2026;3;150.0
13394;4;6;05-03-2026;7;2100.0
13395;4;4;06-08-2029;10;250.0
13396;2;3;24-04-2029;10;5000.0
13397;5;11;11-02-2027;7;840.0
13398;6;1;18-02-2026;3;3600.0
13399;3;5;04-06-2026;6;300.0
13400;6;6;21-09-2026;10;3000.0
13401;5;12;26-11-2026;1;30.0
13402;1;5;28-12-2029;3;150.0
13403;1;10;01-05-2028;9;720.0
13404;2;6;14-03-2028;1;300.0
13405;2;6;28-02-2030;10;3000.0
13406;5;11;25-05-2030;5;600.0
13407;5;10;20-10-2027;3;240.0
13408;4;7;13-01-2029;6;900.0
13409;4;10;07-02-2029;4;320.0
13410;5;1;19-07-2028;3;3600.0
13411;5;3;15-01-2029;9;4500.0
13412;2;8;31-12-2026;10;700.0
13413;4;9;21-10-2028;4;1000.0
13414;2;9;22-07-2028;10;2500.0
13415;6;1;08-06-2026;5;6000.0
13416;5;1;02-12-2028;6;7200.0
13417;1;10;04-12-2030;6;480.0
13418;1;9;01-04-2028;1;250.0
13419;5;1;21-12-2028;8;9600.0
13420;4;3;22-06-2030;3;1500.0
13421;4;1;20-12-2029;1;1200.0
13422;5;4;02-11-2030;7;175.0
13423;6;9;01-09-2026;8;2000.0
13424;3;6;26-03-2026;9;2700.0
13425;6;4;08-09-2027;1;25.0
13426;3;11;04-11-2029;5;600.0
13427;3;12;15-10-2029;1;30.0
13428;4;4;03-06-2030;1;25.0
13429;5;12;04-05-2028;3;90.0
13430;3;5;22-07-2030;4;200.0
13431;1;5;14-07-2027;1;50.0
13432;3;10;13-05-2030;4;320.0
13433;5;4;11-12-2029;7;175.0
13434;3;10;11-03-2027;7;560.0
13435;5;12;04-02-2027;9;270.0
13436;5;4;10-05-2028;5;125.0
13437;6;9;30-04-2028;10;2500.0
13438;6;7;21-04-2030;8;1200.0
13439;5;1;29-06-2026;6;7200.0
13440;2;6;05-03-2029;1;300.0
13441;3;12;05-08-2028;6;180.0
13442;1;3;29-04-2029;4;2000.0
13443;1;2;22-11-2026;7;5600.0
13444;5;3;19-11-2029;6;3000.0
13445;2;4;07-11-2028;3;75.0
13446;1;8;06-01-2029;7;490.0
13447;2;8;20-10-2028;7;490.0
13448;6;3;15-08-2030;7;3500.0
13449;3;9;23-07-2026;4;1000.0
13450;3;7;02-08-2026;6;900.0
13451;5;8;19-02-2028;4;280.0
13452;6;3;06-08-2030;7;3500.0
13453;2;5;20-11-2030;10;500.0
13454;4;6;13-06-2026;9;2700.0
13455;5;10;22-03-2028;4;320.0
13456;2;1;23-05-2028;9;10800.0
13457;4;11;21-03-2027;1;120.0
13458;5;6;23-11-2030;8;2400.0
13459;1;4;01-04-2026;2;50.0
13460;2;5;11-04-2029;7;350.0
13461;6;7;16-10-2029;6;900.0
13462;6;8;20-05-2029;5;350.0
13463;6;5;04-12-2030;1;50.0
13464;6;3;11-11-2026;8;4000.0
13465;5;1;16-06-2028;2;2400.0
13466;6;3;27-04-2029;2;1000.0
13467;5;11;03-10-2027;8;960.0
13468;1;8;06-04-2027;8;560.0
13469;5;11;24-08-2030;5;600.0
13470;6;10;06-05-2028;10;800.0
13471;1;11;16-03-2028;2;240.0
13472;4;2;16-08-2029;7;5600.0
13473;3;6;29-05-2027;6;1800.0
13474;2;2;19-11-2028;8;6400.0
13475;4;1;07-07-2030;4;4800.0
13476;3;4;23-07-2030;10;250.0
13477;6;12;28-09-2029;3;90.0
13478;6;11;06-01-2029;4;480.0
13479;6;12;17-12-2027;4;120.0
13480;5;6;08-07-2028;5;1500.0
13481;2;9;17-10-2026;5;1250.0
13482;5;5;15-06-2030;1;50.0
13483;2;1;17-05-2026;5;6000.0
13484;3;9;07-03-2028;9;2250.0
13485;5;7;05-02-2028;5;750.0
13486;3;9;26-10-2027;1;250.0
13487;3;11;18-08-2028;3;360.0
13488;3;5;19-04-2027;2;100.0
13489;6;8;01-10-2026;7;490.0
13490;5;12;28-03-2028;4;120.0
13491;2;6;26-10-2028;3;900.0
13492;5;5;27-11-2026;5;250.0
13493;6;12;19-02-2029;3;90.0
13494;6;1;12-04-2028;9;10800.0
13495;2;3;16-12-2028;5;2500.0
13496;4;9;31-01-2029;6;1500.0
13497;6;4;15-04-2029;6;150.0
13498;6;7;02-07-2029;1;150.0
13499;4;6;12-05-2026;2;600.0
13500;4;3;16-01-2027;1;500.0
13501;2;9;09-07-2026;6;1500.0
13502;3;9;27-10-2029;2;500.0
13503;2;6;08-04-2027;4;1200.0
13504;6;3;04-01-2029;10;5000.0
13505;2;12;18-01-2030;1;30.0
13506;4;10;06-10-2026;6;480.0
13507;2;5;29-05-2030;9;450.0
13508;1;6;29-11-2026;6;1800.0
13509;6;10;13-08-2027;7;560.0
13510;4;8;21-06-2030;10;700.0
13511;2;2;14-09-2030;2;1600.0
13512;4;8;20-03-2027;5;350.0
13513;5;11;08-10-2030;9;1080.0
13514;6;4;23-12-2030;10;250.0
13515;2;7;14-02-2030;2;300.0
13516;6;9;12-12-2027;7;1750.0
13517;4;10;06-03-2029;4;320.0
13518;4;10;31-05-2029;4;320.0
13519;5;8;25-12-2030;5;350.0
13520;1;2;04-04-2029;9;7200.0
13521;1;7;12-02-2027;6;900.0
13522;6;3;19-11-2028;10;5000.0
13523;3;4;15-05-2027;9;225.0
13524;6;2;04-04-2030;4;3200.0
13525;5;6;15-08-2030;10;3000.0
13526;2;12;09-03-2027;6;180.0
13527;4;10;29-11-2027;6;480.0
13528;5;6;22-10-2028;1;300.0
13529;6;12;13-11-2029;1;30.0
13530;3;8;23-03-2028;3;210.0
13531;4;3;25-10-2027;3;1500.0
13532;6;5;24-03-2030;3;150.0
13533;6;9;11-03-2029;2;500.0
13534;4;8;23-03-2029;6;420.0
13535;6;4;16-07-2029;9;225.0
13536;6;3;15-08-2029;1;500.0
13537;1;9;07-03-2029;1;250.0
13538;3;3;13-11-2030;4;2000.0
13539;4;3;22-06-2029;7;3500.0
13540;1;5;07-04-2026;10;500.0
13541;5;2;27-03-2028;4;3200.0
13542;4;3;19-05-2028;9;4500.0
13543;3;5;26-08-2029;1;50.0
13544;4;12;09-02-2030;4;120.0
13545;6;6;31-01-2030;10;3000.0
13546;1;4;19-06-2026;8;200.0
13547;1;9;09-12-2026;6;1500.0
13548;3;3;16-01-2029;10;5000.0
13549;1;2;05-06-2030;1;800.0
13550;5;12;01-05-2027;1;30.0
13551;2;6;11-10-2029;1;300.0
13552;1;11;05-04-2027;3;360.0
13553;5;8;04-04-2029;5;350.0
13554;3;12;11-02-2030;9;270.0
13555;2;10;23-05-2027;8;640.0
13556;4;5;23-05-2026;9;450.0
13557;1;12;24-07-2026;9;270.0
13558;6;3;08-06-2027;10;5000.0
13559;6;6;29-10-2029;2;600.0
13560;3;3;29-01-2028;5;2500.0
13561;6;11;25-05-2030;2;240.0
13562;1;7;09-10-2028;1;150.0
13563;3;11;17-10-2028;9;1080.0
13564;2;10;02-11-2030;4;320.0
13565;1;10;13-09-2029;8;640.0
13566;2;8;23-03-2030;10;700.0
13567;4;8;21-05-2030;4;280.0
13568;5;8;19-11-2026;5;350.0
13569;6;1;02-10-2029;2;2400.0
13570;3;10;13-03-2026;3;240.0
13571;1;9;06-02-2028;5;1250.0
13572;6;1;26-09-2030;8;9600.0
13573;5;8;10-03-2029;9;630.0
13574;6;5;13-04-2028;2;100.0
13575;3;12;19-04-2027;1;30.0
13576;3;10;20-01-2028;8;640.0
13577;2;10;18-07-2026;5;400.0
13578;3;1;22-09-2026;5;6000.0
13579;4;4;24-02-2026;1;25.0
13580;3;10;14-12-2029;3;240.0
13581;3;10;19-09-2030;5;400.0
13582;4;5;13-06-2026;7;350.0
13583;4;9;10-11-2028;6;1500.0
13584;3;12;27-03-2030;6;180.0
13585;3;4;02-02-2029;8;200.0
13586;1;3;08-06-2026;7;3500.0
13587;5;6;15-10-2027;3;900.0
13588;4;2;04-10-2029;4;3200.0
13589;3;3;04-09-2026;2;1000.0
13590;1;4;25-06-2029;10;250.0
13591;3;12;08-10-2027;2;60.0
13592;1;8;17-10-2028;8;560.0
13593;5;12;30-10-2029;1;30.0
13594;2;2;13-04-2030;4;3200.0
13595;2;1;02-06-2027;6;7200.0
13596;2;9;04-01-2028;4;1000.0
13597;2;1;15-07-2028;3;3600.0
13598;3;1;25-03-2028;5;6000.0
13599;3;12;20-01-2030;9;270.0
13600;4;7;04-07-2027;8;1200.0
13601;5;12;14-04-2029;1;30.0
13602;5;6;20-01-2027;2;600.0
13603;5;10;19-12-2026;9;720.0
13604;3;4;04-09-2027;4;100.0
13605;1;10;07-02-2030;4;320.0
13606;4;2;01-07-2026;2;1600.0
13607;1;4;07-02-2029;1;25.0
13608;1;8;23-11-2028;3;210.0
13609;5;3;02-03-2027;8;4000.0
13610;4;9;11-08-2026;6;1500.0
13611;5;1;03-12-2026;8;9600.0
13612;6;3;20-11-2027;7;3500.0
13613;5;8;12-06-2029;6;420.0
13614;2;12;24-11-2027;7;210.0
13615;3;4;28-11-2028;8;200.0
13616;2;12;02-03-2027;4;120.0
13617;1;1;29-04-2026;6;7200.0
13618;4;5;23-09-2026;7;350.0
13619;2;5;04-08-2028;10;500.0
13620;5;1;11-08-2028;3;3600.0
13621;1;3;20-12-2030;6;3000.0
13622;2;7;10-09-2027;4;600.0
13623;3;3;22-02-2027;9;4500.0
13624;6;12;04-10-2029;8;240.0
13625;3;7;25-09-2029;4;600.0
13626;1;2;15-04-2027;8;6400.0
13627;2;5;14-06-2030;8;400.0
13628;2;4;23-02-2030;6;150.0
13629;2;12;11-06-2029;7;210.0
13630;3;7;10-06-2026;3;450.0
13631;6;2;25-05-2029;1;800.0
13632;5;3;24-06-2030;7;3500.0
13633;1;1;27-11-2026;7;8400.0
13634;4;10;27-07-2026;6;480.0
13635;5;3;07-06-2027;5;2500.0
13636;1;10;10-11-2029;4;320.0
13637;5;5;13-06-2026;6;300.0
13638;6;11;29-11-2028;6;720.0
13639;4;7;16-01-2029;8;1200.0
13640;3;12;27-12-2028;7;210.0
13641;4;8;23-07-2029;3;210.0
13642;1;12;17-04-2027;3;90.0
13643;2;8;09-09-2030;4;280.0
13644;2;8;27-11-2028;6;420.0
13645;2;6;12-12-2029;8;2400.0
13646;5;11;23-06-2026;3;360.0
13647;4;7;14-08-2030;10;1500.0
13648;6;11;24-07-2027;4;480.0
13649;2;12;15-02-2030;4;120.0
13650;4;2;10-03-2028;1;800.0
13651;5;4;20-11-2028;9;225.0
13652;2;7;04-03-2028;9;1350.0
13653;2;10;14-12-2028;5;400.0
13654;1;11;13-06-2029;6;720.0
13655;2;2;27-11-2026;4;3200.0
13656;1;3;08-07-2029;3;1500.0
13657;3;6;08-09-2030;2;600.0
13658;1;7;05-06-2030;6;900.0
13659;6;11;16-10-2029;4;480.0
13660;2;9;23-09-2029;8;2000.0
13661;5;9;06-03-2029;4;1000.0
13662;4;8;14-07-2030;8;560.0
13663;5;1;20-11-2027;1;1200.0
13664;5;12;20-11-2026;7;210.0
13665;5;7;20-02-2026;1;150.0
13666;2;5;09-03-2027;8;400.0
13667;5;11;09-10-2026;10;1200.0
13668;3;9;21-06-2026;10;2500.0
13669;6;6;06-12-2028;2;600.0
13670;6;12;19-05-2028;6;180.0
13671;5;4;15-11-2026;6;150.0
13672;1;11;19-05-2030;10;1200.0
13673;2;11;19-04-2029;4;480.0
13674;2;5;27-09-2028;2;100.0
13675;2;1;19-01-2029;4;4800.0
13676;2;2;07-11-2030;10;8000.0
13677;1;7;19-05-2026;2;300.0
13678;6;8;16-05-2029;6;420.0
13679;2;1;20-02-2030;10;12000.0
13680;2;4;18-06-2029;6;150.0
13681;1;6;03-07-2027;3;900.0
13682;1;9;15-03-2026;3;750.0
13683;3;3;11-07-2028;3;1500.0
13684;5;3;15-02-2029;1;500.0
13685;4;7;10-08-2027;9;1350.0
13686;5;4;02-01-2029;3;75.0
13687;5;10;28-03-2029;3;240.0
13688;6;4;07-11-2027;1;25.0
13689;1;5;03-07-2026;1;50.0
13690;2;4;22-11-2030;10;250.0
13691;2;3;02-07-2028;8;4000.0
13692;2;2;17-04-2029;6;4800.0
13693;3;11;29-01-2030;8;960.0
13694;6;3;30-10-2029;10;5000.0
13695;6;3;22-10-2027;1;500.0
13696;1;3;21-01-2030;10;5000.0
13697;5;6;24-02-2029;5;1500.0
13698;1;8;28-06-2028;10;700.0
13699;2;1;07-04-2029;5;6000.0
13700;5;1;16-12-2026;6;7200.0
13701;3;1;21-11-2028;3;3600.0
13702;5;5;11-01-2030;9;450.0
13703;2;1;23-06-2028;8;9600.0
13704;1;9;21-03-2026;3;750.0
13705;6;6;13-07-2029;9;2700.0
13706;5;6;12-07-2029;10;3000.0
13707;3;12;16-10-2028;6;180.0
13708;2;12;08-09-2030;9;270.0
13709;1;7;27-10-2028;4;600.0
13710;6;9;14-11-2027;1;250.0
13711;5;11;27-10-2030;4;480.0
13712;3;10;23-12-2026;7;560.0
13713;2;1;05-01-2027;3;3600.0
13714;4;11;06-02-2027;9;1080.0
13715;5;7;27-06-2029;9;1350.0
13716;6;10;10-11-2027;2;160.0
13717;4;4;22-02-2028;2;50.0
13718;1;11;09-12-2029;9;1080.0
13719;2;3;06-11-2027;10;5000.0
13720;4;10;08-08-2029;2;160.0
13721;4;5;23-07-2028;8;400.0
13722;1;12;13-07-2029;1;30.0
13723;5;5;23-03-2029;8;400.0
13724;1;1;15-10-2028;2;2400.0
13725;3;8;07-08-2030;10;700.0
13726;3;3;15-09-2026;9;4500.0
13727;5;8;15-02-2028;10;700.0
13728;4;5;03-06-2029;7;350.0
13729;4;10;06-05-2027;5;400.0
13730;6;6;11-03-2026;7;2100.0
13731;2;10;28-11-2029;4;320.0
13732;5;5;26-11-2028;8;400.0
13733;4;12;07-05-2026;9;270.0
13734;6;1;07-09-2026;10;12000.0
13735;2;10;12-12-2028;8;640.0
13736;6;8;18-06-2027;8;560.0
13737;3;11;25-09-2030;9;1080.0
13738;3;12;18-02-2029;10;300.0
13739;1;2;05-02-2027;4;3200.0
13740;6;1;11-09-2030;1;1200.0
13741;2;5;08-08-2027;9;450.0
13742;3;12;09-04-2028;3;90.0
13743;4;8;25-03-2028;9;630.0
13744;5;12;03-05-2026;10;300.0
13745;3;1;10-05-2027;1;1200.0
13746;6;11;14-02-2028;10;1200.0
13747;6;12;05-11-2028;1;30.0
13748;6;1;10-11-2030;3;3600.0
13749;2;2;23-10-2028;10;8000.0
13750;3;3;03-10-2026;4;2000.0
13751;6;12;14-04-2030;1;30.0
13752;5;11;11-10-2027;9;1080.0
13753;5;9;29-12-2028;5;1250.0
13754;2;11;05-01-2029;6;720.0
13755;2;7;12-12-2026;4;600.0
13756;6;1;06-11-2030;10;12000.0
13757;4;3;16-04-2030;5;2500.0
13758;4;6;11-11-2026;1;300.0
13759;3;10;04-12-2027;9;720.0
13760;2;3;22-05-2026;5;2500.0
13761;4;6;22-06-2029;1;300.0
13762;5;7;09-04-2029;7;1050.0
13763;1;2;24-12-2028;3;2400.0
13764;1;1;18-05-2028;4;4800.0
13765;1;11;21-01-2028;9;1080.0
13766;1;4;27-02-2030;6;150.0
13767;1;7;21-10-2029;1;150.0
13768;2;4;03-10-2029;3;75.0
13769;5;6;14-01-2027;8;2400.0
13770;6;8;03-04-2026;10;700.0
13771;3;5;03-07-2027;10;500.0
13772;2;11;04-05-2026;6;720.0
13773;1;8;12-11-2028;5;350.0
13774;6;6;15-04-2027;1;300.0
13775;3;11;16-06-2029;6;720.0
13776;1;4;27-12-2026;9;225.0
13777;1;7;27-02-2028;7;1050.0
13778;4;1;21-08-2028;5;6000.0
13779;3;12;10-01-2030;2;60.0
13780;1;1;12-03-2027;7;8400.0
13781;1;3;29-04-2026;6;3000.0
13782;1;2;04-06-2027;8;6400.0
13783;3;2;28-08-2029;7;5600.0
13784;2;3;25-12-2028;7;3500.0
13785;6;4;29-10-2027;10;250.0
13786;6;3;22-02-2028;1;500.0
13787;4;6;18-09-2029;2;600.0
13788;1;7;04-07-2026;5;750.0
13789;6;11;14-08-2029;8;960.0
13790;6;9;17-01-2030;2;500.0
13791;6;12;26-02-2029;7;210.0
13792;1;6;19-12-2027;5;1500.0
13793;2;9;20-11-2027;1;250.0
13794;1;11;23-05-2026;5;600.0
13795;1;1;16-11-2028;6;7200.0
13796;2;3;14-06-2029;6;3000.0
13797;4;12;20-07-2030;9;270.0
13798;1;9;13-07-2026;2;500.0
13799;6;4;22-11-2028;10;250.0
13800;5;3;03-08-2027;10;5000.0
13801;1;11;28-11-2030;2;240.0
13802;4;1;09-03-2030;2;2400.0
13803;5;5;31-12-2028;6;300.0
13804;1;1;24-12-2030;3;3600.0
13805;3;2;09-07-2026;2;1600.0
13806;5;5;11-12-2027;4;200.0
13807;6;8;01-06-2028;2;140.0
13808;6;10;09-07-2030;7;560.0
13809;4;4;15-06-2027;4;100.0
13810;2;3;04-04-2030;5;2500.0
13811;2;2;22-01-2029;10;8000.0
13812;5;2;14-06-2029;10;8000.0
13813;1;1;21-10-2026;4;4800.0
13814;1;2;15-09-2027;4;3200.0
13815;6;4;04-08-2030;6;150.0
13816;2;6;22-12-2027;9;2700.0
13817;5;11;20-07-2029;8;960.0
13818;3;6;05-03-2026;2;600.0
13819;6;8;23-09-2026;1;70.0
13820;5;11;17-11-2029;8;960.0
13821;3;11;18-06-2028;7;840.0
13822;5;1;06-09-2029;1;1200.0
13823;1;7;01-07-2026;10;1500.0
13824;1;12;21-01-2030;1;30.0
13825;1;1;21-02-2027;5;6000.0
13826;4;1;08-09-2027;3;3600.0
13827;4;11;14-08-2030;9;1080.0
13828;6;8;15-08-2029;1;70.0
13829;1;3;05-11-2027;1;500.0
13830;2;6;08-04-2030;8;2400.0
13831;3;2;03-01-2028;3;2400.0
13832;6;8;29-01-2030;3;210.0
13833;2;11;27-12-2027;4;480.0
13834;5;4;17-05-2027;10;250.0
13835;4;5;30-05-2026;8;400.0
13836;6;2;20-04-2028;6;4800.0
13837;3;6;17-10-2030;9;2700.0
13838;2;12;05-09-2027;5;150.0
13839;5;11;13-12-2030;1;120.0
13840;4;4;27-02-2030;8;200.0
13841;2;10;03-12-2026;5;400.0
13842;4;6;14-09-2029;8;2400.0
13843;2;2;23-06-2028;6;4800.0
13844;5;6;04-01-2027;3;900.0
13845;2;10;12-02-2028;3;240.0
13846;4;12;20-04-2028;1;30.0
13847;1;3;02-11-2029;8;4000.0
13848;4;11;12-05-2029;10;1200.0
13849;4;3;19-01-2029;7;3500.0
13850;1;9;10-09-2030;5;1250.0
13851;3;3;25-05-2027;4;2000.0
13852;4;2;25-08-2029;9;7200.0
13853;3;5;29-08-2030;7;350.0
13854;4;4;13-03-2028;2;50.0
13855;1;12;01-11-2029;5;150.0
13856;3;7;11-12-2026;6;900.0
13857;2;1;23-12-2030;2;2400.0
13858;2;1;22-10-2026;1;1200.0
13859;2;12;04-09-2027;9;270.0
13860;4;6;31-05-2029;1;300.0
13861;6;9;02-10-2027;6;1500.0
13862;5;12;22-02-2030;4;120.0
13863;3;4;07-07-2026;7;175.0
13864;2;2;12-12-2026;6;4800.0
13865;3;5;03-03-2028;1;50.0
13866;5;9;22-02-2027;10;2500.0
13867;4;5;05-09-2026;3;150.0
13868;5;10;02-01-2027;6;480.0
13869;4;8;08-03-2029;5;350.0
13870;1;1;25-12-2029;6;7200.0
13871;3;6;02-10-2027;3;900.0
13872;3;2;07-11-2029;3;2400.0
13873;6;2;10-10-2030;3;2400.0
13874;6;6;05-03-2029;6;1800.0
13875;2;5;09-05-2030;5;250.0
13876;4;10;24-04-2028;7;560.0
13877;6;10;12-12-2028;1;80.0
13878;2;10;06-02-2029;2;160.0
13879;1;6;18-10-2029;2;600.0
13880;2;10;30-03-2030;1;80.0
13881;3;7;18-07-2026;6;900.0
13882;4;11;19-12-2027;6;720.0
13883;2;11;15-07-2026;8;960.0
13884;2;1;27-07-2028;5;6000.0
13885;4;1;27-10-2028;6;7200.0
13886;2;10;08-06-2027;10;800.0
13887;1;1;17-03-2029;10;12000.0
13888;2;6;11-07-2029;6;1800.0
13889;2;10;06-05-2030;3;240.0
13890;2;3;09-10-2030;6;3000.0
13891;6;4;30-12-2029;5;125.0
13892;2;10;19-09-2026;1;80.0
13893;2;10;28-11-2026;8;640.0
13894;6;9;02-06-2028;3;750.0
13895;1;9;05-08-2026;6;1500.0
13896;3;8;08-04-2029;9;630.0
13897;4;9;27-11-2030;2;500.0
13898;2;9;18-01-2030;5;1250.0
13899;4;12;13-07-2029;3;90.0
13900;5;4;07-12-2028;8;200.0
13901;6;5;24-02-2026;3;150.0
13902;1;1;10-12-2026;8;9600.0
13903;6;1;09-03-2027;7;8400.0
13904;5;7;28-09-2030;2;300.0
13905;3;12;05-05-2029;4;120.0
13906;4;2;12-07-2029;8;6400.0
13907;5;11;11-11-2026;3;360.0
13908;5;2;28-11-2030;7;5600.0
13909;6;12;21-02-2030;4;120.0
13910;1;12;17-12-2028;9;270.0
13911;6;3;16-04-2027;1;500.0
13912;5;2;04-04-2028;3;2400.0
13913;5;7;10-10-2027;2;300.0
13914;3;10;14-03-2029;4;320.0
13915;4;7;17-05-2026;3;450.0
13916;2;7;21-12-2028;5;750.0
13917;6;9;13-09-2030;5;1250.0
13918;3;6;26-08-2030;6;1800.0
13919;4;4;18-04-2029;7;175.0
13920;6;6;05-10-2028;3;900.0
13921;3;11;13-08-2028;6;720.0
13922;2;9;12-09-2027;7;1750.0
13923;1;7;08-04-2030;1;150.0
13924;5;4;21-07-2030;4;100.0
13925;3;7;06-11-2030;7;1050.0
13926;1;2;17-05-2030;7;5600.0
13927;6;10;05-12-2030;7;560.0
13928;6;1;29-07-2027;6;7200.0
13929;1;8;17-10-2029;1;70.0
13930;3;4;24-08-2029;10;250.0
13931;1;4;15-09-2029;4;100.0
13932;6;3;23-09-2027;2;1000.0
13933;3;6;26-10-2030;3;900.0
13934;5;5;14-06-2027;4;200.0
13935;4;10;19-03-2027;10;800.0
13936;4;4;28-03-2030;1;25.0
13937;2;8;22-03-2028;4;280.0
13938;4;10;02-01-2028;2;160.0
13939;1;12;24-06-2030;1;30.0
13940;6;4;14-07-2027;10;250.0
13941;3;12;10-06-2029;7;210.0
13942;2;6;17-01-2030;1;300.0
13943;3;12;10-12-2030;4;120.0
13944;5;12;14-06-2029;10;300.0
13945;1;9;11-07-2027;10;2500.0
13946;3;4;03-11-2029;7;175.0
13947;1;3;25-04-2027;2;1000.0
13948;2;9;30-09-2028;3;750.0
13949;1;11;18-06-2030;10;1200.0
13950;5;4;19-12-2030;7;175.0
13951;1;6;08-11-2027;4;1200.0
13952;6;2;27-09-2030;1;800.0
13953;5;9;11-01-2030;10;2500.0
13954;1;5;05-02-2028;1;50.0
13955;6;11;24-11-2030;1;120.0
13956;4;1;13-07-2030;6;7200.0
13957;1;11;17-02-2029;8;960.0
13958;1;12;24-11-2030;3;90.0
13959;4;6;19-09-2027;1;300.0
13960;2;10;02-04-2030;2;160.0
13961;2;7;25-08-2029;1;150.0
13962;2;7;21-10-2026;1;150.0
13963;5;5;21-08-2026;5;250.0
13964;3;6;26-02-2028;3;900.0
13965;5;11;09-05-2030;9;1080.0
13966;5;6;29-05-2029;3;900.0
13967;1;7;02-07-2029;7;1050.0
13968;6;6;12-06-2026;8;2400.0
13969;4;12;26-11-2026;8;240.0
13970;2;2;16-05-2028;10;8000.0
13971;6;8;20-10-2028;1;70.0
13972;1;12;23-07-2029;10;300.0
13973;3;2;02-09-2028;3;2400.0
13974;5;4;06-04-2027;8;200.0
13975;2;6;21-04-2030;1;300.0
13976;4;8;21-05-2028;2;140.0
13977;6;2;22-06-2026;2;1600.0
13978;3;3;25-08-2030;9;4500.0
13979;4;1;13-07-2029;2;2400.0
13980;1;10;17-03-2026;10;800.0
13981;5;2;02-05-2029;4;3200.0
13982;4;9;17-10-2026;9;2250.0
13983;3;10;25-08-2029;4;320.0
13984;1;10;06-10-2030;7;560.0
13985;1;1;11-07-2029;5;6000.0
13986;6;5;22-06-2029;8;400.0
13987;3;8;24-08-2029;6;420.0
13988;6;5;19-03-2026;7;350.0
13989;6;11;25-10-2030;6;720.0
13990;3;2;31-05-2027;10;8000.0
13991;4;12;21-08-2026;2;60.0
13992;1;9;09-09-2029;3;750.0
13993;6;8;27-08-2028;4;280.0
13994;1;1;15-11-2027;8;9600.0
13995;5;11;08-12-2030;4;480.0
13996;4;9;01-02-2027;5;1250.0
13997;4;1;26-08-2026;2;2400.0
13998;1;4;28-08-2029;6;150.0
13999;1;11;05-11-2026;10;1200.0
14000;4;3;20-05-2028;2;1000.0
14001;3;2;15-03-2029;1;800.0
14002;2;4;24-11-2027;10;250.0
14003;5;11;23-07-2030;2;240.0
14004;5;12;16-05-2027;6;180.0
14005;1;8;27-05-2026;3;210.0
14006;6;6;09-02-2030;3;900.0
14007;2;9;14-08-2026;5;1250.0
14008;1;11;15-06-2029;3;360.0
14009;1;4;20-09-2027;1;25.0
14010;4;12;25-11-2027;7;210.0
14011;2;8;05-04-2029;4;280.0
14012;3;3;01-03-2028;8;4000.0
14013;3;11;20-11-2026;3;360.0
14014;2;9;10-01-2027;9;2250.0
14015;5;10;18-11-2027;2;160.0
14016;4;5;24-11-2029;1;50.0
14017;3;11;23-02-2030;5;600.0
14018;2;11;09-03-2026;6;720.0
14019;6;11;26-03-2030;8;960.0
14020;4;4;16-07-2028;9;225.0
14021;5;11;07-03-2028;7;840.0
14022;6;9;20-01-2030;2;500.0
14023;2;6;19-12-2029;1;300.0
14024;4;7;29-07-2027;3;450.0
14025;2;6;28-05-2027;10;3000.0
14026;2;12;26-09-2028;4;120.0
14027;4;10;04-08-2030;7;560.0
14028;1;7;01-05-2030;4;600.0
14029;5;2;11-04-2028;7;5600.0
14030;2;6;16-02-2028;6;1800.0
14031;3;9;08-05-2026;2;500.0
14032;3;7;28-10-2029;1;150.0
14033;3;8;27-03-2027;10;700.0
14034;2;10;04-07-2030;8;640.0
14035;6;4;04-09-2029;9;225.0
14036;3;12;02-07-2029;5;150.0
14037;5;10;04-09-2029;1;80.0
14038;2;5;23-03-2029;5;250.0
14039;6;11;09-06-2026;7;840.0
14040;3;7;28-12-2030;5;750.0
14041;6;12;30-08-2029;10;300.0
14042;1;5;08-08-2028;6;300.0
14043;1;12;07-03-2029;10;300.0
14044;5;4;14-07-2030;10;250.0
14045;3;6;06-04-2026;2;600.0
14046;3;11;09-11-2030;2;240.0
14047;3;8;09-08-2028;8;560.0
14048;1;8;04-02-2029;8;560.0
14049;3;8;08-06-2027;9;630.0
14050;3;3;18-01-2027;7;3500.0
14051;1;9;22-10-2027;7;1750.0
14052;2;12;22-11-2028;8;240.0
14053;2;1;02-06-2028;7;8400.0
14054;5;10;24-07-2030;8;640.0
14055;2;5;21-06-2027;9;450.0
14056;4;4;03-10-2028;4;100.0
14057;5;5;01-01-2029;10;500.0
14058;6;1;21-05-2027;4;4800.0
14059;1;11;27-02-2028;1;120.0
14060;2;5;10-09-2030;2;100.0
14061;3;5;05-02-2029;6;300.0
14062;1;10;22-12-2028;4;320.0
14063;4;11;09-05-2029;9;1080.0
14064;1;9;06-09-2030;8;2000.0
14065;3;7;09-12-2030;5;750.0
14066;5;2;17-05-2028;10;8000.0
14067;4;2;06-04-2026;5;4000.0
14068;4;7;26-07-2029;4;600.0
14069;4;11;27-04-2026;5;600.0
14070;4;6;03-05-2029;10;3000.0
14071;4;4;06-05-2029;6;150.0
14072;5;2;10-11-2026;5;4000.0
14073;2;7;26-01-2030;9;1350.0
14074;1;10;16-04-2027;1;80.0
14075;1;11;28-03-2028;3;360.0
14076;3;7;20-04-2027;5;750.0
14077;4;9;06-10-2030;7;1750.0
14078;6;4;06-04-2028;5;125.0
14079;1;12;19-05-2030;9;270.0
14080;1;4;16-07-2026;1;25.0
14081;5;6;21-03-2030;3;900.0
14082;2;12;12-06-2028;3;90.0
14083;3;2;21-01-2027;2;1600.0
14084;2;9;06-10-2028;1;250.0
14085;1;12;08-12-2029;10;300.0
14086;2;5;01-06-2027;2;100.0
14087;1;11;12-09-2030;1;120.0
14088;6;2;30-06-2026;3;2400.0
14089;6;6;19-10-2030;2;600.0
14090;1;4;24-03-2027;2;50.0
14091;4;8;16-01-2030;5;350.0
14092;3;3;24-02-2030;8;4000.0
14093;3;11;17-06-2028;4;480.0
14094;4;11;26-07-2030;4;480.0
14095;5;3;10-01-2030;6;3000.0
14096;4;7;13-04-2026;3;450.0
14097;4;7;21-07-2028;5;750.0
14098;5;9;08-05-2028;1;250.0
14099;5;7;23-12-2028;6;900.0
14100;2;9;22-08-2028;1;250.0
14101;1;10;27-01-2027;1;80.0
14102;3;6;07-11-2029;2;600.0
14103;4;2;31-07-2028;9;7200.0
14104;4;2;11-03-2026;7;5600.0
14105;1;10;03-04-2029;7;560.0
14106;1;9;23-12-2030;10;2500.0
14107;3;9;29-11-2026;5;1250.0
14108;3;2;02-06-2027;8;6400.0
14109;5;12;04-12-2026;5;150.0
14110;6;6;15-04-2029;9;2700.0
14111;3;11;10-11-2030;1;120.0
14112;1;10;20-05-2028;8;640.0
14113;1;9;16-10-2029;10;2500.0
14114;3;5;18-07-2028;10;500.0
14115;6;4;06-04-2028;4;100.0
14116;1;10;15-10-2026;4;320.0
14117;5;8;11-02-2027;2;140.0
14118;4;6;03-03-2029;1;300.0
14119;3;8;27-12-2027;2;140.0
14120;4;8;14-02-2027;4;280.0
14121;3;4;04-03-2028;9;225.0
14122;6;2;19-04-2026;9;7200.0
14123;2;3;15-10-2026;4;2000.0
14124;4;11;06-08-2026;1;120.0
14125;2;4;20-01-2027;3;75.0
14126;2;8;10-01-2030;2;140.0
14127;6;12;25-03-2029;4;120.0
14128;4;3;12-04-2030;6;3000.0
14129;5;5;26-09-2026;2;100.0
14130;4;8;06-11-2027;2;140.0
14131;2;4;25-04-2026;8;200.0
14132;1;1;14-06-2026;2;2400.0
14133;2;6;10-04-2030;7;2100.0
14134;3;8;21-06-2028;4;280.0
14135;4;2;25-05-2026;1;800.0
14136;6;5;12-09-2027;9;450.0
14137;5;9;11-03-2028;2;500.0
14138;4;8;14-06-2030;3;210.0
14139;1;10;19-07-2026;7;560.0
14140;2;2;24-09-2028;6;4800.0
14141;3;4;30-07-2029;9;225.0
14142;1;8;14-03-2027;2;140.0
14143;1;10;30-08-2027;2;160.0
14144;1;8;05-12-2028;1;70.0
14145;3;8;16-02-2026;3;210.0
14146;4;3;05-11-2027;8;4000.0
14147;3;3;13-09-2027;7;3500.0
14148;5;5;28-12-2030;3;150.0
14149;4;11;05-07-2030;7;840.0
14150;2;10;22-10-2027;2;160.0
14151;1;8;23-08-2026;1;70.0
14152;1;9;25-10-2030;6;1500.0
14153;5;1;21-04-2029;1;1200.0
14154;1;5;15-04-2027;8;400.0
14155;6;2;10-06-2026;5;4000.0
14156;3;1;11-04-2029;3;3600.0
14157;3;4;26-04-2028;6;150.0
14158;6;4;01-08-2026;5;125.0
14159;5;12;14-01-2030;9;270.0
14160;5;10;30-12-2028;1;80.0
14161;3;3;10-10-2030;1;500.0
14162;4;11;24-07-2030;4;480.0
14163;4;4;16-03-2030;5;125.0
14164;1;3;30-04-2028;2;1000.0
14165;2;5;04-05-2029;8;400.0
14166;3;11;02-04-2027;1;120.0
14167;5;12;04-05-2030;4;120.0
14168;1;1;28-06-2029;8;9600.0
14169;2;3;28-10-2028;3;1500.0
14170;1;11;09-07-2026;1;120.0
14171;2;11;15-06-2029;9;1080.0
14172;2;4;04-08-2029;10;250.0
14173;1;9;14-03-2026;2;500.0
14174;1;10;25-12-2030;6;480.0
14175;3;8;28-05-2026;10;700.0
14176;4;4;05-07-2028;4;100.0
14177;2;1;29-06-2026;10;12000.0
14178;3;12;05-01-2029;3;90.0
14179;4;11;29-09-2028;8;960.0
14180;5;4;08-10-2029;1;25.0
14181;1;6;19-11-2029;9;2700.0
14182;2;4;26-11-2026;8;200.0
14183;5;6;14-09-2028;6;1800.0
14184;3;12;11-08-2026;3;90.0
14185;2;8;30-03-2026;9;630.0
14186;3;2;03-11-2027;5;4000.0
14187;6;9;23-10-2029;1;250.0
14188;3;11;25-11-2027;5;600.0
14189;5;8;24-01-2027;9;630.0
14190;3;7;10-04-2029;10;1500.0
14191;4;3;03-01-2028;3;1500.0
14192;4;8;20-12-2026;3;210.0
14193;2;11;03-09-2028;9;1080.0
14194;1;9;14-12-2028;5;1250.0
14195;3;7;21-08-2026;3;450.0
14196;3;1;17-09-2028;6;7200.0
14197;5;10;20-03-2028;6;480.0
14198;2;10;08-10-2026;7;560.0
14199;3;11;12-12-2030;6;720.0
14200;6;9;21-04-2030;4;1000.0
14201;4;10;05-08-2029;3;240.0
14202;1;2;25-01-2027;7;5600.0
14203;4;3;11-02-2028;4;2000.0
14204;5;5;29-07-2026;1;50.0
14205;4;11;10-02-2028;2;240.0
14206;4;4;28-01-2030;10;250.0
14207;2;12;13-01-2028;2;60.0
14208;6;3;12-12-2028;3;1500.0
14209;4;10;25-03-2030;5;400.0
14210;2;9;10-05-2026;9;2250.0
14211;3;1;27-12-2027;5;6000.0
14212;4;2;20-01-2029;5;4000.0
14213;3;9;05-04-2029;10;2500.0
14214;6;5;03-03-2027;5;250.0
14215;4;3;16-03-2026;4;2000.0
14216;2;5;19-06-2027;6;300.0
14217;6;12;10-05-2027;1;30.0
14218;4;11;20-03-2030;10;1200.0
14219;1;2;18-12-2026;9;7200.0
14220;3;6;23-02-2030;7;2100.0
14221;2;8;20-06-2029;4;280.0
14222;4;3;13-05-2026;10;5000.0
14223;4;2;14-04-2029;3;2400.0
14224;5;1;04-05-2028;1;1200.0
14225;6;2;22-11-2026;6;4800.0
14226;6;1;23-11-2030;5;6000.0
14227;2;5;24-09-2026;5;250.0
14228;4;1;09-11-2026;4;4800.0
14229;5;7;07-04-2026;5;750.0
14230;6;8;09-05-2028;3;210.0
14231;6;2;13-09-2026;7;5600.0
14232;1;12;08-10-2029;5;150.0
14233;1;3;21-08-2027;10;5000.0
14234;2;1;05-08-2026;9;10800.0
14235;5;1;16-02-2030;6;7200.0
14236;3;5;29-08-2029;10;500.0
14237;6;1;18-03-2026;6;7200.0
14238;1;5;19-10-2027;7;350.0
14239;6;10;13-06-2030;2;160.0
14240;5;3;04-01-2028;2;1000.0
14241;4;6;04-02-2030;3;900.0
14242;2;8;17-03-2027;10;700.0
14243;2;4;26-07-2028;9;225.0
14244;6;2;31-05-2028;2;1600.0
14245;3;3;11-05-2026;8;4000.0
14246;2;1;22-09-2029;8;9600.0
14247;2;11;23-09-2028;3;360.0
14248;1;12;14-02-2030;4;120.0
14249;4;11;31-08-2029;8;960.0
14250;4;11;27-08-2028;6;720.0
14251;3;10;28-07-2026;8;640.0
14252;4;6;07-11-2030;5;1500.0
14253;6;8;11-10-2030;1;70.0
14254;2;3;24-01-2027;7;3500.0
14255;3;5;05-07-2028;5;250.0
14256;6;11;25-02-2027;7;840.0
14257;5;10;04-08-2029;6;480.0
14258;2;8;08-05-2028;1;70.0
14259;5;5;21-09-2027;8;400.0
14260;4;4;22-11-2030;3;75.0
14261;4;5;08-02-2030;5;250.0
14262;6;5;03-12-2027;10;500.0
14263;5;7;18-08-2028;9;1350.0
14264;4;12;26-10-2030;10;300.0
14265;4;12;10-06-2027;1;30.0
14266;3;6;06-09-2030;1;300.0
14267;6;10;27-03-2026;5;400.0
14268;2;10;19-03-2030;10;800.0
14269;3;1;07-12-2030;6;7200.0
14270;4;1;22-11-2028;9;10800.0
14271;4;7;10-07-2030;4;600.0
14272;5;9;23-10-2026;4;1000.0
14273;5;6;29-11-2027;9;2700.0
14274;2;4;30-10-2029;2;50.0
14275;3;7;17-06-2030;1;150.0
14276;1;3;15-09-2027;8;4000.0
14277;3;11;01-09-2027;4;480.0
14278;4;3;30-11-2028;7;3500.0
14279;4;3;02-04-2028;8;4000.0
14280;1;4;22-06-2030;2;50.0
14281;1;1;11-04-2030;3;3600.0
14282;2;3;24-09-2030;6;3000.0
14283;3;11;30-10-2028;6;720.0
14284;4;10;03-05-2026;1;80.0
14285;3;9;26-08-2028;1;250.0
14286;3;9;06-12-2029;3;750.0
14287;5;2;05-04-2026;1;800.0
14288;3;5;11-10-2027;6;300.0
14289;3;5;23-08-2028;10;500.0
14290;5;2;08-04-2029;10;8000.0
14291;6;3;10-04-2026;4;2000.0
14292;3;11;08-11-2029;7;840.0
14293;2;4;05-01-2029;5;125.0
14294;1;3;06-07-2028;9;4500.0
14295;4;8;06-08-2027;10;700.0
14296;3;8;24-12-2028;10;700.0
14297;5;6;18-10-2028;7;2100.0
14298;1;8;24-05-2030;7;490.0
14299;3;2;28-05-2028;10;8000.0
14300;1;5;05-04-2027;3;150.0
14301;5;3;05-08-2026;3;1500.0
14302;5;7;14-11-2030;1;150.0
14303;6;1;27-04-2026;10;12000.0
14304;6;9;30-12-2028;5;1250.0
14305;6;9;14-12-2028;8;2000.0
14306;6;11;04-12-2028;8;960.0
14307;6;7;16-11-2026;1;150.0
14308;3;11;03-11-2028;5;600.0
14309;5;8;31-12-2030;8;560.0
14310;4;2;04-10-2027;1;800.0
14311;1;11;18-09-2029;4;480.0
14312;6;11;17-09-2027;2;240.0
14313;6;3;19-08-2030;10;5000.0
14314;2;2;20-09-2029;1;800.0
14315;3;1;15-07-2026;6;7200.0
14316;2;9;20-03-2028;7;1750.0
14317;2;4;25-03-2030;7;175.0
14318;5;9;10-01-2028;9;2250.0
14319;1;11;24-08-2026;6;720.0
14320;6;9;11-07-2028;5;1250.0
14321;2;10;09-02-2029;6;480.0
14322;3;11;18-06-2028;10;1200.0
14323;2;10;19-09-2030;7;560.0
14324;4;12;22-11-2028;2;60.0
14325;2;5;06-01-2027;9;450.0
14326;6;12;17-04-2026;8;240.0
14327;6;4;03-05-2027;9;225.0
14328;3;6;27-05-2030;9;2700.0
14329;6;5;03-06-2028;7;350.0
14330;4;2;05-04-2026;4;3200.0
14331;2;2;24-03-2028;6;4800.0
14332;1;1;05-02-2029;9;10800.0
14333;6;9;15-02-2029;6;1500.0
14334;5;10;23-04-2027;8;640.0
14335;1;2;11-02-2030;1;800.0
14336;6;3;28-01-2030;5;2500.0
14337;6;2;14-03-2026;8;6400.0
14338;5;8;19-04-2026;2;140.0
14339;2;11;29-07-2027;9;1080.0
14340;2;12;27-12-2029;8;240.0
14341;3;7;14-10-2030;9;1350.0
14342;3;5;07-06-2027;1;50.0
14343;2;11;08-12-2026;9;1080.0
14344;3;7;25-08-2028;5;750.0
14345;6;10;03-04-2029;6;480.0
14346;6;2;13-02-2029;1;800.0
14347;6;8;31-10-2029;7;490.0
14348;3;7;02-11-2028;4;600.0
14349;1;6;16-12-2026;9;2700.0
14350;2;3;02-06-2029;4;2000.0
14351;6;9;19-03-2029;7;1750.0
14352;3;12;03-05-2026;9;270.0
14353;3;1;10-10-2027;5;6000.0
14354;4;5;30-01-2027;3;150.0
14355;3;9;24-02-2029;1;250.0
14356;5;7;25-07-2027;7;1050.0
14357;5;8;01-12-2027;6;420.0
14358;6;7;07-12-2029;1;150.0
14359;6;9;12-06-2030;2;500.0
14360;6;7;17-08-2028;4;600.0
14361;3;9;27-09-2026;10;2500.0
14362;5;5;05-10-2028;3;150.0
14363;6;10;09-03-2028;7;560.0
14364;3;2;09-02-2027;1;800.0
14365;3;12;14-11-2030;2;60.0
14366;4;4;31-07-2028;3;75.0
14367;4;11;20-09-2028;2;240.0
14368;4;11;16-06-2027;10;1200.0
14369;2;1;02-12-2029;1;1200.0
14370;6;4;10-05-2029;6;150.0
14371;3;2;23-08-2029;4;3200.0
14372;3;4;14-05-2030;8;200.0
14373;1;10;02-05-2027;8;640.0
14374;2;4;03-12-2027;10;250.0
14375;4;11;01-10-2026;10;1200.0
14376;5;3;10-05-2027;3;1500.0
14377;6;5;29-10-2030;3;150.0
14378;3;12;24-01-2027;2;60.0
14379;3;2;06-11-2027;5;4000.0
14380;2;12;19-02-2027;5;150.0
14381;5;9;30-12-2029;4;1000.0
14382;5;9;23-03-2029;10;2500.0
14383;6;2;24-02-2028;7;5600.0
14384;4;4;16-02-2028;1;25.0
14385;5;1;13-04-2028;5;6000.0
14386;1;1;20-10-2026;9;10800.0
14387;6;8;09-11-2028;3;210.0
14388;6;4;01-12-2029;3;75.0
14389;5;5;14-07-2026;5;250.0
14390;1;7;06-08-2030;8;1200.0
14391;2;7;10-07-2027;6;900.0
14392;6;7;14-02-2028;4;600.0
14393;4;7;29-01-2028;2;300.0
14394;3;5;08-02-2028;8;400.0
14395;5;1;28-02-2026;5;6000.0
14396;2;10;04-04-2029;6;480.0
14397;5;10;12-06-2030;7;560.0
14398;4;3;12-09-2027;6;3000.0
14399;4;6;03-01-2027;10;3000.0
14400;2;2;20-08-2026;8;6400.0
14401;3;2;21-09-2029;6;4800.0
14402;6;5;20-04-2029;5;250.0
14403;2;6;21-03-2029;2;600.0
14404;5;2;14-09-2027;3;2400.0
14405;2;11;11-09-2030;2;240.0
14406;5;6;17-11-2027;7;2100.0
14407;3;2;02-12-2028;2;1600.0
14408;5;6;08-04-2028;1;300.0
14409;5;3;09-02-2028;6;3000.0
14410;4;11;01-01-2029;10;1200.0
14411;6;1;02-07-2028;7;8400.0
14412;2;4;22-11-2030;8;200.0
14413;3;11;06-03-2030;10;1200.0
14414;4;10;02-06-2028;2;160.0
14415;1;5;10-04-2028;10;500.0
14416;6;3;31-12-2026;4;2000.0
14417;5;9;29-08-2028;4;1000.0
14418;1;12;14-02-2027;8;240.0
14419;5;1;10-06-2028;10;12000.0
14420;6;12;18-12-2028;10;300.0
14421;2;3;28-09-2027;3;1500.0
14422;3;8;04-10-2026;7;490.0
14423;6;5;03-06-2026;3;150.0
14424;2;12;04-09-2027;9;270.0
14425;1;5;21-04-2029;6;300.0
14426;3;8;07-08-2026;1;70.0
14427;4;9;08-03-2026;6;1500.0
14428;4;6;18-10-2026;8;2400.0
14429;6;10;20-08-2028;10;800.0
14430;4;12;04-09-2026;7;210.0
14431;2;1;09-02-2030;9;10800.0
14432;3;5;01-08-2026;7;350.0
14433;5;4;15-12-2026;7;175.0
14434;6;8;15-11-2028;4;280.0
14435;4;6;15-10-2029;7;2100.0
14436;3;2;26-04-2029;5;4000.0
14437;6;10;06-07-2029;4;320.0
14438;2;12;16-07-2026;9;270.0
14439;5;4;16-02-2026;7;175.0
14440;3;10;24-03-2028;10;800.0
14441;1;11;25-09-2027;3;360.0
14442;5;10;20-06-2030;7;560.0
14443;4;10;12-08-2029;6;480.0
14444;1;8;05-06-2027;5;350.0
14445;2;3;24-12-2026;5;2500.0
14446;3;12;26-09-2029;8;240.0
14447;5;7;08-10-2030;1;150.0
14448;1;11;03-11-2028;2;240.0
14449;3;3;15-12-2029;5;2500.0
14450;4;12;25-01-2028;1;30.0
14451;4;6;02-07-2027;1;300.0
14452;5;3;08-11-2028;4;2000.0
14453;1;3;17-06-2029;9;4500.0
14454;3;1;12-05-2027;6;7200.0
14455;4;6;17-05-2027;1;300.0
14456;4;10;18-05-2029;4;320.0
14457;6;2;11-12-2028;1;800.0
14458;2;2;07-12-2027;10;8000.0
14459;5;9;31-03-2029;7;1750.0
14460;1;10;15-08-2026;5;400.0
14461;3;12;20-07-2030;4;120.0
14462;6;4;05-12-2029;1;25.0
14463;5;3;02-02-2028;9;4500.0
14464;6;8;11-04-2030;4;280.0
14465;3;12;21-04-2030;6;180.0
14466;4;11;23-12-2028;9;1080.0
14467;1;2;10-01-2027;5;4000.0
14468;1;7;07-09-2026;3;450.0
14469;1;2;09-01-2028;4;3200.0
14470;4;12;11-10-2029;3;90.0
14471;6;1;17-05-2027;6;7200.0
14472;4;4;06-06-2026;5;125.0
14473;4;9;05-11-2026;10;2500.0
14474;6;7;17-12-2028;1;150.0
14475;1;10;06-12-2028;6;480.0
14476;4;3;03-04-2028;1;500.0
14477;6;4;26-11-2029;10;250.0
14478;3;7;26-04-2026;1;150.0
14479;6;11;05-06-2028;6;720.0
14480;3;12;09-10-2028;7;210.0
14481;6;2;23-11-2026;10;8000.0
14482;6;4;16-02-2028;7;175.0
14483;2;9;10-01-2030;8;2000.0
14484;3;8;17-10-2030;3;210.0
14485;4;6;11-04-2026;10;3000.0
14486;5;10;24-10-2027;3;240.0
14487;3;1;28-02-2027;8;9600.0
14488;2;2;14-11-2028;2;1600.0
14489;4;7;03-08-2026;2;300.0
14490;1;10;30-06-2026;1;80.0
14491;5;9;30-07-2027;7;1750.0
14492;1;8;02-09-2029;1;70.0
14493;5;11;01-03-2029;8;960.0
14494;4;1;31-03-2027;7;8400.0
14495;1;5;22-03-2028;8;400.0
14496;6;2;13-11-2029;7;5600.0
14497;3;12;23-06-2028;3;90.0
14498;4;5;07-01-2027;9;450.0
14499;5;12;07-06-2030;4;120.0
14500;2;1;27-01-2029;8;9600.0
14501;1;4;18-02-2030;7;175.0
14502;6;7;19-04-2026;2;300.0
14503;3;3;06-08-2027;10;5000.0
14504;6;1;08-11-2029;2;2400.0
14505;3;11;29-08-2030;5;600.0
14506;5;2;06-04-2027;6;4800.0
14507;3;4;04-10-2029;6;150.0
14508;2;2;06-10-2028;8;6400.0
14509;2;5;20-09-2028;7;350.0
14510;6;5;19-04-2028;10;500.0
14511;5;5;19-02-2027;6;300.0
14512;6;7;11-02-2029;5;750.0
14513;6;12;16-08-2026;7;210.0
14514;2;9;21-09-2030;9;2250.0
14515;3;1;22-12-2028;2;2400.0
14516;6;4;25-12-2027;10;250.0
14517;4;5;30-01-2027;8;400.0
14518;4;5;26-11-2027;10;500.0
14519;1;6;17-03-2026;2;600.0
14520;5;7;04-06-2029;1;150.0
14521;6;2;03-01-2027;7;5600.0
14522;6;9;09-03-2029;5;1250.0
14523;6;9;08-10-2026;2;500.0
14524;2;7;01-08-2029;6;900.0
14525;2;12;24-04-2026;10;300.0
14526;4;7;29-12-2029;5;750.0
14527;3;12;26-09-2030;5;150.0
14528;2;1;04-07-2026;5;6000.0
14529;4;7;27-05-2029;7;1050.0
14530;6;7;07-11-2026;9;1350.0
14531;3;6;05-08-2027;9;2700.0
14532;4;5;30-04-2027;8;400.0
14533;4;8;22-03-2028;5;350.0
14534;4;11;04-09-2029;4;480.0
14535;3;10;29-10-2030;7;560.0
14536;2;2;05-09-2029;6;4800.0
14537;5;1;21-08-2028;10;12000.0
14538;4;5;07-12-2030;3;150.0
14539;2;3;20-03-2028;1;500.0
14540;2;9;06-09-2029;7;1750.0
14541;1;9;30-11-2026;3;750.0
14542;3;10;02-10-2028;5;400.0
14543;3;6;29-06-2026;1;300.0
14544;3;10;05-04-2029;3;240.0
14545;5;12;20-12-2026;10;300.0
14546;1;8;10-09-2029;8;560.0
14547;5;10;06-01-2030;4;320.0
14548;3;10;04-06-2026;8;640.0
14549;2;3;22-04-2026;10;5000.0
14550;3;11;20-11-2029;10;1200.0
14551;3;6;02-02-2029;2;600.0
14552;4;5;02-05-2026;9;450.0
14553;6;10;10-03-2028;6;480.0
14554;6;1;10-07-2028;10;12000.0
14555;5;7;13-11-2029;5;750.0
14556;4;10;02-06-2030;4;320.0
14557;2;2;11-01-2030;1;800.0
14558;2;1;28-09-2027;10;12000.0
14559;2;8;08-02-2029;7;490.0
14560;5;1;10-08-2029;3;3600.0
14561;3;9;05-03-2029;6;1500.0
14562;5;12;03-04-2026;9;270.0
14563;4;5;30-11-2030;10;500.0
14564;5;4;22-05-2029;9;225.0
14565;6;3;05-10-2028;3;1500.0
14566;1;2;15-05-2027;4;3200.0
14567;4;8;01-02-2029;7;490.0
14568;1;2;23-09-2029;1;800.0
14569;6;4;04-09-2027;6;150.0
14570;6;2;06-01-2030;4;3200.0
14571;6;7;16-02-2030;3;450.0
14572;3;2;14-09-2026;10;8000.0
14573;5;5;21-04-2026;1;50.0
14574;2;11;23-11-2030;7;840.0
14575;2;4;25-07-2028;3;75.0
14576;3;11;18-12-2030;9;1080.0
14577;3;5;22-03-2030;5;250.0
14578;5;3;06-07-2027;10;5000.0
14579;5;11;24-12-2028;6;720.0
14580;5;10;20-06-2026;6;480.0
14581;2;4;19-03-2028;2;50.0
14582;4;12;07-12-2026;4;120.0
14583;2;3;04-03-2027;9;4500.0
14584;2;5;08-06-2030;2;100.0
14585;3;8;05-02-2028;4;280.0
14586;6;9;24-01-2028;9;2250.0
14587;6;1;13-04-2028;8;9600.0
14588;3;2;26-01-2028;4;3200.0
14589;1;11;11-11-2027;5;600.0
14590;4;9;13-05-2026;3;750.0
14591;3;4;22-10-2027;7;175.0
14592;5;6;04-08-2030;9;2700.0
14593;3;7;02-08-2029;4;600.0
14594;2;5;02-09-2026;4;200.0
14595;6;1;24-09-2028;8;9600.0
14596;2;10;24-03-2029;1;80.0
14597;6;10;05-07-2030;8;640.0
14598;4;12;23-08-2028;4;120.0
14599;4;4;04-07-2029;5;125.0
14600;3;4;25-10-2026;7;175.0
14601;6;12;24-10-2029;10;300.0
14602;3;2;14-10-2027;10;8000.0
14603;6;10;13-01-2030;9;720.0
14604;1;5;07-03-2026;3;150.0
14605;2;4;13-05-2028;4;100.0
14606;2;2;02-04-2027;4;3200.0
14607;5;9;16-03-2030;10;2500.0
14608;2;2;20-02-2027;8;6400.0
14609;2;10;06-03-2029;6;480.0
14610;1;11;09-05-2026;8;960.0
14611;4;6;18-11-2028;7;2100.0
14612;4;5;23-12-2027;2;100.0
14613;6;9;28-10-2028;3;750.0
14614;3;6;17-03-2030;10;3000.0
14615;6;11;29-07-2029;9;1080.0
14616;2;2;16-07-2027;10;8000.0
14617;3;4;19-05-2028;8;200.0
14618;1;4;05-12-2026;8;200.0
14619;3;10;03-07-2028;10;800.0
14620;2;2;08-10-2028;7;5600.0
14621;5;8;04-09-2026;7;490.0
14622;1;4;01-04-2026;2;50.0
14623;2;11;13-06-2029;9;1080.0
14624;6;7;10-10-2030;7;1050.0
14625;5;5;20-04-2028;2;100.0
14626;1;10;29-03-2026;6;480.0
14627;3;10;30-05-2030;8;640.0
14628;2;4;18-04-2028;10;250.0
14629;4;10;10-08-2028;7;560.0
14630;2;8;09-07-2030;4;280.0
14631;5;3;28-06-2026;9;4500.0
14632;6;2;07-05-2029;4;3200.0
14633;4;11;23-10-2027;8;960.0
14634;2;5;26-01-2029;1;50.0
14635;1;3;30-04-2029;4;2000.0
14636;3;3;08-05-2026;9;4500.0
14637;6;7;20-01-2027;6;900.0
14638;5;1;14-11-2029;3;3600.0
14639;1;10;26-02-2030;3;240.0
14640;1;5;22-03-2026;6;300.0
14641;4;8;18-03-2029;5;350.0
14642;3;11;17-07-2026;7;840.0
14643;4;6;30-08-2027;7;2100.0
14644;2;9;08-05-2027;10;2500.0
14645;3;5;20-08-2027;8;400.0
14646;4;6;16-10-2028;6;1800.0
14647;1;8;27-09-2027;8;560.0
14648;6;9;08-11-2026;10;2500.0
14649;3;6;16-12-2029;10;3000.0
14650;4;9;30-10-2030;10;2500.0
14651;6;12;09-01-2030;4;120.0
14652;2;7;22-10-2026;7;1050.0
14653;5;2;20-06-2030;8;6400.0
14654;4;4;09-10-2029;4;100.0
14655;4;5;29-10-2030;3;150.0
14656;4;8;30-01-2027;1;70.0
14657;4;7;13-01-2029;6;900.0
14658;6;12;27-04-2028;9;270.0
14659;6;4;05-01-2029;8;200.0
14660;4;3;23-09-2027;8;4000.0
14661;5;4;24-10-2027;5;125.0
14662;2;2;07-11-2026;7;5600.0
14663;2;2;23-06-2026;2;1600.0
14664;4;5;08-04-2027;2;100.0
14665;1;10;12-04-2026;6;480.0
14666;5;1;31-03-2027;2;2400.0
14667;1;2;22-11-2027;4;3200.0
14668;2;3;01-03-2027;9;4500.0
14669;4;1;19-10-2029;7;8400.0
14670;1;4;13-05-2027;6;150.0
14671;2;1;18-06-2026;1;1200.0
14672;1;4;29-07-2028;6;150.0
14673;3;7;24-08-2027;10;1500.0
14674;1;3;04-05-2026;10;5000.0
14675;5;6;24-09-2028;8;2400.0
14676;1;10;12-03-2029;8;640.0
14677;2;4;17-02-2030;8;200.0
14678;3;1;23-12-2029;2;2400.0
14679;6;9;06-04-2027;10;2500.0
14680;1;6;16-11-2028;4;1200.0
14681;3;6;08-10-2029;10;3000.0
14682;1;6;26-12-2028;7;2100.0
14683;3;10;17-12-2029;6;480.0
14684;3;11;23-01-2027;3;360.0
14685;2;8;20-11-2028;7;490.0
14686;5;8;04-12-2030;3;210.0
14687;3;2;02-01-2028;2;1600.0
14688;6;2;22-05-2029;6;4800.0
14689;2;6;10-09-2030;7;2100.0
14690;1;1;27-04-2028;4;4800.0
14691;2;5;21-12-2030;6;300.0
14692;6;3;16-09-2027;7;3500.0
14693;6;9;03-09-2030;3;750.0
14694;3;9;27-03-2030;1;250.0
14695;1;4;17-03-2030;2;50.0
14696;6;11;24-02-2029;3;360.0
14697;2;3;06-08-2029;10;5000.0
14698;6;3;18-03-2027;10;5000.0
14699;1;5;31-01-2029;8;400.0
14700;6;1;24-07-2029;5;6000.0
14701;4;9;03-05-2026;6;1500.0
14702;1;6;07-10-2026;10;3000.0
14703;6;8;20-02-2026;2;140.0
14704;1;1;14-05-2029;7;8400.0
14705;6;9;10-09-2028;5;1250.0
14706;5;11;14-02-2029;8;960.0
14707;5;12;24-07-2028;4;120.0
14708;4;5;24-03-2030;8;400.0
14709;2;7;24-05-2029;5;750.0
14710;3;3;22-06-2027;6;3000.0
14711;4;11;07-09-2029;7;840.0
14712;5;1;11-07-2030;10;12000.0
14713;6;2;27-05-2029;5;4000.0
14714;5;7;23-01-2030;3;450.0
14715;6;4;31-08-2029;1;25.0
14716;4;10;14-01-2027;2;160.0
14717;1;8;23-05-2026;4;280.0
14718;2;9;12-04-2027;1;250.0
14719;3;8;12-06-2028;4;280.0
14720;4;10;07-03-2027;6;480.0
14721;4;4;11-08-2027;8;200.0
14722;2;6;30-09-2030;10;3000.0
14723;5;2;22-10-2027;2;1600.0
14724;2;6;05-08-2027;8;2400.0
14725;1;12;28-09-2026;9;270.0
14726;4;5;01-02-2028;6;300.0
14727;6;5;13-10-2029;4;200.0
14728;2;3;25-03-2026;3;1500.0
14729;6;8;04-11-2028;4;280.0
14730;3;6;03-09-2026;3;900.0
14731;1;7;24-10-2027;8;1200.0
14732;6;2;31-07-2027;1;800.0
14733;6;10;04-05-2028;3;240.0
14734;4;3;30-07-2030;7;3500.0
14735;4;4;24-10-2030;2;50.0
14736;3;6;31-03-2027;4;1200.0
14737;6;2;01-01-2029;4;3200.0
14738;3;9;05-04-2027;8;2000.0
14739;1;6;03-12-2029;2;600.0
14740;2;7;14-09-2028;2;300.0
14741;2;6;03-09-2026;3;900.0
14742;1;9;11-05-2026;3;750.0
14743;1;6;17-08-2029;2;600.0
14744;6;12;03-04-2029;8;240.0
14745;1;1;08-10-2027;10;12000.0
14746;2;6;06-08-2027;7;2100.0
14747;6;6;02-05-2028;2;600.0
14748;3;6;06-07-2030;3;900.0
14749;6;5;26-09-2027;1;50.0
14750;3;6;06-12-2029;2;600.0
14751;6;5;21-02-2030;3;150.0
14752;3;10;24-01-2029;6;480.0
14753;3;6;21-11-2027;6;1800.0
14754;3;6;12-10-2027;1;300.0
14755;2;1;22-03-2026;9;10800.0
14756;3;12;20-08-2028;8;240.0
14757;2;7;22-01-2029;5;750.0
14758;4;11;31-03-2030;5;600.0
14759;6;7;12-06-2030;2;300.0
14760;6;8;05-04-2026;10;700.0
14761;1;9;24-02-2027;10;2500.0
14762;1;7;19-04-2026;9;1350.0
14763;6;4;20-12-2026;1;25.0
14764;2;6;26-05-2029;8;2400.0
14765;4;7;26-03-2026;7;1050.0
14766;2;5;19-01-2030;3;150.0
14767;6;6;20-02-2026;3;900.0
14768;4;3;21-12-2026;10;5000.0
14769;1;9;10-08-2029;3;750.0
14770;2;10;06-03-2030;4;320.0
14771;5;4;12-05-2028;4;100.0
14772;6;8;08-10-2030;1;70.0
14773;2;2;28-06-2028;1;800.0
14774;5;4;19-04-2028;7;175.0
14775;2;11;07-11-2028;2;240.0
14776;4;10;12-06-2030;10;800.0
14777;1;1;09-02-2030;10;12000.0
14778;5;9;10-11-2027;5;1250.0
14779;5;6;14-10-2027;6;1800.0
14780;6;11;30-11-2027;5;600.0
14781;1;12;11-09-2027;2;60.0
14782;2;3;16-07-2030;7;3500.0
14783;5;2;01-12-2027;5;4000.0
14784;6;7;26-05-2026;1;150.0
14785;1;5;31-03-2028;10;500.0
14786;6;1;02-04-2029;9;10800.0
14787;5;12;13-01-2027;3;90.0
14788;4;3;01-07-2027;4;2000.0
14789;4;6;22-07-2027;9;2700.0
14790;5;12;16-02-2028;8;240.0
14791;6;3;25-07-2028;9;4500.0
14792;2;6;30-07-2029;9;2700.0
14793;4;12;15-06-2030;10;300.0
14794;6;8;07-01-2028;4;280.0
14795;5;1;03-01-2029;7;8400.0
14796;3;4;03-03-2030;6;150.0
14797;3;7;11-09-2030;3;450.0
14798;1;4;31-12-2026;3;75.0
14799;3;11;29-12-2029;3;360.0
14800;3;6;28-09-2026;10;3000.0
14801;1;10;10-10-2026;1;80.0
14802;5;8;07-07-2028;7;490.0
14803;4;2;20-08-2030;7;5600.0
14804;2;12;12-12-2029;9;270.0
14805;3;6;30-09-2028;2;600.0
14806;5;4;16-12-2029;10;250.0
14807;1;3;28-07-2027;4;2000.0
14808;3;5;15-01-2028;4;200.0
14809;3;12;25-06-2029;8;240.0
14810;2;3;23-05-2026;2;1000.0
14811;5;4;23-06-2028;10;250.0
14812;4;11;05-01-2029;6;720.0
14813;2;6;24-11-2030;7;2100.0
14814;2;9;10-02-2030;3;750.0
14815;6;6;17-02-2029;1;300.0
14816;1;10;18-03-2028;8;640.0
14817;6;4;19-01-2030;7;175.0
14818;1;7;14-11-2027;3;450.0
14819;2;6;02-01-2029;7;2100.0
14820;6;6;09-09-2029;8;2400.0
14821;3;5;30-05-2027;7;350.0
14822;1;9;25-12-2030;8;2000.0
14823;5;4;15-12-2029;7;175.0
14824;1;4;10-01-2027;8;200.0
14825;5;4;13-11-2027;8;200.0
14826;4;2;04-03-2030;10;8000.0
14827;1;7;22-10-2027;6;900.0
14828;3;6;27-03-2026;5;1500.0
14829;2;7;21-06-2027;8;1200.0
14830;4;7;08-01-2030;8;1200.0
14831;6;10;19-10-2030;6;480.0
14832;1;7;16-07-2028;9;1350.0
14833;6;3;09-07-2030;5;2500.0
14834;2;4;04-08-2027;6;150.0
14835;4;8;28-10-2029;1;70.0
14836;2;9;28-12-2026;1;250.0
14837;6;4;08-03-2027;9;225.0
14838;6;4;05-09-2027;2;50.0
14839;2;3;20-02-2028;5;2500.0
14840;4;4;16-09-2030;9;225.0
14841;6;4;22-02-2028;3;75.0
14842;1;12;01-06-2026;4;120.0
14843;5;9;03-12-2026;4;1000.0
14844;3;1;13-07-2027;9;10800.0
14845;6;12;24-05-2027;7;210.0
14846;1;8;30-07-2030;10;700.0
14847;6;10;03-05-2028;5;400.0
14848;1;11;24-03-2030;2;240.0
14849;2;6;21-02-2028;9;2700.0
14850;2;11;08-09-2030;4;480.0
14851;2;8;02-05-2029;6;420.0
14852;5;1;27-10-2027;1;1200.0
14853;1;11;27-08-2027;9;1080.0
14854;1;1;10-01-2027;9;10800.0
14855;1;10;05-09-2028;1;80.0
14856;4;12;20-12-2028;6;180.0
14857;3;7;19-04-2029;3;450.0
14858;5;1;15-06-2028;5;6000.0
14859;1;8;16-03-2028;9;630.0
14860;3;8;02-10-2028;1;70.0
14861;1;1;25-06-2030;1;1200.0
14862;4;12;09-08-2027;1;30.0
14863;3;1;19-10-2026;6;7200.0
14864;4;6;14-03-2029;2;600.0
14865;3;2;06-08-2030;5;4000.0
14866;4;3;15-11-2027;4;2000.0
14867;6;2;18-05-2027;3;2400.0
14868;2;12;23-11-2027;6;180.0
14869;2;8;27-08-2028;7;490.0
14870;6;5;12-01-2028;8;400.0
14871;3;9;25-07-2028;2;500.0
14872;5;9;25-08-2027;9;2250.0
14873;2;2;16-04-2029;9;7200.0
14874;5;1;27-08-2029;6;7200.0
14875;1;1;18-06-2030;4;4800.0
14876;1;5;01-11-2027;10;500.0
14877;3;12;14-11-2029;1;30.0
14878;6;6;12-07-2030;7;2100.0
14879;6;4;11-05-2029;6;150.0
14880;5;4;01-06-2029;6;150.0
14881;4;9;05-09-2030;10;2500.0
14882;2;7;07-01-2030;5;750.0
14883;5;1;22-04-2026;5;6000.0
14884;2;10;29-07-2028;1;80.0
14885;6;12;01-10-2030;8;240.0
14886;5;12;28-06-2030;3;90.0
14887;6;9;24-09-2029;3;750.0
14888;5;10;06-06-2030;5;400.0
14889;2;6;25-08-2027;2;600.0
14890;5;3;06-07-2029;6;3000.0
14891;4;11;03-11-2029;2;240.0
14892;4;1;27-08-2027;2;2400.0
14893;2;1;09-01-2028;5;6000.0
14894;1;4;20-02-2026;2;50.0
14895;2;9;07-06-2029;8;2000.0
14896;5;5;25-10-2027;2;100.0
14897;3;3;08-07-2029;4;2000.0
14898;3;1;17-11-2030;4;4800.0
14899;6;10;06-07-2027;8;640.0
14900;6;4;01-12-2028;2;50.0
14901;5;11;25-12-2030;5;600.0
14902;1;4;07-06-2028;5;125.0
14903;4;10;10-12-2026;2;160.0
14904;1;7;14-04-2030;7;1050.0
14905;1;11;29-07-2029;10;1200.0
14906;5;12;09-03-2030;10;300.0
14907;5;4;19-08-2027;1;25.0
14908;3;10;21-02-2029;1;80.0
14909;1;7;21-05-2029;1;150.0
14910;3;12;04-06-2026;6;180.0
14911;3;9;17-09-2029;3;750.0
14912;4;2;14-12-2029;10;8000.0
14913;5;2;19-06-2029;3;2400.0
14914;3;6;14-07-2030;2;600.0
14915;3;5;22-11-2030;3;150.0
14916;6;4;09-11-2028;7;175.0
14917;6;6;16-11-2028;4;1200.0
14918;5;4;01-09-2027;7;175.0
14919;4;7;27-01-2030;7;1050.0
14920;3;3;18-12-2028;7;3500.0
14921;2;12;20-11-2027;6;180.0
14922;3;5;26-08-2029;10;500.0
14923;5;5;17-11-2028;6;300.0
14924;4;7;22-05-2027;6;900.0
14925;5;1;19-05-2029;4;4800.0
14926;2;10;26-08-2029;9;720.0
14927;1;5;11-06-2027;2;100.0
14928;2;4;01-11-2026;8;200.0
14929;6;8;22-10-2028;9;630.0
14930;6;12;13-11-2029;1;30.0
14931;3;9;24-01-2027;8;2000.0
14932;5;12;22-06-2027;1;30.0
14933;4;2;11-06-2029;3;2400.0
14934;4;6;12-12-2027;5;1500.0
14935;5;4;04-04-2027;1;25.0
14936;6;12;28-09-2029;2;60.0
14937;3;9;20-12-2029;3;750.0
14938;1;7;24-02-2030;2;300.0
14939;3;10;16-11-2026;3;240.0
14940;5;2;23-03-2029;6;4800.0
14941;5;6;07-03-2028;7;2100.0
14942;3;6;23-01-2030;2;600.0
14943;3;8;28-12-2026;3;210.0
14944;1;12;11-11-2028;6;180.0
14945;1;4;07-05-2027;7;175.0
14946;6;8;02-05-2029;4;280.0
14947;5;10;10-01-2028;9;720.0
14948;3;8;12-11-2028;1;70.0
14949;4;1;26-12-2029;6;7200.0
14950;4;11;26-05-2028;10;1200.0
14951;2;1;22-04-2030;3;3600.0
14952;2;4;13-04-2030;8;200.0
14953;6;3;24-07-2027;6;3000.0
14954;3;7;08-01-2030;8;1200.0
14955;5;5;10-08-2030;5;250.0
14956;1;7;28-02-2027;8;1200.0
14957;3;10;09-02-2027;5;400.0
14958;4;6;03-02-2028;8;2400.0
14959;2;10;03-03-2030;6;480.0
14960;3;5;04-08-2029;8;400.0
14961;6;2;11-07-2030;6;4800.0
14962;6;5;10-05-2026;2;100.0
14963;4;12;19-10-2028;2;60.0
14964;5;10;26-10-2030;1;80.0
14965;3;9;07-11-2029;4;1000.0
14966;6;2;25-08-2027;4;3200.0
14967;3;8;17-08-2026;4;280.0
14968;3;2;17-09-2029;7;5600.0
14969;4;3;28-07-2027;3;1500.0
14970;5;1;01-07-2029;4;4800.0
14971;5;11;03-04-2027;4;480.0
14972;4;10;31-10-2029;8;640.0
14973;3;8;27-09-2027;1;70.0
14974;6;9;31-10-2028;7;1750.0
14975;2;8;24-08-2030;4;280.0
14976;6;2;13-03-2026;1;800.0
14977;2;11;27-08-2030;1;120.0
14978;6;2;24-01-2029;9;7200.0
14979;1;5;30-04-2026;1;50.0
14980;4;11;05-04-2029;2;240.0
14981;5;2;31-03-2027;6;4800.0
14982;5;5;26-07-2026;1;50.0
14983;4;10;27-10-2026;3;240.0
14984;5;11;03-10-2026;7;840.0
14985;4;4;11-05-2027;4;100.0
14986;6;12;29-04-2029;4;120.0
14987;1;12;08-06-2030;8;240.0
14988;5;11;21-12-2026;2;240.0
14989;5;10;22-04-2026;4;320.0
14990;3;8;07-05-2027;4;280.0
14991;2;10;16-09-2026;8;640.0
14992;4;5;24-11-2027;7;350.0
14993;6;3;13-06-2030;5;2500.0
14994;5;4;12-10-2029;8;200.0
14995;3;1;26-09-2030;9;10800.0
14996;3;7;18-02-2029;6;900.0
14997;5;7;08-09-2028;7;1050.0
14998;5;10;29-12-2027;3;240.0
14999;3;2;28-10-2029;8;6400.0
15000;5;5;28-12-2030;3;150.0
15001;1;7;23-11-2030;8;1200.0
15002;5;12;24-06-2028;7;210.0
15003;4;10;09-10-2026;5;400.0
15004;5;11;03-10-2026;10;1200.0
15005;6;9;25-05-2026;3;750.0
15006;5;4;22-04-2030;2;50.0
15007;2;11;25-09-2030;7;840.0
15008;5;10;15-05-2026;7;560.0
15009;1;7;23-04-2027;1;150.0
15010;2;6;21-12-2029;10;3000.0
15011;1;8;21-03-2029;5;350.0
15012;1;8;12-03-2030;10;700.0
15013;3;8;30-07-2027;3;210.0
15014;1;9;25-05-2029;1;250.0
15015;1;4;15-03-2026;8;200.0
15016;5;9;13-06-2027;6;1500.0
15017;5;11;22-10-2028;2;240.0
15018;2;3;17-04-2029;2;1000.0
15019;5;12;10-07-2028;5;150.0
15020;2;6;05-07-2028;6;1800.0
15021;6;6;21-05-2026;3;900.0
15022;5;5;17-03-2030;6;300.0
15023;3;6;03-10-2030;4;1200.0
15024;4;2;28-11-2026;1;800.0
15025;3;4;12-08-2028;4;100.0
15026;5;7;21-02-2027;4;600.0
15027;5;4;25-02-2026;10;250.0
15028;1;4;06-09-2027;7;175.0
15029;1;3;09-05-2030;1;500.0
15030;2;10;13-09-2030;3;240.0
15031;4;5;07-04-2029;5;250.0
15032;3;10;15-07-2027;8;640.0
15033;2;3;11-11-2030;5;2500.0
15034;3;5;21-10-2028;3;150.0
15035;5;5;31-05-2028;2;100.0
15036;1;10;01-05-2029;9;720.0
15037;6;6;23-01-2030;10;3000.0
15038;6;9;18-10-2028;10;2500.0
15039;2;3;29-05-2026;8;4000.0
15040;6;2;01-03-2026;4;3200.0
15041;3;2;18-04-2026;1;800.0
15042;4;8;11-12-2026;6;420.0
15043;3;8;28-04-2026;6;420.0
15044;5;8;10-12-2027;6;420.0
15045;6;8;28-07-2030;2;140.0
15046;3;7;14-04-2029;6;900.0
15047;5;2;06-04-2026;8;6400.0
15048;2;5;01-03-2029;8;400.0
15049;4;3;30-08-2027;1;500.0
15050;3;5;13-03-2027;4;200.0
15051;5;11;01-12-2026;7;840.0
15052;5;9;06-03-2027;8;2000.0
15053;5;10;19-03-2026;9;720.0
15054;5;10;18-05-2027;9;720.0
15055;5;5;13-09-2028;3;150.0
15056;3;9;24-07-2030;5;1250.0
15057;3;12;11-10-2026;4;120.0
15058;3;2;15-01-2030;1;800.0
15059;5;2;03-03-2029;8;6400.0
15060;6;4;01-05-2030;2;50.0
15061;5;9;09-03-2027;8;2000.0
15062;4;6;28-10-2027;6;1800.0
15063;6;6;07-07-2029;2;600.0
15064;3;9;05-10-2030;7;1750.0
15065;3;10;01-05-2027;2;160.0
15066;6;12;01-08-2030;8;240.0
15067;4;2;15-09-2027;6;4800.0
15068;4;6;22-05-2027;5;1500.0
15069;4;2;02-11-2026;1;800.0
15070;6;1;02-05-2026;7;8400.0
15071;5;10;22-05-2026;3;240.0
15072;5;2;05-05-2026;5;4000.0
15073;5;10;12-06-2029;9;720.0
15074;1;6;23-08-2030;5;1500.0
15075;2;6;07-12-2028;7;2100.0
15076;2;7;23-01-2029;4;600.0
15077;4;1;25-06-2029;9;10800.0
15078;4;3;09-08-2029;6;3000.0
15079;5;5;05-06-2029;10;500.0
15080;6;7;06-09-2027;6;900.0
15081;4;5;23-07-2026;2;100.0
15082;2;9;13-09-2028;10;2500.0
15083;6;12;12-08-2030;9;270.0
15084;5;4;18-11-2029;3;75.0
15085;3;10;02-07-2026;2;160.0
15086;3;8;20-10-2030;9;630.0
15087;6;2;20-02-2030;1;800.0
15088;3;10;09-09-2027;7;560.0
15089;3;10;01-08-2028;3;240.0
15090;4;5;19-03-2026;5;250.0
15091;6;7;12-08-2027;6;900.0
15092;2;9;27-05-2029;6;1500.0
15093;2;3;14-10-2027;8;4000.0
15094;3;10;06-01-2029;2;160.0
15095;3;6;15-08-2028;10;3000.0
15096;4;2;04-06-2026;8;6400.0
15097;2;1;12-05-2029;4;4800.0
15098;3;6;05-09-2027;10;3000.0
15099;2;5;14-12-2027;1;50.0
15100;5;2;13-10-2030;5;4000.0
15101;3;12;05-01-2028;9;270.0
15102;3;8;05-09-2029;10;700.0
15103;3;11;24-01-2028;3;360.0
15104;3;7;18-09-2029;6;900.0
15105;4;5;24-04-2026;5;250.0
15106;6;5;26-04-2030;1;50.0
15107;1;7;09-06-2028;7;1050.0
15108;2;1;10-05-2030;3;3600.0
15109;1;6;27-10-2028;10;3000.0
15110;2;6;19-05-2030;1;300.0
15111;4;11;12-09-2029;2;240.0
15112;2;8;13-03-2030;3;210.0
15113;4;12;22-10-2028;5;150.0
15114;4;11;09-09-2026;5;600.0
15115;6;2;26-07-2028;8;6400.0
15116;2;7;27-02-2029;8;1200.0
15117;2;1;18-10-2028;7;8400.0
15118;2;12;17-02-2026;3;90.0
15119;2;8;25-02-2029;6;420.0
15120;3;9;12-08-2030;2;500.0
15121;5;8;08-03-2030;4;280.0
15122;6;10;04-09-2029;3;240.0
15123;3;12;28-10-2027;3;90.0
15124;6;12;28-03-2029;6;180.0
15125;6;7;15-07-2028;10;1500.0
15126;2;8;24-08-2028;3;210.0
15127;5;10;05-05-2029;3;240.0
15128;5;4;21-11-2027;7;175.0
15129;1;11;29-03-2029;3;360.0
15130;5;11;25-11-2027;6;720.0
15131;6;4;29-07-2028;5;125.0
15132;2;6;21-09-2028;7;2100.0
15133;4;3;11-01-2028;10;5000.0
15134;2;9;13-07-2030;8;2000.0
15135;4;8;11-12-2030;3;210.0
15136;4;1;16-09-2028;1;1200.0
15137;4;1;25-12-2027;4;4800.0
15138;5;8;02-04-2027;6;420.0
15139;1;4;04-07-2030;10;250.0
15140;4;7;22-06-2028;2;300.0
15141;2;8;23-12-2029;9;630.0
15142;3;9;20-01-2029;9;2250.0
15143;5;4;01-05-2027;7;175.0
15144;4;5;16-02-2028;5;250.0
15145;5;8;20-06-2030;4;280.0
15146;3;1;29-04-2030;9;10800.0
15147;6;5;24-11-2030;6;300.0
15148;1;5;16-10-2026;9;450.0
15149;2;3;28-12-2028;6;3000.0
15150;6;1;29-09-2027;5;6000.0
15151;6;8;09-11-2030;2;140.0
15152;5;10;15-03-2030;8;640.0
15153;1;12;06-10-2026;2;60.0
15154;4;12;09-02-2028;1;30.0
15155;6;8;09-08-2029;1;70.0
15156;4;10;08-11-2029;8;640.0
15157;2;11;13-10-2026;8;960.0
15158;3;1;04-10-2026;6;7200.0
15159;5;10;25-08-2027;10;800.0
15160;4;4;20-11-2028;1;25.0
15161;5;1;09-10-2026;5;6000.0
15162;4;3;17-06-2026;4;2000.0
15163;5;10;21-04-2027;5;400.0
15164;1;5;10-10-2029;4;200.0
15165;5;7;08-09-2026;1;150.0
15166;5;10;02-12-2030;1;80.0
15167;3;12;11-07-2027;10;300.0
15168;6;4;05-08-2026;1;25.0
15169;4;3;17-04-2029;7;3500.0
15170;6;10;01-12-2030;10;800.0
15171;3;11;23-12-2028;6;720.0
15172;1;3;24-08-2030;4;2000.0
15173;5;11;29-08-2028;3;360.0
15174;1;10;01-10-2030;4;320.0
15175;3;4;19-07-2027;7;175.0
15176;6;7;29-02-2028;2;300.0
15177;3;12;06-11-2028;2;60.0
15178;1;9;01-06-2026;3;750.0
15179;1;1;02-02-2028;8;9600.0
15180;1;8;19-03-2027;2;140.0
15181;4;5;29-01-2027;8;400.0
15182;1;4;21-10-2030;7;175.0
15183;4;9;29-03-2028;7;1750.0
15184;3;11;07-01-2029;6;720.0
15185;6;2;18-06-2029;7;5600.0
15186;5;3;28-11-2029;1;500.0
15187;3;2;14-09-2027;6;4800.0
15188;4;1;24-01-2028;6;7200.0
15189;5;12;03-07-2027;2;60.0
15190;4;5;23-10-2030;7;350.0
15191;4;8;03-06-2027;3;210.0
15192;4;11;01-03-2030;6;720.0
15193;4;2;29-09-2028;8;6400.0
15194;6;8;22-09-2028;7;490.0
15195;5;1;14-09-2030;7;8400.0
15196;3;10;22-05-2029;8;640.0
15197;3;12;14-08-2029;3;90.0
15198;1;8;23-06-2030;7;490.0
15199;2;10;26-12-2029;1;80.0
15200;3;4;22-03-2029;7;175.0
15201;3;9;29-07-2027;5;1250.0
15202;6;12;07-11-2028;7;210.0
15203;2;7;30-11-2028;7;1050.0
15204;6;5;25-10-2030;3;150.0
15205;4;4;15-02-2029;8;200.0
15206;1;3;03-05-2029;4;2000.0
15207;2;8;16-08-2026;10;700.0
15208;5;3;16-03-2026;1;500.0
15209;5;10;28-04-2028;1;80.0
15210;2;4;20-08-2029;3;75.0
15211;6;7;22-02-2030;5;750.0
15212;3;2;21-07-2029;5;4000.0
15213;3;8;08-05-2029;2;140.0
15214;4;9;14-03-2027;2;500.0
15215;2;6;15-04-2028;9;2700.0
15216;3;6;18-07-2029;4;1200.0
15217;6;6;04-08-2029;10;3000.0
15218;3;12;14-02-2027;1;30.0
15219;5;3;23-01-2028;8;4000.0
15220;2;8;17-03-2026;6;420.0
15221;3;11;21-07-2027;1;120.0
15222;5;7;30-04-2026;4;600.0
15223;2;9;20-08-2030;7;1750.0
15224;2;4;01-12-2030;10;250.0
15225;3;2;30-07-2029;10;8000.0
15226;6;8;05-05-2029;1;70.0
15227;5;2;10-08-2026;8;6400.0
15228;5;1;13-03-2030;3;3600.0
15229;1;12;19-05-2030;4;120.0
15230;1;6;11-06-2028;5;1500.0
15231;3;11;22-01-2028;9;1080.0
15232;6;10;08-12-2030;3;240.0
15233;3;12;14-10-2030;6;180.0
15234;3;3;24-02-2028;10;5000.0
15235;3;9;19-05-2030;4;1000.0
15236;5;2;30-07-2028;8;6400.0
15237;5;6;20-07-2028;9;2700.0
15238;5;5;26-03-2028;9;450.0
15239;2;5;02-04-2028;1;50.0
15240;6;6;20-05-2030;2;600.0
15241;3;5;05-03-2028;5;250.0
15242;4;8;01-05-2030;5;350.0
15243;2;6;22-10-2030;7;2100.0
15244;3;11;04-12-2027;10;1200.0
15245;5;4;27-03-2027;10;250.0
15246;5;5;04-08-2030;6;300.0
15247;4;1;09-08-2028;9;10800.0
15248;6;9;24-10-2027;2;500.0
15249;2;7;06-08-2027;6;900.0
15250;5;9;24-09-2027;1;250.0
15251;1;4;09-01-2029;3;75.0
15252;1;6;22-08-2026;1;300.0
15253;5;8;14-10-2030;10;700.0
15254;2;10;08-10-2029;8;640.0
15255;5;3;16-04-2027;8;4000.0
15256;4;1;04-12-2027;5;6000.0
15257;3;11;12-11-2027;8;960.0
15258;3;3;17-12-2030;4;2000.0
15259;1;7;27-12-2030;6;900.0
15260;4;8;19-04-2026;8;560.0
15261;5;8;23-08-2030;4;280.0
15262;6;8;05-09-2027;2;140.0
15263;5;5;31-01-2027;8;400.0
15264;1;1;14-05-2028;3;3600.0
15265;6;6;25-08-2026;2;600.0
15266;3;1;15-12-2026;9;10800.0
15267;3;4;28-04-2026;7;175.0
15268;1;2;06-08-2027;4;3200.0
15269;4;8;02-12-2026;2;140.0
15270;1;5;13-03-2029;7;350.0
15271;1;1;25-05-2030;8;9600.0
15272;2;10;05-10-2027;4;320.0
15273;4;2;18-07-2028;4;3200.0
15274;5;3;25-09-2029;6;3000.0
15275;3;4;08-07-2026;8;200.0
15276;3;3;28-04-2027;1;500.0
15277;6;11;09-09-2027;1;120.0
15278;3;9;04-01-2030;1;250.0
15279;1;8;13-01-2029;7;490.0
15280;2;5;16-04-2028;1;50.0
15281;5;8;23-11-2027;7;490.0
15282;3;3;06-04-2028;10;5000.0
15283;6;5;29-03-2027;8;400.0
15284;2;6;29-03-2028;4;1200.0
15285;4;7;01-05-2030;2;300.0
15286;5;5;04-12-2027;9;450.0
15287;3;1;08-05-2026;9;10800.0
15288;3;6;15-02-2027;9;2700.0
15289;1;9;02-03-2030;4;1000.0
15290;5;2;02-08-2027;5;4000.0
15291;1;10;02-12-2027;10;800.0
15292;6;3;16-09-2030;4;2000.0
15293;5;7;20-06-2030;2;300.0
15294;1;11;20-07-2027;6;720.0
15295;1;9;12-01-2029;4;1000.0
15296;3;1;15-12-2029;2;2400.0
15297;6;9;27-04-2029;3;750.0
15298;1;7;09-03-2030;5;750.0
15299;5;8;05-04-2029;7;490.0
15300;6;11;10-02-2027;2;240.0
15301;2;12;03-06-2026;6;180.0
15302;5;9;01-11-2026;2;500.0
15303;6;7;13-12-2027;7;1050.0
15304;3;6;13-08-2029;2;600.0
15305;5;12;19-10-2028;7;210.0
15306;4;9;06-10-2029;1;250.0
15307;1;11;13-08-2026;2;240.0
15308;6;2;09-07-2026;9;7200.0
15309;4;6;06-07-2030;4;1200.0
15310;6;10;06-07-2030;5;400.0
15311;5;11;10-05-2026;8;960.0
15312;2;5;13-09-2028;8;400.0
15313;1;2;22-05-2027;5;4000.0
15314;1;8;12-07-2028;4;280.0
15315;4;7;21-08-2028;1;150.0
15316;5;1;27-02-2027;9;10800.0
15317;5;6;23-04-2030;9;2700.0
15318;3;11;28-06-2030;4;480.0
15319;2;6;17-11-2030;7;2100.0
15320;4;11;29-04-2026;9;1080.0
15321;5;11;01-04-2026;9;1080.0
15322;5;11;03-11-2026;6;720.0
15323;4;9;17-07-2028;1;250.0
15324;3;10;04-05-2028;3;240.0
15325;1;11;09-03-2028;4;480.0
15326;1;7;08-03-2027;2;300.0
15327;1;9;11-08-2027;3;750.0
15328;1;6;23-07-2027;10;3000.0
15329;3;10;11-04-2026;1;80.0
15330;3;8;09-11-2026;10;700.0
15331;6;2;19-10-2027;6;4800.0
15332;4;9;10-09-2030;3;750.0
15333;6;10;02-04-2027;2;160.0
15334;6;8;25-01-2028;6;420.0
15335;6;10;14-06-2026;9;720.0
15336;1;5;28-02-2029;8;400.0
15337;1;7;04-12-2028;5;750.0
15338;2;12;25-09-2029;7;210.0
15339;6;4;05-03-2028;5;125.0
15340;3;9;09-08-2027;2;500.0
15341;4;7;14-12-2029;10;1500.0
15342;1;8;03-01-2030;4;280.0
15343;5;5;21-06-2029;2;100.0
15344;1;8;02-08-2028;8;560.0
15345;6;6;03-10-2029;8;2400.0
15346;1;2;27-01-2028;4;3200.0
15347;6;6;26-04-2029;3;900.0
15348;1;11;29-04-2026;1;120.0
15349;5;6;28-01-2028;3;900.0
15350;1;11;18-08-2030;10;1200.0
15351;6;2;02-09-2029;3;2400.0
15352;3;9;14-08-2029;9;2250.0
15353;5;7;06-03-2029;9;1350.0
15354;4;4;11-09-2026;5;125.0
15355;6;11;01-07-2028;6;720.0
15356;4;4;17-05-2030;2;50.0
15357;3;2;27-05-2029;7;5600.0
15358;1;11;13-05-2030;2;240.0
15359;5;6;21-06-2027;8;2400.0
15360;2;11;25-03-2027;4;480.0
15361;6;6;29-07-2026;4;1200.0
15362;2;4;24-09-2027;2;50.0
15363;2;2;05-03-2028;4;3200.0
15364;1;7;06-08-2027;4;600.0
15365;3;11;23-07-2028;8;960.0
15366;6;6;12-08-2027;4;1200.0
15367;5;9;03-08-2026;7;1750.0
15368;2;5;24-12-2030;2;100.0
15369;5;8;25-11-2030;8;560.0
15370;4;10;30-05-2026;8;640.0
15371;3;4;11-02-2030;9;225.0
15372;1;8;11-03-2029;2;140.0
15373;4;12;11-07-2030;10;300.0
15374;2;10;10-09-2026;2;160.0
15375;4;10;30-07-2027;3;240.0
15376;3;9;16-06-2029;8;2000.0
15377;2;10;02-02-2027;10;800.0
15378;2;10;23-10-2028;2;160.0
15379;4;9;03-03-2026;9;2250.0
15380;4;4;08-10-2029;9;225.0
15381;1;3;28-07-2028;4;2000.0
15382;3;8;27-08-2027;9;630.0
15383;4;11;27-09-2029;4;480.0
15384;5;4;20-05-2029;3;75.0
15385;3;3;01-03-2030;7;3500.0
15386;2;6;24-04-2029;3;900.0
15387;5;2;05-09-2028;4;3200.0
15388;3;11;22-06-2027;4;480.0
15389;6;4;03-10-2029;1;25.0
15390;2;11;08-05-2028;2;240.0
15391;3;12;19-10-2029;1;30.0
15392;3;8;31-08-2028;4;280.0
15393;3;5;29-04-2028;3;150.0
15394;4;6;24-04-2028;7;2100.0
15395;4;4;11-10-2028;10;250.0
15396;2;3;21-07-2026;10;5000.0
15397;5;11;30-01-2030;7;840.0
15398;6;1;04-07-2027;3;3600.0
15399;3;5;01-07-2027;6;300.0
15400;6;6;28-05-2028;10;3000.0
15401;5;12;12-10-2029;1;30.0
15402;1;5;06-05-2026;3;150.0
15403;1;10;20-06-2026;9;720.0
15404;2;6;21-12-2026;1;300.0
15405;2;6;03-06-2029;10;3000.0
15406;5;11;19-11-2030;5;600.0
15407;5;10;14-05-2030;3;240.0
15408;4;7;24-08-2030;6;900.0
15409;4;10;01-05-2028;4;320.0
15410;5;1;15-08-2029;3;3600.0
15411;5;3;24-09-2030;9;4500.0
15412;2;8;10-02-2028;10;700.0
15413;4;9;03-09-2029;4;1000.0
15414;2;9;21-07-2030;10;2500.0
15415;6;1;01-04-2027;5;6000.0
15416;5;1;10-02-2030;6;7200.0
15417;1;10;23-02-2030;6;480.0
15418;1;9;23-10-2027;1;250.0
15419;5;1;01-09-2026;8;9600.0
15420;4;3;04-08-2030;3;1500.0
15421;4;1;17-05-2030;1;1200.0
15422;5;4;29-06-2027;7;175.0
15423;6;9;27-02-2027;8;2000.0
15424;3;6;20-10-2027;9;2700.0
15425;6;4;20-06-2027;1;25.0
15426;3;11;07-08-2028;5;600.0
15427;3;12;01-07-2027;1;30.0
15428;4;4;28-03-2030;1;25.0
15429;5;12;20-09-2029;3;90.0
15430;3;5;27-11-2029;4;200.0
15431;1;5;01-05-2027;1;50.0
15432;3;10;23-04-2027;4;320.0
15433;5;4;07-09-2027;7;175.0
15434;3;10;10-09-2027;7;560.0
15435;5;12;16-05-2029;9;270.0
15436;5;4;22-12-2030;5;125.0
15437;6;9;28-04-2027;10;2500.0
15438;6;7;29-08-2026;8;1200.0
15439;5;1;12-04-2026;6;7200.0
15440;2;6;15-06-2028;1;300.0
15441;3;12;26-06-2027;6;180.0
15442;1;3;03-06-2027;4;2000.0
15443;1;2;16-08-2029;7;5600.0
15444;5;3;23-05-2030;6;3000.0
15445;2;4;30-03-2029;3;75.0
15446;1;8;24-09-2027;7;490.0
15447;2;8;26-09-2027;7;490.0
15448;6;3;18-06-2028;7;3500.0
15449;3;9;01-09-2030;4;1000.0
15450;3;7;22-04-2029;6;900.0
15451;5;8;14-09-2026;4;280.0
15452;6;3;14-08-2029;7;3500.0
15453;2;5;13-07-2028;10;500.0
15454;4;6;09-09-2027;9;2700.0
15455;5;10;23-04-2029;4;320.0
15456;2;1;03-10-2030;9;10800.0
15457;4;11;03-11-2028;1;120.0
15458;5;6;12-10-2027;8;2400.0
15459;1;4;27-08-2030;2;50.0
15460;2;5;26-02-2029;7;350.0
15461;6;7;06-12-2026;6;900.0
15462;6;8;21-11-2029;5;350.0
15463;6;5;02-01-2027;1;50.0
15464;6;3;25-11-2027;8;4000.0
15465;5;1;05-06-2026;2;2400.0
15466;6;3;06-02-2030;2;1000.0
15467;5;11;31-10-2030;8;960.0
15468;1;8;05-11-2026;8;560.0
15469;5;11;10-11-2029;5;600.0
15470;6;10;21-04-2027;10;800.0
15471;1;11;28-05-2027;2;240.0
15472;4;2;11-09-2030;7;5600.0
15473;3;6;17-02-2028;6;1800.0
15474;2;2;10-12-2027;8;6400.0
15475;4;1;25-06-2028;4;4800.0
15476;3;4;04-07-2030;10;250.0
15477;6;12;16-07-2029;3;90.0
15478;6;11;28-05-2030;4;480.0
15479;6;12;24-06-2026;4;120.0
15480;5;6;16-02-2028;5;1500.0
15481;2;9;23-07-2030;5;1250.0
15482;5;5;25-12-2028;1;50.0
15483;2;1;25-12-2028;5;6000.0
15484;3;9;06-05-2030;9;2250.0
15485;5;7;12-12-2027;5;750.0
15486;3;9;24-05-2028;1;250.0
15487;3;11;08-09-2030;3;360.0
15488;3;5;01-06-2028;2;100.0
15489;6;8;29-08-2026;7;490.0
15490;5;12;26-08-2026;4;120.0
15491;2;6;21-09-2029;3;900.0
15492;5;5;19-04-2028;5;250.0
15493;6;12;20-04-2029;3;90.0
15494;6;1;08-10-2026;9;10800.0
15495;2;3;16-06-2027;5;2500.0
15496;4;9;13-07-2030;6;1500.0
15497;6;4;04-03-2030;6;150.0
15498;6;7;02-03-2028;1;150.0
15499;4;6;23-09-2026;2;600.0
15500;4;3;20-12-2029;1;500.0
15501;2;9;17-01-2027;6;1500.0
15502;3;9;27-11-2030;2;500.0
15503;2;6;06-12-2028;4;1200.0
15504;6;3;05-01-2029;10;5000.0
15505;2;12;13-08-2026;1;30.0
15506;4;10;09-03-2030;6;480.0
15507;2;5;12-10-2026;9;450.0
15508;1;6;29-01-2028;6;1800.0
15509;6;10;17-03-2026;7;560.0
15510;4;8;11-12-2027;10;700.0
15511;2;2;11-01-2028;2;1600.0
15512;4;8;20-08-2026;5;350.0
15513;5;11;23-08-2027;9;1080.0
15514;6;4;14-10-2029;10;250.0
15515;2;7;05-10-2027;2;300.0
15516;6;9;07-06-2028;7;1750.0
15517;4;10;19-04-2028;4;320.0
15518;4;10;06-03-2029;4;320.0
15519;5;8;29-03-2027;5;350.0
15520;1;2;06-10-2030;9;7200.0
15521;1;7;27-06-2029;6;900.0
15522;6;3;16-09-2029;10;5000.0
15523;3;4;25-12-2030;9;225.0
15524;6;2;08-02-2028;4;3200.0
15525;5;6;04-11-2027;10;3000.0
15526;2;12;07-03-2030;6;180.0
15527;4;10;17-12-2029;6;480.0
15528;5;6;30-04-2029;1;300.0
15529;6;12;14-07-2026;1;30.0
15530;3;8;13-12-2030;3;210.0
15531;4;3;21-05-2030;3;1500.0
15532;6;5;27-06-2027;3;150.0
15533;6;9;11-10-2029;2;500.0
15534;4;8;22-02-2029;6;420.0
15535;6;4;19-02-2026;9;225.0
15536;6;3;08-09-2027;1;500.0
15537;1;9;28-08-2029;1;250.0
15538;3;3;26-03-2030;4;2000.0
15539;4;3;18-11-2029;7;3500.0
15540;1;5;30-05-2027;10;500.0
15541;5;2;06-04-2028;4;3200.0
15542;4;3;26-09-2028;9;4500.0
15543;3;5;26-12-2029;1;50.0
15544;4;12;13-05-2026;4;120.0
15545;6;6;19-03-2030;10;3000.0
15546;1;4;30-01-2030;8;200.0
15547;1;9;08-12-2027;6;1500.0
15548;3;3;26-10-2028;10;5000.0
15549;1;2;06-01-2027;1;800.0
15550;5;12;19-12-2026;1;30.0
15551;2;6;23-02-2028;1;300.0
15552;1;11;04-08-2028;3;360.0
15553;5;8;09-08-2027;5;350.0
15554;3;12;11-04-2029;9;270.0
15555;2;10;11-09-2026;8;640.0
15556;4;5;26-11-2026;9;450.0
15557;1;12;08-02-2030;9;270.0
15558;6;3;28-09-2029;10;5000.0
15559;6;6;20-06-2028;2;600.0
15560;3;3;14-12-2028;5;2500.0
15561;6;11;12-04-2028;2;240.0
15562;1;7;16-08-2030;1;150.0
15563;3;11;12-03-2026;9;1080.0
15564;2;10;25-08-2028;4;320.0
15565;1;10;09-05-2026;8;640.0
15566;2;8;13-10-2028;10;700.0
15567;4;8;01-02-2030;4;280.0
15568;5;8;10-09-2027;5;350.0
15569;6;1;05-06-2030;2;2400.0
15570;3;10;30-03-2029;3;240.0
15571;1;9;04-03-2026;5;1250.0
15572;6;1;07-02-2027;8;9600.0
15573;5;8;10-03-2029;9;630.0
15574;6;5;05-12-2030;2;100.0
15575;3;12;14-07-2027;1;30.0
15576;3;10;24-01-2027;8;640.0
15577;2;10;30-12-2028;5;400.0
15578;3;1;29-04-2029;5;6000.0
15579;4;4;15-10-2028;1;25.0
15580;3;10;25-01-2027;3;240.0
15581;3;10;02-12-2028;5;400.0
15582;4;5;01-01-2028;7;350.0
15583;4;9;27-11-2030;6;1500.0
15584;3;12;09-04-2026;6;180.0
15585;3;4;29-09-2028;8;200.0
15586;1;3;11-12-2026;7;3500.0
15587;5;6;29-05-2027;3;900.0
15588;4;2;03-12-2026;4;3200.0
15589;3;3;07-09-2027;2;1000.0
15590;1;4;28-11-2030;10;250.0
15591;3;12;10-12-2026;2;60.0
15592;1;8;25-05-2028;8;560.0
15593;5;12;17-01-2028;1;30.0
15594;2;2;27-10-2028;4;3200.0
15595;2;1;03-11-2027;6;7200.0
15596;2;9;20-06-2028;4;1000.0
15597;2;1;13-01-2027;3;3600.0
15598;3;1;18-11-2029;5;6000.0
15599;3;12;30-01-2030;9;270.0
15600;4;7;14-12-2029;8;1200.0
15601;5;12;23-06-2030;1;30.0
15602;5;6;20-04-2026;2;600.0
15603;5;10;11-12-2026;9;720.0
15604;3;4;06-01-2030;4;100.0
15605;1;10;10-08-2028;4;320.0
15606;4;2;13-11-2026;2;1600.0
15607;1;4;21-09-2028;1;25.0
15608;1;8;19-10-2027;3;210.0
15609;5;3;24-02-2026;8;4000.0
15610;4;9;24-03-2029;6;1500.0
15611;5;1;26-09-2027;8;9600.0
15612;6;3;13-10-2029;7;3500.0
15613;5;8;18-09-2026;6;420.0
15614;2;12;15-11-2027;7;210.0
15615;3;4;04-08-2027;8;200.0
15616;2;12;22-09-2029;4;120.0
15617;1;1;28-08-2026;6;7200.0
15618;4;5;15-01-2029;7;350.0
15619;2;5;04-04-2028;10;500.0
15620;5;1;16-04-2028;3;3600.0
15621;1;3;18-08-2030;6;3000.0
15622;2;7;30-11-2028;4;600.0
15623;3;3;06-10-2029;9;4500.0
15624;6;12;26-05-2027;8;240.0
15625;3;7;31-12-2026;4;600.0
15626;1;2;14-12-2028;8;6400.0
15627;2;5;21-06-2029;8;400.0
15628;2;4;23-11-2026;6;150.0
15629;2;12;09-06-2026;7;210.0
15630;3;7;27-09-2028;3;450.0
15631;6;2;18-05-2028;1;800.0
15632;5;3;24-05-2030;7;3500.0
15633;1;1;14-08-2028;7;8400.0
15634;4;10;24-05-2030;6;480.0
15635;5;3;10-04-2029;5;2500.0
15636;1;10;12-03-2030;4;320.0
15637;5;5;14-10-2027;6;300.0
15638;6;11;13-01-2030;6;720.0
15639;4;7;17-03-2028;8;1200.0
15640;3;12;19-03-2028;7;210.0
15641;4;8;24-06-2028;3;210.0
15642;1;12;21-01-2027;3;90.0
15643;2;8;21-03-2029;4;280.0
15644;2;8;11-05-2028;6;420.0
15645;2;6;21-04-2026;8;2400.0
15646;5;11;31-03-2028;3;360.0
15647;4;7;07-08-2028;10;1500.0
15648;6;11;22-06-2026;4;480.0
15649;2;12;03-07-2026;4;120.0
15650;4;2;19-01-2029;1;800.0
15651;5;4;05-08-2028;9;225.0
15652;2;7;09-06-2026;9;1350.0
15653;2;10;03-12-2028;5;400.0
15654;1;11;27-05-2030;6;720.0
15655;2;2;22-10-2027;4;3200.0
15656;1;3;09-04-2029;3;1500.0
15657;3;6;02-05-2030;2;600.0
15658;1;7;13-10-2027;6;900.0
15659;6;11;26-06-2030;4;480.0
15660;2;9;02-09-2027;8;2000.0
15661;5;9;24-02-2026;4;1000.0
15662;4;8;06-12-2027;8;560.0
15663;5;1;24-08-2030;1;1200.0
15664;5;12;17-08-2029;7;210.0
15665;5;7;26-04-2030;1;150.0
15666;2;5;12-04-2029;8;400.0
15667;5;11;11-11-2030;10;1200.0
15668;3;9;04-12-2028;10;2500.0
15669;6;6;10-11-2026;2;600.0
15670;6;12;22-07-2026;6;180.0
15671;5;4;13-07-2028;6;150.0
15672;1;11;09-05-2029;10;1200.0
15673;2;11;27-11-2026;4;480.0
15674;2;5;12-08-2026;2;100.0
15675;2;1;28-02-2028;4;4800.0
15676;2;2;21-01-2027;10;8000.0
15677;1;7;29-01-2027;2;300.0
15678;6;8;29-03-2029;6;420.0
15679;2;1;22-11-2027;10;12000.0
15680;2;4;13-05-2027;6;150.0
15681;1;6;07-10-2029;3;900.0
15682;1;9;16-09-2026;3;750.0
15683;3;3;15-06-2029;3;1500.0
15684;5;3;06-09-2026;1;500.0
15685;4;7;24-07-2030;9;1350.0
15686;5;4;08-08-2027;3;75.0
15687;5;10;01-05-2029;3;240.0
15688;6;4;30-10-2029;1;25.0
15689;1;5;14-09-2028;1;50.0
15690;2;4;22-09-2026;10;250.0
15691;2;3;18-12-2029;8;4000.0
15692;2;2;11-10-2029;6;4800.0
15693;3;11;18-05-2027;8;960.0
15694;6;3;14-06-2026;10;5000.0
15695;6;3;08-10-2030;1;500.0
15696;1;3;16-02-2029;10;5000.0
15697;5;6;28-10-2026;5;1500.0
15698;1;8;02-06-2027;10;700.0
15699;2;1;15-09-2028;5;6000.0
15700;5;1;05-07-2026;6;7200.0
15701;3;1;11-12-2030;3;3600.0
15702;5;5;10-02-2030;9;450.0
15703;2;1;11-01-2030;8;9600.0
15704;1;9;02-05-2029;3;750.0
15705;6;6;29-10-2030;9;2700.0
15706;5;6;29-09-2029;10;3000.0
15707;3;12;11-05-2029;6;180.0
15708;2;12;28-08-2029;9;270.0
15709;1;7;10-01-2030;4;600.0
15710;6;9;09-04-2030;1;250.0
15711;5;11;21-01-2027;4;480.0
15712;3;10;13-09-2026;7;560.0
15713;2;1;09-09-2029;3;3600.0
15714;4;11;04-10-2029;9;1080.0
15715;5;7;08-04-2027;9;1350.0
15716;6;10;16-02-2030;2;160.0
15717;4;4;29-03-2030;2;50.0
15718;1;11;25-08-2030;9;1080.0
15719;2;3;01-02-2030;10;5000.0
15720;4;10;13-09-2029;2;160.0
15721;4;5;21-07-2026;8;400.0
15722;1;12;17-09-2029;1;30.0
15723;5;5;27-06-2027;8;400.0
15724;1;1;24-08-2029;2;2400.0
15725;3;8;03-06-2029;10;700.0
15726;3;3;07-07-2030;9;4500.0
15727;5;8;16-05-2029;10;700.0
15728;4;5;21-03-2029;7;350.0
15729;4;10;01-01-2027;5;400.0
15730;6;6;08-09-2029;7;2100.0
15731;2;10;27-02-2027;4;320.0
15732;5;5;07-01-2027;8;400.0
15733;4;12;25-05-2028;9;270.0
15734;6;1;27-04-2030;10;12000.0
15735;2;10;18-05-2029;8;640.0
15736;6;8;25-07-2029;8;560.0
15737;3;11;31-10-2029;9;1080.0
15738;3;12;02-01-2029;10;300.0
15739;1;2;07-07-2027;4;3200.0
15740;6;1;12-06-2027;1;1200.0
15741;2;5;18-12-2027;9;450.0
15742;3;12;19-05-2029;3;90.0
15743;4;8;08-05-2028;9;630.0
15744;5;12;09-06-2026;10;300.0
15745;3;1;11-12-2029;1;1200.0
15746;6;11;31-10-2027;10;1200.0
15747;6;12;15-06-2030;1;30.0
15748;6;1;29-03-2026;3;3600.0
15749;2;2;10-11-2029;10;8000.0
15750;3;3;18-05-2026;4;2000.0
15751;6;12;01-12-2027;1;30.0
15752;5;11;06-05-2029;9;1080.0
15753;5;9;11-12-2026;5;1250.0
15754;2;11;31-08-2027;6;720.0
15755;2;7;24-01-2028;4;600.0
15756;6;1;14-03-2026;10;12000.0
15757;4;3;25-10-2026;5;2500.0
15758;4;6;14-10-2030;1;300.0
15759;3;10;26-04-2030;9;720.0
15760;2;3;03-05-2026;5;2500.0
15761;4;6;05-07-2029;1;300.0
15762;5;7;02-08-2027;7;1050.0
15763;1;2;03-03-2026;3;2400.0
15764;1;1;09-05-2030;4;4800.0
15765;1;11;15-11-2030;9;1080.0
15766;1;4;20-10-2028;6;150.0
15767;1;7;13-04-2030;1;150.0
15768;2;4;13-12-2030;3;75.0
15769;5;6;12-12-2030;8;2400.0
15770;6;8;27-09-2030;10;700.0
15771;3;5;20-02-2027;10;500.0
15772;2;11;18-03-2028;6;720.0
15773;1;8;09-09-2026;5;350.0
15774;6;6;06-07-2029;1;300.0
15775;3;11;15-03-2026;6;720.0
15776;1;4;28-03-2028;9;225.0
15777;1;7;20-06-2028;7;1050.0
15778;4;1;21-02-2026;5;6000.0
15779;3;12;17-09-2028;2;60.0
15780;1;1;14-08-2027;7;8400.0
15781;1;3;25-12-2028;6;3000.0
15782;1;2;06-12-2027;8;6400.0
15783;3;2;22-01-2030;7;5600.0
15784;2;3;15-02-2027;7;3500.0
15785;6;4;29-09-2027;10;250.0
15786;6;3;08-02-2028;1;500.0
15787;4;6;11-08-2030;2;600.0
15788;1;7;23-10-2029;5;750.0
15789;6;11;25-08-2026;8;960.0
15790;6;9;01-02-2030;2;500.0
15791;6;12;09-03-2030;7;210.0
15792;1;6;23-07-2028;5;1500.0
15793;2;9;31-12-2029;1;250.0
15794;1;11;23-11-2028;5;600.0
15795;1;1;30-10-2027;6;7200.0
15796;2;3;02-10-2026;6;3000.0
15797;4;12;25-11-2027;9;270.0
15798;1;9;12-05-2028;2;500.0
15799;6;4;18-12-2027;10;250.0
15800;5;3;17-11-2027;10;5000.0
15801;1;11;11-01-2028;2;240.0
15802;4;1;19-06-2030;2;2400.0
15803;5;5;01-02-2029;6;300.0
15804;1;1;29-01-2029;3;3600.0
15805;3;2;30-07-2027;2;1600.0
15806;5;5;23-06-2029;4;200.0
15807;6;8;26-06-2027;2;140.0
15808;6;10;04-05-2028;7;560.0
15809;4;4;15-07-2028;4;100.0
15810;2;3;25-07-2028;5;2500.0
15811;2;2;26-08-2030;10;8000.0
15812;5;2;22-04-2027;10;8000.0
15813;1;1;07-08-2028;4;4800.0
15814;1;2;21-06-2029;4;3200.0
15815;6;4;03-01-2027;6;150.0
15816;2;6;14-05-2028;9;2700.0
15817;5;11;21-04-2027;8;960.0
15818;3;6;22-11-2027;2;600.0
15819;6;8;21-10-2030;1;70.0
15820;5;11;19-12-2028;8;960.0
15821;3;11;14-12-2029;7;840.0
15822;5;1;06-09-2027;1;1200.0
15823;1;7;10-02-2028;10;1500.0
15824;1;12;18-06-2027;1;30.0
15825;1;1;27-05-2029;5;6000.0
15826;4;1;09-04-2026;3;3600.0
15827;4;11;10-12-2028;9;1080.0
15828;6;8;19-06-2028;1;70.0
15829;1;3;30-05-2030;1;500.0
15830;2;6;20-05-2030;8;2400.0
15831;3;2;15-10-2030;3;2400.0
15832;6;8;02-08-2028;3;210.0
15833;2;11;23-10-2030;4;480.0
15834;5;4;12-09-2028;10;250.0
15835;4;5;13-04-2028;8;400.0
15836;6;2;30-01-2029;6;4800.0
15837;3;6;28-05-2026;9;2700.0
15838;2;12;18-10-2028;5;150.0
15839;5;11;17-02-2030;1;120.0
15840;4;4;03-05-2029;8;200.0
15841;2;10;21-05-2027;5;400.0
15842;4;6;23-05-2028;8;2400.0
15843;2;2;29-03-2029;6;4800.0
15844;5;6;10-08-2028;3;900.0
15845;2;10;29-04-2029;3;240.0
15846;4;12;30-07-2026;1;30.0
15847;1;3;17-05-2027;8;4000.0
15848;4;11;13-10-2028;10;1200.0
15849;4;3;27-11-2028;7;3500.0
15850;1;9;10-07-2029;5;1250.0
15851;3;3;02-12-2028;4;2000.0
15852;4;2;26-05-2029;9;7200.0
15853;3;5;23-09-2026;7;350.0
15854;4;4;09-04-2030;2;50.0
15855;1;12;02-01-2027;5;150.0
15856;3;7;25-11-2030;6;900.0
15857;2;1;11-11-2030;2;2400.0
15858;2;1;12-03-2029;1;1200.0
15859;2;12;08-10-2026;9;270.0
15860;4;6;20-05-2029;1;300.0
15861;6;9;27-10-2029;6;1500.0
15862;5;12;23-01-2028;4;120.0
15863;3;4;07-02-2030;7;175.0
15864;2;2;23-04-2029;6;4800.0
15865;3;5;01-12-2026;1;50.0
15866;5;9;16-01-2030;10;2500.0
15867;4;5;22-12-2028;3;150.0
15868;5;10;14-07-2028;6;480.0
15869;4;8;18-02-2026;5;350.0
15870;1;1;04-07-2027;6;7200.0
15871;3;6;28-08-2030;3;900.0
15872;3;2;25-12-2029;3;2400.0
15873;6;2;04-07-2030;3;2400.0
15874;6;6;25-08-2029;6;1800.0
15875;2;5;07-04-2027;5;250.0
15876;4;10;20-04-2030;7;560.0
15877;6;10;18-05-2026;1;80.0
15878;2;10;13-11-2028;2;160.0
15879;1;6;30-11-2029;2;600.0
15880;2;10;26-06-2028;1;80.0
15881;3;7;16-11-2029;6;900.0
15882;4;11;01-08-2027;6;720.0
15883;2;11;31-05-2029;8;960.0
15884;2;1;12-03-2028;5;6000.0
15885;4;1;16-02-2027;6;7200.0
15886;2;10;04-12-2030;10;800.0
15887;1;1;03-05-2028;10;12000.0
15888;2;6;01-05-2028;6;1800.0
15889;2;10;06-11-2026;3;240.0
15890;2;3;31-01-2029;6;3000.0
15891;6;4;26-04-2029;5;125.0
15892;2;10;21-09-2026;1;80.0
15893;2;10;02-10-2026;8;640.0
15894;6;9;20-03-2026;3;750.0
15895;1;9;26-03-2027;6;1500.0
15896;3;8;03-03-2028;9;630.0
15897;4;9;21-02-2027;2;500.0
15898;2;9;11-05-2027;5;1250.0
15899;4;12;10-03-2028;3;90.0
15900;5;4;06-11-2030;8;200.0
15901;6;5;10-07-2028;3;150.0
15902;1;1;22-04-2030;8;9600.0
15903;6;1;24-07-2028;7;8400.0
15904;5;7;27-04-2029;2;300.0
15905;3;12;09-10-2030;4;120.0
15906;4;2;29-06-2030;8;6400.0
15907;5;11;26-06-2030;3;360.0
15908;5;2;15-10-2029;7;5600.0
15909;6;12;24-08-2029;4;120.0
15910;1;12;15-07-2029;9;270.0
15911;6;3;20-08-2030;1;500.0
15912;5;2;22-05-2028;3;2400.0
15913;5;7;02-10-2027;2;300.0
15914;3;10;09-01-2027;4;320.0
15915;4;7;25-12-2026;3;450.0
15916;2;7;05-04-2027;5;750.0
15917;6;9;05-09-2029;5;1250.0
15918;3;6;12-12-2029;6;1800.0
15919;4;4;13-02-2028;7;175.0
15920;6;6;04-09-2029;3;900.0
15921;3;11;11-10-2027;6;720.0
15922;2;9;26-08-2029;7;1750.0
15923;1;7;13-11-2027;1;150.0
15924;5;4;17-05-2029;4;100.0
15925;3;7;01-12-2027;7;1050.0
15926;1;2;04-05-2026;7;5600.0
15927;6;10;30-11-2026;7;560.0
15928;6;1;22-06-2030;6;7200.0
15929;1;8;01-02-2029;1;70.0
15930;3;4;19-06-2027;10;250.0
15931;1;4;22-09-2029;4;100.0
15932;6;3;08-10-2029;2;1000.0
15933;3;6;04-06-2026;3;900.0
15934;5;5;23-06-2028;4;200.0
15935;4;10;11-06-2028;10;800.0
15936;4;4;24-09-2028;1;25.0
15937;2;8;14-05-2028;4;280.0
15938;4;10;23-03-2027;2;160.0
15939;1;12;08-09-2026;1;30.0
15940;6;4;06-02-2029;10;250.0
15941;3;12;04-11-2026;7;210.0
15942;2;6;16-12-2026;1;300.0
15943;3;12;11-09-2027;4;120.0
15944;5;12;19-11-2026;10;300.0
15945;1;9;20-10-2029;10;2500.0
15946;3;4;13-07-2028;7;175.0
15947;1;3;15-03-2027;2;1000.0
15948;2;9;17-03-2028;3;750.0
15949;1;11;21-04-2026;10;1200.0
15950;5;4;25-08-2029;7;175.0
15951;1;6;24-05-2030;4;1200.0
15952;6;2;01-12-2028;1;800.0
15953;5;9;11-10-2030;10;2500.0
15954;1;5;03-01-2029;1;50.0
15955;6;11;11-03-2028;1;120.0
15956;4;1;20-05-2026;6;7200.0
15957;1;11;29-03-2030;8;960.0
15958;1;12;20-05-2027;3;90.0
15959;4;6;25-12-2027;1;300.0
15960;2;10;18-02-2029;2;160.0
15961;2;7;05-04-2030;1;150.0
15962;2;7;06-11-2028;1;150.0
15963;5;5;06-10-2027;5;250.0
15964;3;6;21-09-2029;3;900.0
15965;5;11;12-11-2030;9;1080.0
15966;5;6;12-02-2028;3;900.0
15967;1;7;10-10-2030;7;1050.0
15968;6;6;06-10-2026;8;2400.0
15969;4;12;19-04-2028;8;240.0
15970;2;2;12-04-2030;10;8000.0
15971;6;8;16-04-2030;1;70.0
15972;1;12;15-05-2027;10;300.0
15973;3;2;18-05-2028;3;2400.0
15974;5;4;14-05-2027;8;200.0
15975;2;6;17-02-2028;1;300.0
15976;4;8;04-07-2028;2;140.0
15977;6;2;17-04-2028;2;1600.0
15978;3;3;08-11-2026;9;4500.0
15979;4;1;05-04-2027;2;2400.0
15980;1;10;21-07-2029;10;800.0
15981;5;2;25-06-2026;4;3200.0
15982;4;9;25-06-2027;9;2250.0
15983;3;10;09-01-2029;4;320.0
15984;1;10;24-11-2027;7;560.0
15985;1;1;22-11-2029;5;6000.0
15986;6;5;29-09-2028;8;400.0
15987;3;8;12-01-2029;6;420.0
15988;6;5;12-08-2030;7;350.0
15989;6;11;08-06-2030;6;720.0
15990;3;2;28-09-2026;10;8000.0
15991;4;12;16-08-2028;2;60.0
15992;1;9;09-11-2027;3;750.0
15993;6;8;18-07-2026;4;280.0
15994;1;1;31-10-2026;8;9600.0
15995;5;11;03-01-2029;4;480.0
15996;4;9;14-09-2030;5;1250.0
15997;4;1;17-10-2026;2;2400.0
15998;1;4;26-06-2027;6;150.0
15999;1;11;08-05-2026;10;1200.0
16000;4;3;24-03-2027;2;1000.0
16001;3;2;12-07-2026;1;800.0
16002;2;4;04-01-2027;10;250.0
16003;5;11;14-06-2027;2;240.0
16004;5;12;30-05-2030;6;180.0
16005;1;8;28-04-2026;3;210.0
16006;6;6;19-03-2029;3;900.0
16007;2;9;08-03-2026;5;1250.0
16008;1;11;28-12-2027;3;360.0
16009;1;4;06-05-2027;1;25.0
16010;4;12;30-03-2030;7;210.0
16011;2;8;08-06-2028;4;280.0
16012;3;3;24-12-2028;8;4000.0
16013;3;11;05-03-2030;3;360.0
16014;2;9;18-11-2030;9;2250.0
16015;5;10;22-10-2027;2;160.0
16016;4;5;02-11-2026;1;50.0
16017;3;11;25-11-2027;5;600.0
16018;2;11;11-12-2030;6;720.0
16019;6;11;03-10-2028;8;960.0
16020;4;4;02-05-2030;9;225.0
16021;5;11;16-06-2030;7;840.0
16022;6;9;16-03-2026;2;500.0
16023;2;6;02-09-2028;1;300.0
16024;4;7;01-05-2028;3;450.0
16025;2;6;14-01-2030;10;3000.0
16026;2;12;15-03-2026;4;120.0
16027;4;10;27-07-2028;7;560.0
16028;1;7;25-11-2029;4;600.0
16029;5;2;23-09-2028;7;5600.0
16030;2;6;08-08-2030;6;1800.0
16031;3;9;24-09-2028;2;500.0
16032;3;7;28-06-2030;1;150.0
16033;3;8;02-01-2029;10;700.0
16034;2;10;08-04-2030;8;640.0
16035;6;4;21-04-2026;9;225.0
16036;3;12;15-12-2026;5;150.0
16037;5;10;23-11-2029;1;80.0
16038;2;5;24-06-2027;5;250.0
16039;6;11;03-04-2027;7;840.0
16040;3;7;29-12-2028;5;750.0
16041;6;12;24-12-2029;10;300.0
16042;1;5;29-08-2026;6;300.0
16043;1;12;19-02-2030;10;300.0
16044;5;4;05-05-2027;10;250.0
16045;3;6;24-09-2027;2;600.0
16046;3;11;03-03-2029;2;240.0
16047;3;8;05-12-2030;8;560.0
16048;1;8;26-01-2027;8;560.0
16049;3;8;04-03-2029;9;630.0
16050;3;3;06-03-2026;7;3500.0
16051;1;9;12-02-2028;7;1750.0
16052;2;12;24-11-2029;8;240.0
16053;2;1;06-08-2026;7;8400.0
16054;5;10;11-04-2028;8;640.0
16055;2;5;02-05-2029;9;450.0
16056;4;4;05-03-2026;4;100.0
16057;5;5;06-02-2028;10;500.0
16058;6;1;17-12-2027;4;4800.0
16059;1;11;25-04-2030;1;120.0
16060;2;5;05-06-2026;2;100.0
16061;3;5;21-08-2030;6;300.0
16062;1;10;19-10-2026;4;320.0
16063;4;11;20-12-2030;9;1080.0
16064;1;9;22-08-2028;8;2000.0
16065;3;7;17-10-2026;5;750.0
16066;5;2;28-09-2028;10;8000.0
16067;4;2;23-10-2029;5;4000.0
16068;4;7;30-05-2030;4;600.0
16069;4;11;24-06-2028;5;600.0
16070;4;6;11-05-2029;10;3000.0
16071;4;4;28-06-2028;6;150.0
16072;5;2;28-11-2030;5;4000.0
16073;2;7;20-09-2026;9;1350.0
16074;1;10;24-11-2030;1;80.0
16075;1;11;08-09-2028;3;360.0
16076;3;7;14-11-2029;5;750.0
16077;4;9;02-10-2026;7;1750.0
16078;6;4;04-01-2028;5;125.0
16079;1;12;21-07-2030;9;270.0
16080;1;4;04-03-2027;1;25.0
16081;5;6;22-04-2030;3;900.0
16082;2;12;15-09-2029;3;90.0
16083;3;2;24-07-2026;2;1600.0
16084;2;9;16-08-2029;1;250.0
16085;1;12;13-03-2028;10;300.0
16086;2;5;26-10-2028;2;100.0
16087;1;11;07-05-2028;1;120.0
16088;6;2;10-09-2026;3;2400.0
16089;6;6;13-12-2027;2;600.0
16090;1;4;11-09-2026;2;50.0
16091;4;8;02-10-2026;5;350.0
16092;3;3;08-06-2028;8;4000.0
16093;3;11;10-11-2029;4;480.0
16094;4;11;20-03-2026;4;480.0
16095;5;3;15-03-2026;6;3000.0
16096;4;7;25-09-2028;3;450.0
16097;4;7;19-11-2029;5;750.0
16098;5;9;28-01-2029;1;250.0
16099;5;7;12-05-2028;6;900.0
16100;2;9;06-10-2026;1;250.0
16101;1;10;05-07-2027;1;80.0
16102;3;6;28-10-2027;2;600.0
16103;4;2;26-03-2027;9;7200.0
16104;4;2;11-10-2029;7;5600.0
16105;1;10;11-01-2027;7;560.0
16106;1;9;13-09-2030;10;2500.0
16107;3;9;22-04-2030;5;1250.0
16108;3;2;27-04-2026;8;6400.0
16109;5;12;16-06-2026;5;150.0
16110;6;6;27-11-2029;9;2700.0
16111;3;11;11-10-2027;1;120.0
16112;1;10;17-03-2028;8;640.0
16113;1;9;25-08-2028;10;2500.0
16114;3;5;03-06-2026;10;500.0
16115;6;4;18-04-2027;4;100.0
16116;1;10;30-08-2027;4;320.0
16117;5;8;22-03-2027;2;140.0
16118;4;6;11-02-2027;1;300.0
16119;3;8;10-07-2027;2;140.0
16120;4;8;05-03-2028;4;280.0
16121;3;4;13-05-2028;9;225.0
16122;6;2;20-01-2028;9;7200.0
16123;2;3;26-08-2026;4;2000.0
16124;4;11;08-02-2028;1;120.0
16125;2;4;26-03-2026;3;75.0
16126;2;8;14-12-2028;2;140.0
16127;6;12;17-02-2030;4;120.0
16128;4;3;05-05-2026;6;3000.0
16129;5;5;14-05-2028;2;100.0
16130;4;8;15-10-2028;2;140.0
16131;2;4;06-11-2029;8;200.0
16132;1;1;18-07-2028;2;2400.0
16133;2;6;18-06-2027;7;2100.0
16134;3;8;11-04-2027;4;280.0
16135;4;2;28-07-2029;1;800.0
16136;6;5;03-05-2030;9;450.0
16137;5;9;19-03-2028;2;500.0
16138;4;8;26-04-2030;3;210.0
16139;1;10;07-02-2030;7;560.0
16140;2;2;19-06-2029;6;4800.0
16141;3;4;09-07-2029;9;225.0
16142;1;8;18-12-2026;2;140.0
16143;1;10;24-02-2029;2;160.0
16144;1;8;21-02-2026;1;70.0
16145;3;8;26-01-2030;3;210.0
16146;4;3;13-01-2030;8;4000.0
16147;3;3;23-10-2030;7;3500.0
16148;5;5;05-09-2026;3;150.0
16149;4;11;02-05-2029;7;840.0
16150;2;10;08-03-2027;2;160.0
16151;1;8;30-01-2029;1;70.0
16152;1;9;02-05-2028;6;1500.0
16153;5;1;11-07-2029;1;1200.0
16154;1;5;21-08-2029;8;400.0
16155;6;2;18-09-2028;5;4000.0
16156;3;1;20-10-2029;3;3600.0
16157;3;4;18-07-2028;6;150.0
16158;6;4;08-05-2026;5;125.0
16159;5;12;20-04-2029;9;270.0
16160;5;10;18-03-2026;1;80.0
16161;3;3;21-08-2026;1;500.0
16162;4;11;12-04-2027;4;480.0
16163;4;4;13-05-2030;5;125.0
16164;1;3;26-06-2027;2;1000.0
16165;2;5;24-01-2029;8;400.0
16166;3;11;27-06-2028;1;120.0
16167;5;12;04-04-2027;4;120.0
16168;1;1;22-03-2027;8;9600.0
16169;2;3;04-10-2026;3;1500.0
16170;1;11;09-01-2029;1;120.0
16171;2;11;06-06-2027;9;1080.0
16172;2;4;29-07-2029;10;250.0
16173;1;9;14-07-2029;2;500.0
16174;1;10;26-10-2026;6;480.0
16175;3;8;17-11-2026;10;700.0
16176;4;4;25-10-2027;4;100.0
16177;2;1;22-12-2029;10;12000.0
16178;3;12;07-08-2026;3;90.0
16179;4;11;26-09-2027;8;960.0
16180;5;4;25-04-2030;1;25.0
16181;1;6;10-06-2027;9;2700.0
16182;2;4;23-03-2026;8;200.0
16183;5;6;19-05-2026;6;1800.0
16184;3;12;13-10-2029;3;90.0
16185;2;8;29-05-2027;9;630.0
16186;3;2;22-11-2026;5;4000.0
16187;6;9;23-04-2027;1;250.0
16188;3;11;29-07-2028;5;600.0
16189;5;8;11-08-2030;9;630.0
16190;3;7;12-12-2029;10;1500.0
16191;4;3;07-09-2027;3;1500.0
16192;4;8;28-09-2027;3;210.0
16193;2;11;30-07-2028;9;1080.0
16194;1;9;13-01-2030;5;1250.0
16195;3;7;25-12-2026;3;450.0
16196;3;1;10-09-2028;6;7200.0
16197;5;10;19-12-2028;6;480.0
16198;2;10;28-06-2029;7;560.0
16199;3;11;07-05-2028;6;720.0
16200;6;9;23-10-2030;4;1000.0
16201;4;10;03-08-2027;3;240.0
16202;1;2;16-06-2028;7;5600.0
16203;4;3;08-06-2029;4;2000.0
16204;5;5;26-07-2028;1;50.0
16205;4;11;12-06-2030;2;240.0
16206;4;4;18-02-2026;10;250.0
16207;2;12;23-01-2027;2;60.0
16208;6;3;25-01-2029;3;1500.0
16209;4;10;11-02-2030;5;400.0
16210;2;9;13-03-2030;9;2250.0
16211;3;1;07-11-2026;5;6000.0
16212;4;2;22-09-2027;5;4000.0
16213;3;9;17-01-2029;10;2500.0
16214;6;5;22-08-2026;5;250.0
16215;4;3;03-02-2028;4;2000.0
16216;2;5;17-08-2030;6;300.0
16217;6;12;25-04-2027;1;30.0
16218;4;11;12-08-2028;10;1200.0
16219;1;2;24-09-2029;9;7200.0
16220;3;6;19-08-2027;7;2100.0
16221;2;8;29-10-2028;4;280.0
16222;4;3;02-06-2029;10;5000.0
16223;4;2;12-02-2030;3;2400.0
16224;5;1;25-10-2028;1;1200.0
16225;6;2;05-12-2028;6;4800.0
16226;6;1;17-03-2028;5;6000.0
16227;2;5;24-07-2028;5;250.0
16228;4;1;15-10-2030;4;4800.0
16229;5;7;15-08-2026;5;750.0
16230;6;8;10-06-2026;3;210.0
16231;6;2;26-03-2026;7;5600.0
16232;1;12;18-09-2029;5;150.0
16233;1;3;15-08-2028;10;5000.0
16234;2;1;03-04-2027;9;10800.0
16235;5;1;05-12-2027;6;7200.0
16236;3;5;18-06-2029;10;500.0
16237;6;1;05-05-2026;6;7200.0
16238;1;5;03-05-2028;7;350.0
16239;6;10;09-10-2026;2;160.0
16240;5;3;19-03-2030;2;1000.0
16241;4;6;11-07-2029;3;900.0
16242;2;8;11-09-2027;10;700.0
16243;2;4;15-09-2028;9;225.0
16244;6;2;29-08-2027;2;1600.0
16245;3;3;30-05-2030;8;4000.0
16246;2;1;01-02-2030;8;9600.0
16247;2;11;09-03-2028;3;360.0
16248;1;12;24-05-2028;4;120.0
16249;4;11;15-11-2030;8;960.0
16250;4;11;24-04-2028;6;720.0
16251;3;10;27-10-2028;8;640.0
16252;4;6;15-12-2028;5;1500.0
16253;6;8;12-04-2027;1;70.0
16254;2;3;28-01-2028;7;3500.0
16255;3;5;24-10-2027;5;250.0
16256;6;11;07-12-2027;7;840.0
16257;5;10;20-07-2026;6;480.0
16258;2;8;26-10-2029;1;70.0
16259;5;5;07-07-2026;8;400.0
16260;4;4;13-10-2030;3;75.0
16261;4;5;04-04-2029;5;250.0
16262;6;5;25-05-2026;10;500.0
16263;5;7;17-02-2030;9;1350.0
16264;4;12;08-04-2029;10;300.0
16265;4;12;24-10-2026;1;30.0
16266;3;6;31-12-2030;1;300.0
16267;6;10;16-02-2028;5;400.0
16268;2;10;19-04-2029;10;800.0
16269;3;1;13-11-2029;6;7200.0
16270;4;1;02-07-2027;9;10800.0
16271;4;7;22-04-2027;4;600.0
16272;5;9;25-12-2028;4;1000.0
16273;5;6;07-09-2028;9;2700.0
16274;2;4;26-04-2029;2;50.0
16275;3;7;30-07-2027;1;150.0
16276;1;3;03-10-2027;8;4000.0
16277;3;11;08-02-2028;4;480.0
16278;4;3;09-05-2029;7;3500.0
16279;4;3;18-11-2030;8;4000.0
16280;1;4;10-05-2030;2;50.0
16281;1;1;15-03-2029;3;3600.0
16282;2;3;29-11-2030;6;3000.0
16283;3;11;10-06-2027;6;720.0
16284;4;10;08-10-2029;1;80.0
16285;3;9;23-05-2026;1;250.0
16286;3;9;11-10-2028;3;750.0
16287;5;2;16-04-2028;1;800.0
16288;3;5;06-10-2028;6;300.0
16289;3;5;11-05-2027;10;500.0
16290;5;2;29-06-2026;10;8000.0
16291;6;3;21-12-2028;4;2000.0
16292;3;11;12-02-2030;7;840.0
16293;2;4;18-06-2026;5;125.0
16294;1;3;19-09-2029;9;4500.0
16295;4;8;12-03-2029;10;700.0
16296;3;8;18-02-2026;10;700.0
16297;5;6;20-04-2028;7;2100.0
16298;1;8;07-05-2028;7;490.0
16299;3;2;30-08-2029;10;8000.0
16300;1;5;03-10-2029;3;150.0
16301;5;3;10-11-2026;3;1500.0
16302;5;7;21-09-2030;1;150.0
16303;6;1;23-08-2028;10;12000.0
16304;6;9;05-10-2028;5;1250.0
16305;6;9;10-07-2029;8;2000.0
16306;6;11;17-08-2028;8;960.0
16307;6;7;03-10-2030;1;150.0
16308;3;11;19-01-2030;5;600.0
16309;5;8;06-01-2028;8;560.0
16310;4;2;10-04-2030;1;800.0
16311;1;11;21-07-2026;4;480.0
16312;6;11;14-06-2028;2;240.0
16313;6;3;31-01-2028;10;5000.0
16314;2;2;19-04-2026;1;800.0
16315;3;1;19-03-2026;6;7200.0
16316;2;9;12-03-2027;7;1750.0
16317;2;4;16-12-2029;7;175.0
16318;5;9;31-05-2026;9;2250.0
16319;1;11;29-11-2026;6;720.0
16320;6;9;03-04-2027;5;1250.0
16321;2;10;21-11-2026;6;480.0
16322;3;11;25-06-2027;10;1200.0
16323;2;10;14-08-2030;7;560.0
16324;4;12;18-03-2029;2;60.0
16325;2;5;06-08-2027;9;450.0
16326;6;12;26-10-2028;8;240.0
16327;6;4;06-02-2029;9;225.0
16328;3;6;28-04-2027;9;2700.0
16329;6;5;12-02-2027;7;350.0
16330;4;2;25-01-2030;4;3200.0
16331;2;2;02-05-2029;6;4800.0
16332;1;1;29-08-2027;9;10800.0
16333;6;9;26-12-2030;6;1500.0
16334;5;10;05-09-2029;8;640.0
16335;1;2;20-09-2027;1;800.0
16336;6;3;08-04-2027;5;2500.0
16337;6;2;18-11-2026;8;6400.0
16338;5;8;08-11-2028;2;140.0
16339;2;11;03-11-2029;9;1080.0
16340;2;12;11-11-2028;8;240.0
16341;3;7;17-05-2029;9;1350.0
16342;3;5;08-08-2027;1;50.0
16343;2;11;07-09-2029;9;1080.0
16344;3;7;12-03-2027;5;750.0
16345;6;10;19-12-2029;6;480.0
16346;6;2;08-01-2027;1;800.0
16347;6;8;19-02-2030;7;490.0
16348;3;7;22-03-2028;4;600.0
16349;1;6;19-04-2028;9;2700.0
16350;2;3;17-03-2029;4;2000.0
16351;6;9;16-05-2029;7;1750.0
16352;3;12;04-08-2026;9;270.0
16353;3;1;18-12-2026;5;6000.0
16354;4;5;28-03-2028;3;150.0
16355;3;9;03-02-2028;1;250.0
16356;5;7;27-10-2028;7;1050.0
16357;5;8;16-03-2026;6;420.0
16358;6;7;06-07-2026;1;150.0
16359;6;9;08-08-2027;2;500.0
16360;6;7;22-01-2027;4;600.0
16361;3;9;25-03-2027;10;2500.0
16362;5;5;27-05-2027;3;150.0
16363;6;10;03-11-2028;7;560.0
16364;3;2;05-09-2029;1;800.0
16365;3;12;22-05-2028;2;60.0
16366;4;4;22-10-2027;3;75.0
16367;4;11;05-12-2029;2;240.0
16368;4;11;22-11-2029;10;1200.0
16369;2;1;29-11-2027;1;1200.0
16370;6;4;02-12-2029;6;150.0
16371;3;2;20-04-2026;4;3200.0
16372;3;4;18-11-2030;8;200.0
16373;1;10;09-09-2027;8;640.0
16374;2;4;19-05-2027;10;250.0
16375;4;11;25-10-2030;10;1200.0
16376;5;3;27-04-2030;3;1500.0
16377;6;5;11-11-2030;3;150.0
16378;3;12;04-03-2028;2;60.0
16379;3;2;21-09-2026;5;4000.0
16380;2;12;26-08-2026;5;150.0
16381;5;9;28-02-2027;4;1000.0
16382;5;9;27-12-2030;10;2500.0
16383;6;2;18-02-2029;7;5600.0
16384;4;4;25-06-2026;1;25.0
16385;5;1;01-03-2027;5;6000.0
16386;1;1;26-01-2030;9;10800.0
16387;6;8;11-08-2028;3;210.0
16388;6;4;12-06-2026;3;75.0
16389;5;5;26-10-2030;5;250.0
16390;1;7;28-05-2029;8;1200.0
16391;2;7;05-12-2028;6;900.0
16392;6;7;08-09-2028;4;600.0
16393;4;7;12-09-2027;2;300.0
16394;3;5;16-12-2027;8;400.0
16395;5;1;10-10-2027;5;6000.0
16396;2;10;06-11-2028;6;480.0
16397;5;10;22-01-2030;7;560.0
16398;4;3;17-06-2028;6;3000.0
16399;4;6;17-04-2030;10;3000.0
16400;2;2;09-09-2027;8;6400.0
16401;3;2;04-11-2027;6;4800.0
16402;6;5;31-07-2028;5;250.0
16403;2;6;27-02-2026;2;600.0
16404;5;2;21-03-2028;3;2400.0
16405;2;11;08-11-2026;2;240.0
16406;5;6;10-12-2026;7;2100.0
16407;3;2;20-03-2028;2;1600.0
16408;5;6;03-07-2027;1;300.0
16409;5;3;13-05-2027;6;3000.0
16410;4;11;28-02-2026;10;1200.0
16411;6;1;20-01-2028;7;8400.0
16412;2;4;03-03-2030;8;200.0
16413;3;11;14-09-2029;10;1200.0
16414;4;10;14-09-2026;2;160.0
16415;1;5;21-02-2029;10;500.0
16416;6;3;12-04-2027;4;2000.0
16417;5;9;18-10-2028;4;1000.0
16418;1;12;27-06-2029;8;240.0
16419;5;1;30-12-2029;10;12000.0
16420;6;12;10-04-2030;10;300.0
16421;2;3;11-02-2029;3;1500.0
16422;3;8;26-09-2027;7;490.0
16423;6;5;22-09-2028;3;150.0
16424;2;12;10-11-2030;9;270.0
16425;1;5;04-11-2027;6;300.0
16426;3;8;17-09-2026;1;70.0
16427;4;9;10-05-2027;6;1500.0
16428;4;6;04-06-2030;8;2400.0
16429;6;10;20-04-2027;10;800.0
16430;4;12;01-05-2026;7;210.0
16431;2;1;25-06-2030;9;10800.0
16432;3;5;13-10-2029;7;350.0
16433;5;4;26-01-2027;7;175.0
16434;6;8;30-11-2026;4;280.0
16435;4;6;18-08-2028;7;2100.0
16436;3;2;04-08-2026;5;4000.0
16437;6;10;15-02-2029;4;320.0
16438;2;12;23-12-2030;9;270.0
16439;5;4;12-07-2027;7;175.0
16440;3;10;23-09-2028;10;800.0
16441;1;11;13-06-2028;3;360.0
16442;5;10;23-02-2027;7;560.0
16443;4;10;06-07-2026;6;480.0
16444;1;8;03-12-2028;5;350.0
16445;2;3;11-10-2030;5;2500.0
16446;3;12;29-10-2030;8;240.0
16447;5;7;25-01-2028;1;150.0
16448;1;11;10-07-2026;2;240.0
16449;3;3;14-06-2028;5;2500.0
16450;4;12;08-08-2026;1;30.0
16451;4;6;03-11-2030;1;300.0
16452;5;3;06-04-2029;4;2000.0
16453;1;3;15-09-2026;9;4500.0
16454;3;1;21-11-2030;6;7200.0
16455;4;6;22-03-2028;1;300.0
16456;4;10;14-05-2029;4;320.0
16457;6;2;04-03-2028;1;800.0
16458;2;2;30-04-2028;10;8000.0
16459;5;9;05-08-2028;7;1750.0
16460;1;10;21-05-2030;5;400.0
16461;3;12;16-07-2030;4;120.0
16462;6;4;18-12-2026;1;25.0
16463;5;3;18-07-2026;9;4500.0
16464;6;8;25-08-2029;4;280.0
16465;3;12;04-05-2029;6;180.0
16466;4;11;28-04-2030;9;1080.0
16467;1;2;18-06-2030;5;4000.0
16468;1;7;27-05-2029;3;450.0
16469;1;2;04-01-2028;4;3200.0
16470;4;12;22-11-2029;3;90.0
16471;6;1;30-07-2026;6;7200.0
16472;4;4;10-10-2027;5;125.0
16473;4;9;24-03-2026;10;2500.0
16474;6;7;24-05-2026;1;150.0
16475;1;10;19-12-2030;6;480.0
16476;4;3;23-06-2028;1;500.0
16477;6;4;15-07-2030;10;250.0
16478;3;7;05-08-2028;1;150.0
16479;6;11;04-01-2028;6;720.0
16480;3;12;24-08-2028;7;210.0
16481;6;2;16-05-2026;10;8000.0
16482;6;4;27-11-2030;7;175.0
16483;2;9;24-02-2029;8;2000.0
16484;3;8;15-06-2028;3;210.0
16485;4;6;14-03-2029;10;3000.0
16486;5;10;05-06-2026;3;240.0
16487;3;1;19-03-2026;8;9600.0
16488;2;2;18-05-2028;2;1600.0
16489;4;7;08-09-2029;2;300.0
16490;1;10;07-07-2028;1;80.0
16491;5;9;19-08-2029;7;1750.0
16492;1;8;23-12-2028;1;70.0
16493;5;11;20-09-2029;8;960.0
16494;4;1;01-10-2028;7;8400.0
16495;1;5;14-05-2027;8;400.0
16496;6;2;02-08-2029;7;5600.0
16497;3;12;19-01-2030;3;90.0
16498;4;5;31-01-2028;9;450.0
16499;5;12;02-09-2028;4;120.0
16500;2;1;03-06-2029;8;9600.0
16501;1;4;29-05-2028;7;175.0
16502;6;7;17-10-2029;2;300.0
16503;3;3;28-04-2027;10;5000.0
16504;6;1;23-03-2028;2;2400.0
16505;3;11;16-07-2027;5;600.0
16506;5;2;22-10-2027;6;4800.0
16507;3;4;04-10-2028;6;150.0
16508;2;2;18-03-2026;8;6400.0
16509;2;5;23-04-2028;7;350.0
16510;6;5;14-07-2027;10;500.0
16511;5;5;26-09-2027;6;300.0
16512;6;7;08-08-2029;5;750.0
16513;6;12;14-03-2030;7;210.0
16514;2;9;31-03-2030;9;2250.0
16515;3;1;19-11-2029;2;2400.0
16516;6;4;16-03-2026;10;250.0
16517;4;5;28-03-2028;8;400.0
16518;4;5;06-11-2029;10;500.0
16519;1;6;26-05-2030;2;600.0
16520;5;7;12-11-2029;1;150.0
16521;6;2;16-02-2030;7;5600.0
16522;6;9;08-09-2030;5;1250.0
16523;6;9;11-07-2026;2;500.0
16524;2;7;19-10-2029;6;900.0
16525;2;12;05-07-2029;10;300.0
16526;4;7;22-11-2029;5;750.0
16527;3;12;21-11-2029;5;150.0
16528;2;1;09-06-2026;5;6000.0
16529;4;7;24-09-2028;7;1050.0
16530;6;7;28-10-2029;9;1350.0
16531;3;6;15-11-2030;9;2700.0
16532;4;5;16-06-2030;8;400.0
16533;4;8;04-06-2028;5;350.0
16534;4;11;28-11-2029;4;480.0
16535;3;10;29-01-2028;7;560.0
16536;2;2;22-02-2026;6;4800.0
16537;5;1;24-10-2030;10;12000.0
16538;4;5;18-09-2026;3;150.0
16539;2;3;08-06-2029;1;500.0
16540;2;9;03-04-2029;7;1750.0
16541;1;9;14-06-2029;3;750.0
16542;3;10;14-02-2028;5;400.0
16543;3;6;22-03-2027;1;300.0
16544;3;10;04-05-2029;3;240.0
16545;5;12;04-08-2030;10;300.0
16546;1;8;22-12-2030;8;560.0
16547;5;10;11-10-2026;4;320.0
16548;3;10;29-11-2028;8;640.0
16549;2;3;15-08-2030;10;5000.0
16550;3;11;18-09-2030;10;1200.0
16551;3;6;22-02-2029;2;600.0
16552;4;5;22-05-2028;9;450.0
16553;6;10;22-10-2028;6;480.0
16554;6;1;19-01-2027;10;12000.0
16555;5;7;15-07-2027;5;750.0
16556;4;10;08-07-2026;4;320.0
16557;2;2;30-05-2027;1;800.0
16558;2;1;18-12-2029;10;12000.0
16559;2;8;29-07-2026;7;490.0
16560;5;1;25-05-2027;3;3600.0
16561;3;9;20-06-2029;6;1500.0
16562;5;12;13-08-2028;9;270.0
16563;4;5;05-04-2027;10;500.0
16564;5;4;13-11-2027;9;225.0
16565;6;3;11-03-2027;3;1500.0
16566;1;2;21-06-2030;4;3200.0
16567;4;8;23-02-2030;7;490.0
16568;1;2;02-11-2029;1;800.0
16569;6;4;30-04-2026;6;150.0
16570;6;2;14-06-2027;4;3200.0
16571;6;7;31-05-2028;3;450.0
16572;3;2;31-03-2029;10;8000.0
16573;5;5;28-01-2027;1;50.0
16574;2;11;30-08-2027;7;840.0
16575;2;4;26-03-2027;3;75.0
16576;3;11;02-03-2029;9;1080.0
16577;3;5;07-04-2026;5;250.0
16578;5;3;22-08-2027;10;5000.0
16579;5;11;29-08-2027;6;720.0
16580;5;10;21-04-2029;6;480.0
16581;2;4;29-08-2030;2;50.0
16582;4;12;30-12-2026;4;120.0
16583;2;3;05-03-2029;9;4500.0
16584;2;5;12-12-2027;2;100.0
16585;3;8;03-09-2030;4;280.0
16586;6;9;09-11-2027;9;2250.0
16587;6;1;20-03-2030;8;9600.0
16588;3;2;02-10-2027;4;3200.0
16589;1;11;25-04-2029;5;600.0
16590;4;9;17-02-2028;3;750.0
16591;3;4;27-07-2030;7;175.0
16592;5;6;15-03-2030;9;2700.0
16593;3;7;04-05-2026;4;600.0
16594;2;5;12-08-2027;4;200.0
16595;6;1;11-02-2027;8;9600.0
16596;2;10;01-05-2026;1;80.0
16597;6;10;03-07-2027;8;640.0
16598;4;12;11-06-2029;4;120.0
16599;4;4;04-08-2026;5;125.0
16600;3;4;21-12-2026;7;175.0
16601;6;12;14-07-2026;10;300.0
16602;3;2;20-08-2030;10;8000.0
16603;6;10;26-06-2027;9;720.0
16604;1;5;03-08-2026;3;150.0
16605;2;4;10-11-2029;4;100.0
16606;2;2;03-09-2028;4;3200.0
16607;5;9;27-08-2030;10;2500.0
16608;2;2;17-12-2028;8;6400.0
16609;2;10;17-03-2026;6;480.0
16610;1;11;18-02-2028;8;960.0
16611;4;6;17-07-2027;7;2100.0
16612;4;5;03-12-2027;2;100.0
16613;6;9;30-12-2030;3;750.0
16614;3;6;30-07-2027;10;3000.0
16615;6;11;28-06-2026;9;1080.0
16616;2;2;18-03-2026;10;8000.0
16617;3;4;20-12-2026;8;200.0
16618;1;4;09-09-2029;8;200.0
16619;3;10;26-07-2028;10;800.0
16620;2;2;20-09-2029;7;5600.0
16621;5;8;22-02-2026;7;490.0
16622;1;4;24-06-2028;2;50.0
16623;2;11;03-11-2029;9;1080.0
16624;6;7;26-11-2028;7;1050.0
16625;5;5;21-02-2028;2;100.0
16626;1;10;15-07-2029;6;480.0
16627;3;10;16-02-2026;8;640.0
16628;2;4;05-07-2027;10;250.0
16629;4;10;31-03-2028;7;560.0
16630;2;8;10-08-2027;4;280.0
16631;5;3;25-12-2028;9;4500.0
16632;6;2;06-07-2029;4;3200.0
16633;4;11;29-10-2026;8;960.0
16634;2;5;28-10-2027;1;50.0
16635;1;3;13-01-2028;4;2000.0
16636;3;3;23-06-2028;9;4500.0
16637;6;7;09-07-2028;6;900.0
16638;5;1;22-04-2030;3;3600.0
16639;1;10;09-04-2026;3;240.0
16640;1;5;02-07-2030;6;300.0
16641;4;8;15-01-2027;5;350.0
16642;3;11;26-03-2026;7;840.0
16643;4;6;20-09-2026;7;2100.0
16644;2;9;29-10-2027;10;2500.0
16645;3;5;08-06-2029;8;400.0
16646;4;6;11-01-2029;6;1800.0
16647;1;8;27-01-2029;8;560.0
16648;6;9;12-03-2028;10;2500.0
16649;3;6;02-06-2026;10;3000.0
16650;4;9;29-07-2030;10;2500.0
16651;6;12;14-12-2028;4;120.0
16652;2;7;17-12-2029;7;1050.0
16653;5;2;28-09-2028;8;6400.0
16654;4;4;17-03-2030;4;100.0
16655;4;5;18-11-2026;3;150.0
16656;4;8;13-04-2030;1;70.0
16657;4;7;05-03-2027;6;900.0
16658;6;12;18-12-2028;9;270.0
16659;6;4;31-10-2029;8;200.0
16660;4;3;19-09-2026;8;4000.0
16661;5;4;13-09-2027;5;125.0
16662;2;2;27-07-2028;7;5600.0
16663;2;2;25-10-2028;2;1600.0
16664;4;5;05-05-2030;2;100.0
16665;1;10;12-11-2029;6;480.0
16666;5;1;26-03-2029;2;2400.0
16667;1;2;22-11-2030;4;3200.0
16668;2;3;02-01-2030;9;4500.0
16669;4;1;19-06-2027;7;8400.0
16670;1;4;24-12-2030;6;150.0
16671;2;1;23-02-2029;1;1200.0
16672;1;4;05-01-2030;6;150.0
16673;3;7;23-03-2029;10;1500.0
16674;1;3;02-12-2029;10;5000.0
16675;5;6;27-11-2028;8;2400.0
16676;1;10;15-10-2027;8;640.0
16677;2;4;15-06-2026;8;200.0
16678;3;1;03-05-2026;2;2400.0
16679;6;9;24-02-2026;10;2500.0
16680;1;6;10-10-2028;4;1200.0
16681;3;6;07-11-2030;10;3000.0
16682;1;6;06-10-2028;7;2100.0
16683;3;10;22-12-2030;6;480.0
16684;3;11;05-03-2030;3;360.0
16685;2;8;04-06-2026;7;490.0
16686;5;8;16-07-2026;3;210.0
16687;3;2;26-11-2029;2;1600.0
16688;6;2;01-12-2027;6;4800.0
16689;2;6;10-04-2026;7;2100.0
16690;1;1;01-10-2027;4;4800.0
16691;2;5;11-12-2028;6;300.0
16692;6;3;21-06-2029;7;3500.0
16693;6;9;24-06-2030;3;750.0
16694;3;9;14-10-2027;1;250.0
16695;1;4;06-04-2030;2;50.0
16696;6;11;27-08-2029;3;360.0
16697;2;3;16-05-2029;10;5000.0
16698;6;3;06-09-2026;10;5000.0
16699;1;5;01-03-2028;8;400.0
16700;6;1;15-11-2028;5;6000.0
16701;4;9;12-05-2027;6;1500.0
16702;1;6;19-09-2030;10;3000.0
16703;6;8;20-02-2026;2;140.0
16704;1;1;24-05-2028;7;8400.0
16705;6;9;22-11-2026;5;1250.0
16706;5;11;11-09-2030;8;960.0
16707;5;12;25-09-2026;4;120.0
16708;4;5;15-04-2027;8;400.0
16709;2;7;30-03-2029;5;750.0
16710;3;3;26-01-2028;6;3000.0
16711;4;11;27-09-2026;7;840.0
16712;5;1;15-01-2030;10;12000.0
16713;6;2;06-03-2026;5;4000.0
16714;5;7;10-11-2028;3;450.0
16715;6;4;13-10-2026;1;25.0
16716;4;10;13-12-2026;2;160.0
16717;1;8;24-03-2026;4;280.0
16718;2;9;09-10-2027;1;250.0
16719;3;8;05-02-2030;4;280.0
16720;4;10;09-06-2026;6;480.0
16721;4;4;10-04-2026;8;200.0
16722;2;6;25-01-2027;10;3000.0
16723;5;2;28-02-2029;2;1600.0
16724;2;6;23-03-2030;8;2400.0
16725;1;12;23-09-2029;9;270.0
16726;4;5;22-05-2026;6;300.0
16727;6;5;15-11-2030;4;200.0
16728;2;3;18-08-2027;3;1500.0
16729;6;8;11-02-2028;4;280.0
16730;3;6;03-12-2027;3;900.0
16731;1;7;23-08-2028;8;1200.0
16732;6;2;14-09-2030;1;800.0
16733;6;10;12-10-2030;3;240.0
16734;4;3;06-07-2029;7;3500.0
16735;4;4;04-09-2026;2;50.0
16736;3;6;08-05-2028;4;1200.0
16737;6;2;15-06-2027;4;3200.0
16738;3;9;02-11-2028;8;2000.0
16739;1;6;24-11-2029;2;600.0
16740;2;7;11-09-2027;2;300.0
16741;2;6;22-07-2026;3;900.0
16742;1;9;20-07-2029;3;750.0
16743;1;6;29-03-2026;2;600.0
16744;6;12;08-07-2030;8;240.0
16745;1;1;03-09-2029;10;12000.0
16746;2;6;13-12-2029;7;2100.0
16747;6;6;18-01-2030;2;600.0
16748;3;6;04-09-2028;3;900.0
16749;6;5;22-05-2030;1;50.0
16750;3;6;23-01-2028;2;600.0
16751;6;5;31-03-2026;3;150.0
16752;3;10;23-02-2030;6;480.0
16753;3;6;20-09-2028;6;1800.0
16754;3;6;09-02-2030;1;300.0
16755;2;1;16-10-2027;9;10800.0
16756;3;12;01-08-2030;8;240.0
16757;2;7;26-07-2026;5;750.0
16758;4;11;13-10-2026;5;600.0
16759;6;7;20-05-2029;2;300.0
16760;6;8;07-06-2028;10;700.0
16761;1;9;01-06-2029;10;2500.0
16762;1;7;17-10-2027;9;1350.0
16763;6;4;10-01-2028;1;25.0
16764;2;6;05-08-2026;8;2400.0
16765;4;7;25-05-2030;7;1050.0
16766;2;5;22-10-2030;3;150.0
16767;6;6;23-03-2027;3;900.0
16768;4;3;17-10-2029;10;5000.0
16769;1;9;29-04-2029;3;750.0
16770;2;10;12-09-2028;4;320.0
16771;5;4;05-01-2028;4;100.0
16772;6;8;16-06-2029;1;70.0
16773;2;2;14-09-2027;1;800.0
16774;5;4;24-11-2027;7;175.0
16775;2;11;10-11-2030;2;240.0
16776;4;10;26-03-2030;10;800.0
16777;1;1;28-02-2026;10;12000.0
16778;5;9;08-05-2029;5;1250.0
16779;5;6;31-07-2029;6;1800.0
16780;6;11;06-08-2026;5;600.0
16781;1;12;26-09-2027;2;60.0
16782;2;3;23-04-2027;7;3500.0
16783;5;2;18-08-2026;5;4000.0
16784;6;7;02-06-2027;1;150.0
16785;1;5;07-12-2029;10;500.0
16786;6;1;11-01-2028;9;10800.0
16787;5;12;01-09-2028;3;90.0
16788;4;3;27-06-2026;4;2000.0
16789;4;6;13-05-2029;9;2700.0
16790;5;12;03-11-2028;8;240.0
16791;6;3;03-08-2029;9;4500.0
16792;2;6;09-08-2027;9;2700.0
16793;4;12;31-10-2029;10;300.0
16794;6;8;17-03-2026;4;280.0
16795;5;1;22-02-2029;7;8400.0
16796;3;4;08-12-2026;6;150.0
16797;3;7;29-11-2027;3;450.0
16798;1;4;15-08-2030;3;75.0
16799;3;11;19-10-2026;3;360.0
16800;3;6;16-10-2028;10;3000.0
16801;1;10;07-06-2030;1;80.0
16802;5;8;14-09-2027;7;490.0
16803;4;2;17-12-2026;7;5600.0
16804;2;12;25-12-2029;9;270.0
16805;3;6;29-11-2028;2;600.0
16806;5;4;23-12-2030;10;250.0
16807;1;3;06-03-2030;4;2000.0
16808;3;5;23-12-2029;4;200.0
16809;3;12;07-01-2028;8;240.0
16810;2;3;03-04-2027;2;1000.0
16811;5;4;13-06-2027;10;250.0
16812;4;11;20-08-2029;6;720.0
16813;2;6;15-12-2029;7;2100.0
16814;2;9;23-01-2028;3;750.0
16815;6;6;16-05-2026;1;300.0
16816;1;10;03-01-2027;8;640.0
16817;6;4;03-02-2027;7;175.0
16818;1;7;17-10-2027;3;450.0
16819;2;6;18-09-2030;7;2100.0
16820;6;6;03-11-2029;8;2400.0
16821;3;5;14-10-2026;7;350.0
16822;1;9;07-05-2027;8;2000.0
16823;5;4;04-11-2029;7;175.0
16824;1;4;07-08-2026;8;200.0
16825;5;4;27-10-2027;8;200.0
16826;4;2;21-11-2027;10;8000.0
16827;1;7;28-10-2030;6;900.0
16828;3;6;20-06-2030;5;1500.0
16829;2;7;11-09-2026;8;1200.0
16830;4;7;09-11-2029;8;1200.0
16831;6;10;03-04-2028;6;480.0
16832;1;7;29-12-2026;9;1350.0
16833;6;3;09-06-2029;5;2500.0
16834;2;4;18-09-2029;6;150.0
16835;4;8;16-07-2029;1;70.0
16836;2;9;31-12-2030;1;250.0
16837;6;4;10-02-2030;9;225.0
16838;6;4;17-07-2028;2;50.0
16839;2;3;25-02-2028;5;2500.0
16840;4;4;05-04-2030;9;225.0
16841;6;4;03-07-2030;3;75.0
16842;1;12;01-02-2027;4;120.0
16843;5;9;19-05-2029;4;1000.0
16844;3;1;12-02-2027;9;10800.0
16845;6;12;03-10-2026;7;210.0
16846;1;8;03-10-2028;10;700.0
16847;6;10;13-09-2029;5;400.0
16848;1;11;21-12-2030;2;240.0
16849;2;6;09-10-2027;9;2700.0
16850;2;11;21-10-2030;4;480.0
16851;2;8;25-10-2030;6;420.0
16852;5;1;12-12-2027;1;1200.0
16853;1;11;20-11-2029;9;1080.0
16854;1;1;22-12-2030;9;10800.0
16855;1;10;30-10-2029;1;80.0
16856;4;12;04-11-2026;6;180.0
16857;3;7;09-04-2030;3;450.0
16858;5;1;15-08-2028;5;6000.0
16859;1;8;04-10-2026;9;630.0
16860;3;8;13-11-2028;1;70.0
16861;1;1;31-05-2030;1;1200.0
16862;4;12;21-02-2030;1;30.0
16863;3;1;27-07-2030;6;7200.0
16864;4;6;10-07-2026;2;600.0
16865;3;2;18-12-2027;5;4000.0
16866;4;3;18-02-2027;4;2000.0
16867;6;2;03-08-2028;3;2400.0
16868;2;12;04-08-2029;6;180.0
16869;2;8;03-11-2026;7;490.0
16870;6;5;23-11-2028;8;400.0
16871;3;9;14-05-2030;2;500.0
16872;5;9;13-04-2030;9;2250.0
16873;2;2;28-05-2029;9;7200.0
16874;5;1;20-04-2026;6;7200.0
16875;1;1;10-02-2027;4;4800.0
16876;1;5;04-11-2027;10;500.0
16877;3;12;11-04-2026;1;30.0
16878;6;6;07-08-2029;7;2100.0
16879;6;4;16-10-2027;6;150.0
16880;5;4;22-01-2030;6;150.0
16881;4;9;15-08-2028;10;2500.0
16882;2;7;07-07-2030;5;750.0
16883;5;1;10-08-2026;5;6000.0
16884;2;10;10-11-2028;1;80.0
16885;6;12;23-07-2030;8;240.0
16886;5;12;13-02-2030;3;90.0
16887;6;9;11-10-2026;3;750.0
16888;5;10;01-10-2027;5;400.0
16889;2;6;10-07-2026;2;600.0
16890;5;3;16-03-2027;6;3000.0
16891;4;11;04-12-2028;2;240.0
16892;4;1;21-06-2026;2;2400.0
16893;2;1;21-02-2029;5;6000.0
16894;1;4;08-09-2027;2;50.0
16895;2;9;20-09-2027;8;2000.0
16896;5;5;22-10-2029;2;100.0
16897;3;3;29-05-2026;4;2000.0
16898;3;1;22-02-2027;4;4800.0
16899;6;10;13-08-2028;8;640.0
16900;6;4;02-09-2027;2;50.0
16901;5;11;27-11-2027;5;600.0
16902;1;4;09-01-2030;5;125.0
16903;4;10;28-07-2028;2;160.0
16904;1;7;21-05-2028;7;1050.0
16905;1;11;08-02-2029;10;1200.0
16906;5;12;09-08-2027;10;300.0
16907;5;4;27-04-2029;1;25.0
16908;3;10;07-02-2029;1;80.0
16909;1;7;10-04-2028;1;150.0
16910;3;12;02-01-2029;6;180.0
16911;3;9;21-07-2029;3;750.0
16912;4;2;03-06-2029;10;8000.0
16913;5;2;05-10-2027;3;2400.0
16914;3;6;13-02-2028;2;600.0
16915;3;5;02-09-2028;3;150.0
16916;6;4;16-04-2027;7;175.0
16917;6;6;17-07-2027;4;1200.0
16918;5;4;12-01-2030;7;175.0
16919;4;7;10-07-2030;7;1050.0
16920;3;3;03-03-2029;7;3500.0
16921;2;12;03-07-2028;6;180.0
16922;3;5;05-12-2028;10;500.0
16923;5;5;01-06-2030;6;300.0
16924;4;7;17-09-2027;6;900.0
16925;5;1;27-08-2027;4;4800.0
16926;2;10;09-09-2030;9;720.0
16927;1;5;30-12-2030;2;100.0
16928;2;4;20-04-2027;8;200.0
16929;6;8;05-10-2026;9;630.0
16930;6;12;08-05-2027;1;30.0
16931;3;9;27-01-2030;8;2000.0
16932;5;12;17-11-2028;1;30.0
16933;4;2;22-05-2029;3;2400.0
16934;4;6;04-08-2029;5;1500.0
16935;5;4;02-04-2029;1;25.0
16936;6;12;26-09-2026;2;60.0
16937;3;9;30-09-2027;3;750.0
16938;1;7;02-09-2028;2;300.0
16939;3;10;18-12-2028;3;240.0
16940;5;2;26-10-2028;6;4800.0
16941;5;6;26-07-2026;7;2100.0
16942;3;6;11-11-2028;2;600.0
16943;3;8;27-02-2026;3;210.0
16944;1;12;28-10-2028;6;180.0
16945;1;4;14-06-2030;7;175.0
16946;6;8;09-09-2026;4;280.0
16947;5;10;14-09-2030;9;720.0
16948;3;8;06-02-2029;1;70.0
16949;4;1;06-08-2026;6;7200.0
16950;4;11;07-12-2030;10;1200.0
16951;2;1;22-01-2029;3;3600.0
16952;2;4;27-12-2030;8;200.0
16953;6;3;11-09-2026;6;3000.0
16954;3;7;10-12-2028;8;1200.0
16955;5;5;01-12-2029;5;250.0
16956;1;7;11-11-2028;8;1200.0
16957;3;10;16-08-2028;5;400.0
16958;4;6;28-10-2030;8;2400.0
16959;2;10;14-10-2030;6;480.0
16960;3;5;21-11-2029;8;400.0
16961;6;2;04-10-2026;6;4800.0
16962;6;5;26-12-2029;2;100.0
16963;4;12;01-01-2027;2;60.0
16964;5;10;19-03-2029;1;80.0
16965;3;9;23-03-2029;4;1000.0
16966;6;2;02-09-2027;4;3200.0
16967;3;8;25-04-2028;4;280.0
16968;3;2;04-10-2028;7;5600.0
16969;4;3;21-02-2027;3;1500.0
16970;5;1;14-06-2029;4;4800.0
16971;5;11;02-07-2026;4;480.0
16972;4;10;13-12-2029;8;640.0
16973;3;8;22-10-2029;1;70.0
16974;6;9;20-01-2029;7;1750.0
16975;2;8;22-07-2027;4;280.0
16976;6;2;30-06-2029;1;800.0
16977;2;11;30-06-2026;1;120.0
16978;6;2;02-09-2030;9;7200.0
16979;1;5;15-01-2028;1;50.0
16980;4;11;06-11-2030;2;240.0
16981;5;2;19-05-2026;6;4800.0
16982;5;5;08-11-2027;1;50.0
16983;4;10;07-06-2026;3;240.0
16984;5;11;11-01-2028;7;840.0
16985;4;4;09-08-2028;4;100.0
16986;6;12;23-02-2026;4;120.0
16987;1;12;19-03-2028;8;240.0
16988;5;11;05-02-2028;2;240.0
16989;5;10;15-02-2027;4;320.0
16990;3;8;18-05-2029;4;280.0
16991;2;10;09-12-2029;8;640.0
16992;4;5;14-04-2027;7;350.0
16993;6;3;01-10-2027;5;2500.0
16994;5;4;15-05-2026;8;200.0
16995;3;1;11-01-2030;9;10800.0
16996;3;7;18-01-2029;6;900.0
16997;5;7;01-12-2029;7;1050.0
16998;5;10;10-09-2029;3;240.0
16999;3;2;17-06-2028;8;6400.0
17000;5;5;03-10-2029;3;150.0
17001;1;7;03-02-2027;8;1200.0
17002;5;12;11-04-2028;7;210.0
17003;4;10;19-03-2027;5;400.0
17004;5;11;23-03-2027;10;1200.0
17005;6;9;16-06-2030;3;750.0
17006;5;4;31-05-2027;2;50.0
17007;2;11;23-01-2027;7;840.0
17008;5;10;18-11-2030;7;560.0
17009;1;7;24-11-2029;1;150.0
17010;2;6;18-07-2027;10;3000.0
17011;1;8;01-09-2026;5;350.0
17012;1;8;06-06-2027;10;700.0
17013;3;8;13-06-2026;3;210.0
17014;1;9;21-04-2027;1;250.0
17015;1;4;03-10-2026;8;200.0
17016;5;9;01-01-2027;6;1500.0
17017;5;11;15-12-2027;2;240.0
17018;2;3;13-08-2028;2;1000.0
17019;5;12;11-08-2026;5;150.0
17020;2;6;26-03-2027;6;1800.0
17021;6;6;06-12-2029;3;900.0
17022;5;5;09-12-2029;6;300.0
17023;3;6;11-03-2027;4;1200.0
17024;4;2;19-09-2026;1;800.0
17025;3;4;05-01-2030;4;100.0
17026;5;7;29-08-2027;4;600.0
17027;5;4;19-02-2026;10;250.0
17028;1;4;13-09-2030;7;175.0
17029;1;3;31-01-2027;1;500.0
17030;2;10;03-12-2028;3;240.0
17031;4;5;20-04-2028;5;250.0
17032;3;10;13-09-2030;8;640.0
17033;2;3;19-05-2030;5;2500.0
17034;3;5;23-05-2026;3;150.0
17035;5;5;20-02-2029;2;100.0
17036;1;10;04-04-2026;9;720.0
17037;6;6;13-04-2029;10;3000.0
17038;6;9;20-07-2029;10;2500.0
17039;2;3;21-02-2027;8;4000.0
17040;6;2;28-10-2029;4;3200.0
17041;3;2;15-12-2027;1;800.0
17042;4;8;11-10-2028;6;420.0
17043;3;8;30-11-2028;6;420.0
17044;5;8;15-10-2030;6;420.0
17045;6;8;13-06-2027;2;140.0
17046;3;7;06-12-2029;6;900.0
17047;5;2;11-06-2027;8;6400.0
17048;2;5;05-11-2030;8;400.0
17049;4;3;05-11-2030;1;500.0
17050;3;5;22-09-2029;4;200.0
17051;5;11;25-11-2027;7;840.0
17052;5;9;25-05-2029;8;2000.0
17053;5;10;07-04-2026;9;720.0
17054;5;10;30-10-2028;9;720.0
17055;5;5;11-09-2029;3;150.0
17056;3;9;27-09-2029;5;1250.0
17057;3;12;05-01-2030;4;120.0
17058;3;2;22-01-2029;1;800.0
17059;5;2;18-09-2029;8;6400.0
17060;6;4;30-07-2029;2;50.0
17061;5;9;25-01-2029;8;2000.0
17062;4;6;13-06-2029;6;1800.0
17063;6;6;24-08-2028;2;600.0
17064;3;9;06-06-2026;7;1750.0
17065;3;10;02-07-2028;2;160.0
17066;6;12;11-03-2029;8;240.0
17067;4;2;22-09-2027;6;4800.0
17068;4;6;04-01-2027;5;1500.0
17069;4;2;08-10-2026;1;800.0
17070;6;1;24-03-2028;7;8400.0
17071;5;10;16-05-2028;3;240.0
17072;5;2;01-04-2026;5;4000.0
17073;5;10;22-03-2027;9;720.0
17074;1;6;18-10-2027;5;1500.0
17075;2;6;25-11-2027;7;2100.0
17076;2;7;09-10-2028;4;600.0
17077;4;1;01-08-2027;9;10800.0
17078;4;3;25-08-2029;6;3000.0
17079;5;5;27-01-2030;10;500.0
17080;6;7;16-01-2029;6;900.0
17081;4;5;19-08-2029;2;100.0
17082;2;9;26-05-2028;10;2500.0
17083;6;12;09-07-2028;9;270.0
17084;5;4;04-10-2028;3;75.0
17085;3;10;05-01-2029;2;160.0
17086;3;8;20-11-2027;9;630.0
17087;6;2;15-08-2026;1;800.0
17088;3;10;25-02-2028;7;560.0
17089;3;10;12-01-2028;3;240.0
17090;4;5;03-06-2029;5;250.0
17091;6;7;18-03-2027;6;900.0
17092;2;9;08-12-2030;6;1500.0
17093;2;3;27-06-2029;8;4000.0
17094;3;10;17-10-2026;2;160.0
17095;3;6;28-08-2029;10;3000.0
17096;4;2;06-05-2027;8;6400.0
17097;2;1;25-11-2028;4;4800.0
17098;3;6;16-06-2027;10;3000.0
17099;2;5;20-01-2027;1;50.0
17100;5;2;28-12-2027;5;4000.0
17101;3;12;21-09-2029;9;270.0
17102;3;8;04-12-2028;10;700.0
17103;3;11;11-06-2030;3;360.0
17104;3;7;05-07-2028;6;900.0
17105;4;5;09-12-2027;5;250.0
17106;6;5;24-06-2027;1;50.0
17107;1;7;22-12-2029;7;1050.0
17108;2;1;08-05-2029;3;3600.0
17109;1;6;02-01-2028;10;3000.0
17110;2;6;09-12-2026;1;300.0
17111;4;11;29-08-2029;2;240.0
17112;2;8;16-01-2028;3;210.0
17113;4;12;24-12-2029;5;150.0
17114;4;11;06-08-2027;5;600.0
17115;6;2;20-07-2027;8;6400.0
17116;2;7;09-07-2030;8;1200.0
17117;2;1;25-09-2029;7;8400.0
17118;2;12;28-01-2030;3;90.0
17119;2;8;14-04-2030;6;420.0
17120;3;9;16-06-2026;2;500.0
17121;5;8;10-05-2030;4;280.0
17122;6;10;22-08-2029;3;240.0
17123;3;12;21-04-2027;3;90.0
17124;6;12;02-01-2028;6;180.0
17125;6;7;21-10-2027;10;1500.0
17126;2;8;29-08-2029;3;210.0
17127;5;10;19-09-2028;3;240.0
17128;5;4;04-06-2027;7;175.0
17129;1;11;21-08-2026;3;360.0
17130;5;11;11-10-2026;6;720.0
17131;6;4;18-07-2029;5;125.0
17132;2;6;22-09-2029;7;2100.0
17133;4;3;12-05-2027;10;5000.0
17134;2;9;06-11-2028;8;2000.0
17135;4;8;15-03-2026;3;210.0
17136;4;1;01-02-2027;1;1200.0
17137;4;1;29-11-2028;4;4800.0
17138;5;8;30-04-2026;6;420.0
17139;1;4;07-12-2029;10;250.0
17140;4;7;04-11-2029;2;300.0
17141;2;8;15-12-2026;9;630.0
17142;3;9;08-05-2026;9;2250.0
17143;5;4;16-05-2029;7;175.0
17144;4;5;24-11-2026;5;250.0
17145;5;8;19-11-2030;4;280.0
17146;3;1;15-03-2029;9;10800.0
17147;6;5;08-12-2026;6;300.0
17148;1;5;13-05-2026;9;450.0
17149;2;3;18-11-2029;6;3000.0
17150;6;1;19-03-2027;5;6000.0
17151;6;8;22-03-2026;2;140.0
17152;5;10;19-09-2027;8;640.0
17153;1;12;07-08-2030;2;60.0
17154;4;12;22-06-2030;1;30.0
17155;6;8;27-08-2028;1;70.0
17156;4;10;05-05-2028;8;640.0
17157;2;11;07-11-2028;8;960.0
17158;3;1;23-12-2029;6;7200.0
17159;5;10;10-10-2026;10;800.0
17160;4;4;26-03-2030;1;25.0
17161;5;1;06-02-2029;5;6000.0
17162;4;3;23-02-2030;4;2000.0
17163;5;10;04-11-2026;5;400.0
17164;1;5;05-05-2026;4;200.0
17165;5;7;06-03-2029;1;150.0
17166;5;10;23-08-2026;1;80.0
17167;3;12;19-05-2026;10;300.0
17168;6;4;03-06-2029;1;25.0
17169;4;3;01-10-2030;7;3500.0
17170;6;10;16-03-2029;10;800.0
17171;3;11;20-02-2028;6;720.0
17172;1;3;12-04-2027;4;2000.0
17173;5;11;28-08-2030;3;360.0
17174;1;10;07-03-2029;4;320.0
17175;3;4;08-03-2029;7;175.0
17176;6;7;25-06-2028;2;300.0
17177;3;12;26-06-2027;2;60.0
17178;1;9;23-12-2026;3;750.0
17179;1;1;22-10-2027;8;9600.0
17180;1;8;18-07-2030;2;140.0
17181;4;5;07-03-2027;8;400.0
17182;1;4;06-03-2029;7;175.0
17183;4;9;02-09-2026;7;1750.0
17184;3;11;17-02-2030;6;720.0
17185;6;2;03-10-2028;7;5600.0
17186;5;3;01-10-2029;1;500.0
17187;3;2;05-09-2028;6;4800.0
17188;4;1;10-07-2030;6;7200.0
17189;5;12;16-12-2027;2;60.0
17190;4;5;17-12-2030;7;350.0
17191;4;8;27-05-2030;3;210.0
17192;4;11;11-01-2028;6;720.0
17193;4;2;01-11-2026;8;6400.0
17194;6;8;19-03-2026;7;490.0
17195;5;1;22-11-2026;7;8400.0
17196;3;10;09-12-2030;8;640.0
17197;3;12;04-01-2028;3;90.0
17198;1;8;14-10-2030;7;490.0
17199;2;10;10-11-2029;1;80.0
17200;3;4;29-04-2029;7;175.0
17201;3;9;23-09-2030;5;1250.0
17202;6;12;28-12-2027;7;210.0
17203;2;7;12-12-2027;7;1050.0
17204;6;5;18-07-2027;3;150.0
17205;4;4;20-12-2027;8;200.0
17206;1;3;09-12-2028;4;2000.0
17207;2;8;29-10-2026;10;700.0
17208;5;3;01-07-2026;1;500.0
17209;5;10;19-12-2027;1;80.0
17210;2;4;29-11-2027;3;75.0
17211;6;7;16-02-2027;5;750.0
17212;3;2;04-12-2026;5;4000.0
17213;3;8;07-02-2027;2;140.0
17214;4;9;28-12-2030;2;500.0
17215;2;6;08-11-2029;9;2700.0
17216;3;6;16-09-2030;4;1200.0
17217;6;6;30-08-2030;10;3000.0
17218;3;12;17-09-2027;1;30.0
17219;5;3;19-04-2028;8;4000.0
17220;2;8;17-08-2027;6;420.0
17221;3;11;29-03-2027;1;120.0
17222;5;7;06-12-2028;4;600.0
17223;2;9;07-07-2029;7;1750.0
17224;2;4;14-04-2027;10;250.0
17225;3;2;09-08-2029;10;8000.0
17226;6;8;20-12-2027;1;70.0
17227;5;2;28-01-2030;8;6400.0
17228;5;1;29-08-2029;3;3600.0
17229;1;12;31-10-2029;4;120.0
17230;1;6;24-03-2027;5;1500.0
17231;3;11;16-02-2028;9;1080.0
17232;6;10;28-01-2029;3;240.0
17233;3;12;07-04-2028;6;180.0
17234;3;3;27-12-2028;10;5000.0
17235;3;9;30-01-2028;4;1000.0
17236;5;2;25-11-2028;8;6400.0
17237;5;6;09-05-2027;9;2700.0
17238;5;5;20-06-2026;9;450.0
17239;2;5;25-03-2030;1;50.0
17240;6;6;14-08-2028;2;600.0
17241;3;5;18-04-2030;5;250.0
17242;4;8;18-06-2027;5;350.0
17243;2;6;27-08-2029;7;2100.0
17244;3;11;20-07-2029;10;1200.0
17245;5;4;05-05-2028;10;250.0
17246;5;5;11-11-2029;6;300.0
17247;4;1;24-02-2029;9;10800.0
17248;6;9;21-05-2030;2;500.0
17249;2;7;04-06-2030;6;900.0
17250;5;9;20-06-2029;1;250.0
17251;1;4;05-06-2027;3;75.0
17252;1;6;15-09-2026;1;300.0
17253;5;8;27-12-2028;10;700.0
17254;2;10;07-07-2026;8;640.0
17255;5;3;04-02-2029;8;4000.0
17256;4;1;15-02-2029;5;6000.0
17257;3;11;20-03-2029;8;960.0
17258;3;3;30-11-2029;4;2000.0
17259;1;7;20-06-2027;6;900.0
17260;4;8;15-05-2028;8;560.0
17261;5;8;05-05-2030;4;280.0
17262;6;8;02-05-2030;2;140.0
17263;5;5;29-09-2030;8;400.0
17264;1;1;03-10-2029;3;3600.0
17265;6;6;30-11-2028;2;600.0
17266;3;1;03-03-2029;9;10800.0
17267;3;4;15-04-2029;7;175.0
17268;1;2;19-12-2026;4;3200.0
17269;4;8;24-05-2029;2;140.0
17270;1;5;27-07-2030;7;350.0
17271;1;1;06-11-2028;8;9600.0
17272;2;10;07-10-2030;4;320.0
17273;4;2;27-06-2029;4;3200.0
17274;5;3;07-04-2029;6;3000.0
17275;3;4;10-06-2029;8;200.0
17276;3;3;08-10-2029;1;500.0
17277;6;11;27-05-2027;1;120.0
17278;3;9;18-02-2027;1;250.0
17279;1;8;17-06-2030;7;490.0
17280;2;5;17-10-2030;1;50.0
17281;5;8;24-11-2030;7;490.0
17282;3;3;12-12-2028;10;5000.0
17283;6;5;02-10-2030;8;400.0
17284;2;6;12-10-2026;4;1200.0
17285;4;7;10-03-2027;2;300.0
17286;5;5;08-12-2028;9;450.0
17287;3;1;24-02-2029;9;10800.0
17288;3;6;22-02-2028;9;2700.0
17289;1;9;21-12-2028;4;1000.0
17290;5;2;10-08-2026;5;4000.0
17291;1;10;01-03-2028;10;800.0
17292;6;3;20-08-2028;4;2000.0
17293;5;7;20-04-2028;2;300.0
17294;1;11;28-01-2029;6;720.0
17295;1;9;24-01-2027;4;1000.0
17296;3;1;06-09-2027;2;2400.0
17297;6;9;13-09-2026;3;750.0
17298;1;7;18-02-2026;5;750.0
17299;5;8;29-01-2030;7;490.0
17300;6;11;22-08-2030;2;240.0
17301;2;12;12-01-2030;6;180.0
17302;5;9;01-02-2027;2;500.0
17303;6;7;19-09-2026;7;1050.0
17304;3;6;21-07-2029;2;600.0
17305;5;12;22-05-2030;7;210.0
17306;4;9;28-11-2029;1;250.0
17307;1;11;08-08-2026;2;240.0
17308;6;2;19-03-2027;9;7200.0
17309;4;6;20-05-2027;4;1200.0
17310;6;10;14-09-2028;5;400.0
17311;5;11;14-09-2028;8;960.0
17312;2;5;17-09-2030;8;400.0
17313;1;2;24-05-2027;5;4000.0
17314;1;8;08-01-2029;4;280.0
17315;4;7;04-03-2026;1;150.0
17316;5;1;15-08-2027;9;10800.0
17317;5;6;28-10-2028;9;2700.0
17318;3;11;16-12-2028;4;480.0
17319;2;6;24-08-2028;7;2100.0
17320;4;11;25-08-2026;9;1080.0
17321;5;11;23-09-2029;9;1080.0
17322;5;11;01-09-2029;6;720.0
17323;4;9;10-02-2028;1;250.0
17324;3;10;10-07-2026;3;240.0
17325;1;11;25-11-2028;4;480.0
17326;1;7;01-11-2030;2;300.0
17327;1;9;28-08-2026;3;750.0
17328;1;6;16-04-2027;10;3000.0
17329;3;10;25-08-2028;1;80.0
17330;3;8;02-03-2028;10;700.0
17331;6;2;01-06-2029;6;4800.0
17332;4;9;25-07-2030;3;750.0
17333;6;10;15-05-2030;2;160.0
17334;6;8;09-12-2028;6;420.0
17335;6;10;30-05-2026;9;720.0
17336;1;5;07-01-2030;8;400.0
17337;1;7;08-12-2026;5;750.0
17338;2;12;11-05-2027;7;210.0
17339;6;4;29-05-2026;5;125.0
17340;3;9;01-10-2030;2;500.0
17341;4;7;21-12-2029;10;1500.0
17342;1;8;23-03-2029;4;280.0
17343;5;5;24-02-2026;2;100.0
17344;1;8;27-07-2030;8;560.0
17345;6;6;08-10-2030;8;2400.0
17346;1;2;10-05-2028;4;3200.0
17347;6;6;05-12-2029;3;900.0
17348;1;11;02-11-2028;1;120.0
17349;5;6;07-01-2029;3;900.0
17350;1;11;13-02-2029;10;1200.0
17351;6;2;03-07-2026;3;2400.0
17352;3;9;17-02-2027;9;2250.0
17353;5;7;23-12-2027;9;1350.0
17354;4;4;21-10-2027;5;125.0
17355;6;11;31-07-2026;6;720.0
17356;4;4;12-12-2027;2;50.0
17357;3;2;16-03-2030;7;5600.0
17358;1;11;09-05-2026;2;240.0
17359;5;6;15-07-2029;8;2400.0
17360;2;11;26-03-2028;4;480.0
17361;6;6;15-07-2028;4;1200.0
17362;2;4;09-12-2030;2;50.0
17363;2;2;05-08-2026;4;3200.0
17364;1;7;11-07-2029;4;600.0
17365;3;11;31-08-2030;8;960.0
17366;6;6;25-03-2027;4;1200.0
17367;5;9;03-07-2027;7;1750.0
17368;2;5;03-09-2028;2;100.0
17369;5;8;09-07-2030;8;560.0
17370;4;10;14-09-2026;8;640.0
17371;3;4;04-02-2028;9;225.0
17372;1;8;20-07-2026;2;140.0
17373;4;12;07-02-2027;10;300.0
17374;2;10;10-11-2029;2;160.0
17375;4;10;16-09-2028;3;240.0
17376;3;9;18-05-2028;8;2000.0
17377;2;10;24-08-2026;10;800.0
17378;2;10;16-06-2028;2;160.0
17379;4;9;27-02-2026;9;2250.0
17380;4;4;07-06-2030;9;225.0
17381;1;3;14-04-2027;4;2000.0
17382;3;8;24-10-2027;9;630.0
17383;4;11;18-04-2027;4;480.0
17384;5;4;21-11-2027;3;75.0
17385;3;3;10-08-2028;7;3500.0
17386;2;6;14-09-2029;3;900.0
17387;5;2;01-05-2030;4;3200.0
17388;3;11;18-07-2028;4;480.0
17389;6;4;07-01-2028;1;25.0
17390;2;11;16-12-2028;2;240.0
17391;3;12;13-09-2030;1;30.0
17392;3;8;12-12-2030;4;280.0
17393;3;5;07-03-2027;3;150.0
17394;4;6;29-03-2028;7;2100.0
17395;4;4;13-05-2028;10;250.0
17396;2;3;13-12-2028;10;5000.0
17397;5;11;28-05-2027;7;840.0
17398;6;1;16-06-2026;3;3600.0
17399;3;5;20-04-2027;6;300.0
17400;6;6;05-11-2027;10;3000.0
17401;5;12;29-05-2027;1;30.0
17402;1;5;22-03-2028;3;150.0
17403;1;10;26-10-2028;9;720.0
17404;2;6;13-10-2026;1;300.0
17405;2;6;02-09-2030;10;3000.0
17406;5;11;07-02-2030;5;600.0
17407;5;10;27-06-2030;3;240.0
17408;4;7;22-01-2030;6;900.0
17409;4;10;06-03-2026;4;320.0
17410;5;1;26-12-2027;3;3600.0
17411;5;3;12-03-2027;9;4500.0
17412;2;8;10-10-2026;10;700.0
17413;4;9;23-02-2028;4;1000.0
17414;2;9;22-08-2029;10;2500.0
17415;6;1;26-05-2027;5;6000.0
17416;5;1;17-05-2028;6;7200.0
17417;1;10;24-10-2026;6;480.0
17418;1;9;25-05-2027;1;250.0
17419;5;1;16-06-2030;8;9600.0
17420;4;3;22-03-2030;3;1500.0
17421;4;1;19-02-2030;1;1200.0
17422;5;4;17-03-2029;7;175.0
17423;6;9;24-01-2029;8;2000.0
17424;3;6;21-09-2027;9;2700.0
17425;6;4;19-08-2028;1;25.0
17426;3;11;22-04-2029;5;600.0
17427;3;12;09-10-2030;1;30.0
17428;4;4;08-01-2029;1;25.0
17429;5;12;10-08-2027;3;90.0
17430;3;5;30-05-2027;4;200.0
17431;1;5;12-11-2030;1;50.0
17432;3;10;05-04-2030;4;320.0
17433;5;4;21-06-2027;7;175.0
17434;3;10;07-10-2030;7;560.0
17435;5;12;05-03-2029;9;270.0
17436;5;4;09-10-2029;5;125.0
17437;6;9;01-09-2027;10;2500.0
17438;6;7;31-12-2027;8;1200.0
17439;5;1;15-06-2029;6;7200.0
17440;2;6;24-05-2028;1;300.0
17441;3;12;25-08-2029;6;180.0
17442;1;3;05-12-2026;4;2000.0
17443;1;2;25-08-2030;7;5600.0
17444;5;3;10-12-2026;6;3000.0
17445;2;4;12-09-2029;3;75.0
17446;1;8;16-07-2030;7;490.0
17447;2;8;04-06-2030;7;490.0
17448;6;3;08-09-2027;7;3500.0
17449;3;9;09-09-2028;4;1000.0
17450;3;7;10-11-2028;6;900.0
17451;5;8;26-01-2029;4;280.0
17452;6;3;24-09-2030;7;3500.0
17453;2;5;01-06-2028;10;500.0
17454;4;6;03-02-2028;9;2700.0
17455;5;10;13-08-2030;4;320.0
17456;2;1;27-04-2028;9;10800.0
17457;4;11;07-03-2029;1;120.0
17458;5;6;09-09-2028;8;2400.0
17459;1;4;15-04-2026;2;50.0
17460;2;5;04-01-2029;7;350.0
17461;6;7;19-10-2028;6;900.0
17462;6;8;30-05-2030;5;350.0
17463;6;5;28-08-2026;1;50.0
17464;6;3;14-06-2030;8;4000.0
17465;5;1;31-10-2029;2;2400.0
17466;6;3;27-12-2027;2;1000.0
17467;5;11;14-08-2026;8;960.0
17468;1;8;13-12-2027;8;560.0
17469;5;11;27-04-2027;5;600.0
17470;6;10;18-11-2027;10;800.0
17471;1;11;25-06-2030;2;240.0
17472;4;2;16-05-2029;7;5600.0
17473;3;6;27-10-2028;6;1800.0
17474;2;2;26-09-2030;8;6400.0
17475;4;1;26-07-2027;4;4800.0
17476;3;4;08-02-2030;10;250.0
17477;6;12;05-04-2026;3;90.0
17478;6;11;02-07-2027;4;480.0
17479;6;12;22-04-2026;4;120.0
17480;5;6;05-09-2030;5;1500.0
17481;2;9;27-01-2030;5;1250.0
17482;5;5;19-06-2028;1;50.0
17483;2;1;23-10-2027;5;6000.0
17484;3;9;20-07-2030;9;2250.0
17485;5;7;03-08-2027;5;750.0
17486;3;9;14-08-2026;1;250.0
17487;3;11;24-08-2029;3;360.0
17488;3;5;06-12-2026;2;100.0
17489;6;8;23-12-2026;7;490.0
17490;5;12;12-09-2029;4;120.0
17491;2;6;03-09-2028;3;900.0
17492;5;5;07-02-2029;5;250.0
17493;6;12;29-04-2026;3;90.0
17494;6;1;20-11-2029;9;10800.0
17495;2;3;01-12-2026;5;2500.0
17496;4;9;05-11-2029;6;1500.0
17497;6;4;19-12-2028;6;150.0
17498;6;7;15-08-2029;1;150.0
17499;4;6;25-03-2028;2;600.0
17500;4;3;18-02-2030;1;500.0
17501;2;9;29-10-2030;6;1500.0
17502;3;9;30-01-2027;2;500.0
17503;2;6;28-08-2030;4;1200.0
17504;6;3;14-05-2027;10;5000.0
17505;2;12;21-04-2030;1;30.0
17506;4;10;12-05-2030;6;480.0
17507;2;5;02-04-2027;9;450.0
17508;1;6;08-04-2030;6;1800.0
17509;6;10;10-05-2029;7;560.0
17510;4;8;07-04-2028;10;700.0
17511;2;2;02-11-2030;2;1600.0
17512;4;8;09-05-2026;5;350.0
17513;5;11;11-06-2027;9;1080.0
17514;6;4;05-01-2030;10;250.0
17515;2;7;08-11-2028;2;300.0
17516;6;9;28-11-2030;7;1750.0
17517;4;10;09-09-2027;4;320.0
17518;4;10;28-01-2028;4;320.0
17519;5;8;29-03-2030;5;350.0
17520;1;2;29-11-2027;9;7200.0
17521;1;7;16-07-2027;6;900.0
17522;6;3;01-09-2027;10;5000.0
17523;3;4;02-02-2030;9;225.0
17524;6;2;03-03-2030;4;3200.0
17525;5;6;01-08-2030;10;3000.0
17526;2;12;09-10-2030;6;180.0
17527;4;10;03-01-2029;6;480.0
17528;5;6;18-01-2027;1;300.0
17529;6;12;03-04-2026;1;30.0
17530;3;8;17-08-2029;3;210.0
17531;4;3;03-11-2030;3;1500.0
17532;6;5;24-05-2029;3;150.0
17533;6;9;18-06-2030;2;500.0
17534;4;8;10-03-2027;6;420.0
17535;6;4;16-04-2027;9;225.0
17536;6;3;23-12-2026;1;500.0
17537;1;9;19-09-2029;1;250.0
17538;3;3;17-04-2026;4;2000.0
17539;4;3;20-05-2026;7;3500.0
17540;1;5;11-05-2027;10;500.0
17541;5;2;01-01-2029;4;3200.0
17542;4;3;31-08-2027;9;4500.0
17543;3;5;03-11-2026;1;50.0
17544;4;12;23-09-2027;4;120.0
17545;6;6;13-06-2030;10;3000.0
17546;1;4;15-02-2029;8;200.0
17547;1;9;25-09-2026;6;1500.0
17548;3;3;08-11-2027;10;5000.0
17549;1;2;31-01-2030;1;800.0
17550;5;12;12-05-2027;1;30.0
17551;2;6;08-09-2027;1;300.0
17552;1;11;17-10-2026;3;360.0
17553;5;8;29-02-2028;5;350.0
17554;3;12;02-09-2026;9;270.0
17555;2;10;13-08-2026;8;640.0
17556;4;5;26-03-2028;9;450.0
17557;1;12;10-10-2027;9;270.0
17558;6;3;30-07-2030;10;5000.0
17559;6;6;02-08-2030;2;600.0
17560;3;3;29-08-2030;5;2500.0
17561;6;11;04-05-2026;2;240.0
17562;1;7;14-03-2027;1;150.0
17563;3;11;06-02-2030;9;1080.0
17564;2;10;07-04-2030;4;320.0
17565;1;10;25-02-2028;8;640.0
17566;2;8;27-05-2029;10;700.0
17567;4;8;14-07-2027;4;280.0
17568;5;8;14-11-2028;5;350.0
17569;6;1;27-02-2028;2;2400.0
17570;3;10;24-04-2030;3;240.0
17571;1;9;29-12-2029;5;1250.0
17572;6;1;14-08-2026;8;9600.0
17573;5;8;28-05-2028;9;630.0
17574;6;5;29-10-2026;2;100.0
17575;3;12;14-05-2029;1;30.0
17576;3;10;24-01-2030;8;640.0
17577;2;10;01-09-2026;5;400.0
17578;3;1;25-02-2029;5;6000.0
17579;4;4;10-01-2028;1;25.0
17580;3;10;08-03-2026;3;240.0
17581;3;10;08-06-2027;5;400.0
17582;4;5;05-03-2030;7;350.0
17583;4;9;28-11-2030;6;1500.0
17584;3;12;07-06-2026;6;180.0
17585;3;4;19-09-2029;8;200.0
17586;1;3;12-04-2030;7;3500.0
17587;5;6;12-01-2028;3;900.0
17588;4;2;09-07-2026;4;3200.0
17589;3;3;13-07-2027;2;1000.0
17590;1;4;07-10-2029;10;250.0
17591;3;12;15-01-2028;2;60.0
17592;1;8;25-10-2027;8;560.0
17593;5;12;05-10-2027;1;30.0
17594;2;2;25-02-2030;4;3200.0
17595;2;1;10-12-2029;6;7200.0
17596;2;9;28-05-2027;4;1000.0
17597;2;1;25-10-2027;3;3600.0
17598;3;1;28-06-2029;5;6000.0
17599;3;12;19-01-2028;9;270.0
17600;4;7;22-04-2028;8;1200.0
17601;5;12;22-11-2028;1;30.0
17602;5;6;05-11-2030;2;600.0
17603;5;10;15-03-2028;9;720.0
17604;3;4;15-05-2027;4;100.0
17605;1;10;01-03-2029;4;320.0
17606;4;2;25-03-2026;2;1600.0
17607;1;4;15-07-2028;1;25.0
17608;1;8;25-04-2029;3;210.0
17609;5;3;12-06-2027;8;4000.0
17610;4;9;12-05-2026;6;1500.0
17611;5;1;02-09-2029;8;9600.0
17612;6;3;25-10-2026;7;3500.0
17613;5;8;04-01-2029;6;420.0
17614;2;12;01-08-2028;7;210.0
17615;3;4;12-01-2027;8;200.0
17616;2;12;21-10-2026;4;120.0
17617;1;1;31-03-2026;6;7200.0
17618;4;5;19-07-2029;7;350.0
17619;2;5;17-06-2026;10;500.0
17620;5;1;14-06-2030;3;3600.0
17621;1;3;24-11-2026;6;3000.0
17622;2;7;05-05-2027;4;600.0
17623;3;3;21-07-2030;9;4500.0
17624;6;12;11-01-2027;8;240.0
17625;3;7;06-01-2028;4;600.0
17626;1;2;04-03-2027;8;6400.0
17627;2;5;07-08-2027;8;400.0
17628;2;4;02-12-2028;6;150.0
17629;2;12;03-04-2027;7;210.0
17630;3;7;24-06-2028;3;450.0
17631;6;2;07-06-2029;1;800.0
17632;5;3;16-07-2027;7;3500.0
17633;1;1;08-04-2028;7;8400.0
17634;4;10;16-12-2027;6;480.0
17635;5;3;17-03-2029;5;2500.0
17636;1;10;05-08-2028;4;320.0
17637;5;5;31-08-2027;6;300.0
17638;6;11;08-12-2030;6;720.0
17639;4;7;16-06-2026;8;1200.0
17640;3;12;31-12-2029;7;210.0
17641;4;8;03-02-2028;3;210.0
17642;1;12;18-08-2027;3;90.0
17643;2;8;08-10-2026;4;280.0
17644;2;8;24-06-2029;6;420.0
17645;2;6;03-11-2026;8;2400.0
17646;5;11;18-11-2026;3;360.0
17647;4;7;31-05-2030;10;1500.0
17648;6;11;13-03-2028;4;480.0
17649;2;12;02-09-2027;4;120.0
17650;4;2;07-01-2027;1;800.0
17651;5;4;03-04-2028;9;225.0
17652;2;7;11-01-2029;9;1350.0
17653;2;10;25-08-2027;5;400.0
17654;1;11;02-11-2029;6;720.0
17655;2;2;04-05-2026;4;3200.0
17656;1;3;22-01-2027;3;1500.0
17657;3;6;05-03-2027;2;600.0
17658;1;7;29-10-2027;6;900.0
17659;6;11;15-08-2030;4;480.0
17660;2;9;20-01-2029;8;2000.0
17661;5;9;07-12-2029;4;1000.0
17662;4;8;11-01-2028;8;560.0
17663;5;1;25-07-2027;1;1200.0
17664;5;12;18-11-2029;7;210.0
17665;5;7;10-12-2030;1;150.0
17666;2;5;26-06-2026;8;400.0
17667;5;11;24-09-2028;10;1200.0
17668;3;9;05-02-2029;10;2500.0
17669;6;6;31-01-2029;2;600.0
17670;6;12;15-07-2027;6;180.0
17671;5;4;31-01-2029;6;150.0
17672;1;11;15-08-2026;10;1200.0
17673;2;11;26-12-2027;4;480.0
17674;2;5;03-12-2030;2;100.0
17675;2;1;26-03-2028;4;4800.0
17676;2;2;30-03-2028;10;8000.0
17677;1;7;15-03-2026;2;300.0
17678;6;8;14-06-2030;6;420.0
17679;2;1;02-11-2027;10;12000.0
17680;2;4;31-12-2027;6;150.0
17681;1;6;05-07-2030;3;900.0
17682;1;9;18-09-2028;3;750.0
17683;3;3;04-05-2030;3;1500.0
17684;5;3;13-07-2028;1;500.0
17685;4;7;07-07-2027;9;1350.0
17686;5;4;30-01-2028;3;75.0
17687;5;10;12-06-2030;3;240.0
17688;6;4;08-06-2028;1;25.0
17689;1;5;18-05-2027;1;50.0
17690;2;4;11-09-2026;10;250.0
17691;2;3;27-12-2026;8;4000.0
17692;2;2;10-12-2029;6;4800.0
17693;3;11;21-03-2029;8;960.0
17694;6;3;02-01-2027;10;5000.0
17695;6;3;12-12-2027;1;500.0
17696;1;3;16-11-2030;10;5000.0
17697;5;6;09-11-2030;5;1500.0
17698;1;8;19-03-2027;10;700.0
17699;2;1;12-08-2030;5;6000.0
17700;5;1;14-06-2027;6;7200.0
17701;3;1;07-12-2026;3;3600.0
17702;5;5;22-08-2028;9;450.0
17703;2;1;25-10-2029;8;9600.0
17704;1;9;29-12-2027;3;750.0
17705;6;6;23-11-2029;9;2700.0
17706;5;6;19-06-2026;10;3000.0
17707;3;12;23-11-2028;6;180.0
17708;2;12;23-12-2029;9;270.0
17709;1;7;19-05-2028;4;600.0
17710;6;9;01-03-2030;1;250.0
17711;5;11;18-05-2027;4;480.0
17712;3;10;25-12-2027;7;560.0
17713;2;1;07-12-2029;3;3600.0
17714;4;11;17-10-2027;9;1080.0
17715;5;7;19-07-2026;9;1350.0
17716;6;10;23-08-2026;2;160.0
17717;4;4;13-10-2028;2;50.0
17718;1;11;27-09-2027;9;1080.0
17719;2;3;05-01-2030;10;5000.0
17720;4;10;23-07-2028;2;160.0
17721;4;5;30-10-2029;8;400.0
17722;1;12;31-01-2030;1;30.0
17723;5;5;11-10-2027;8;400.0
17724;1;1;31-12-2027;2;2400.0
17725;3;8;12-03-2026;10;700.0
17726;3;3;18-01-2027;9;4500.0
17727;5;8;22-11-2030;10;700.0
17728;4;5;23-12-2028;7;350.0
17729;4;10;23-07-2029;5;400.0
17730;6;6;05-02-2029;7;2100.0
17731;2;10;22-12-2028;4;320.0
17732;5;5;12-08-2029;8;400.0
17733;4;12;22-04-2029;9;270.0
17734;6;1;11-03-2029;10;12000.0
17735;2;10;16-08-2029;8;640.0
17736;6;8;04-08-2029;8;560.0
17737;3;11;04-10-2029;9;1080.0
17738;3;12;14-04-2028;10;300.0
17739;1;2;21-03-2030;4;3200.0
17740;6;1;12-04-2029;1;1200.0
17741;2;5;22-03-2030;9;450.0
17742;3;12;29-06-2029;3;90.0
17743;4;8;14-11-2029;9;630.0
17744;5;12;01-01-2028;10;300.0
17745;3;1;05-08-2029;1;1200.0
17746;6;11;27-05-2027;10;1200.0
17747;6;12;24-12-2029;1;30.0
17748;6;1;01-09-2028;3;3600.0
17749;2;2;13-05-2026;10;8000.0
17750;3;3;11-11-2029;4;2000.0
17751;6;12;13-07-2028;1;30.0
17752;5;11;26-12-2030;9;1080.0
17753;5;9;28-11-2027;5;1250.0
17754;2;11;20-04-2030;6;720.0
17755;2;7;12-07-2026;4;600.0
17756;6;1;03-01-2027;10;12000.0
17757;4;3;15-07-2028;5;2500.0
17758;4;6;22-06-2027;1;300.0
17759;3;10;21-03-2029;9;720.0
17760;2;3;05-10-2030;5;2500.0
17761;4;6;29-05-2029;1;300.0
17762;5;7;28-12-2027;7;1050.0
17763;1;2;25-01-2030;3;2400.0
17764;1;1;26-08-2027;4;4800.0
17765;1;11;06-06-2026;9;1080.0
17766;1;4;21-05-2027;6;150.0
17767;1;7;14-01-2030;1;150.0
17768;2;4;04-03-2026;3;75.0
17769;5;6;03-11-2029;8;2400.0
17770;6;8;28-06-2029;10;700.0
17771;3;5;04-07-2028;10;500.0
17772;2;11;28-08-2027;6;720.0
17773;1;8;05-03-2027;5;350.0
17774;6;6;09-01-2030;1;300.0
17775;3;11;28-06-2027;6;720.0
17776;1;4;28-12-2027;9;225.0
17777;1;7;23-04-2030;7;1050.0
17778;4;1;24-11-2030;5;6000.0
17779;3;12;13-06-2030;2;60.0
17780;1;1;15-07-2029;7;8400.0
17781;1;3;21-12-2028;6;3000.0
17782;1;2;26-04-2026;8;6400.0
17783;3;2;12-06-2030;7;5600.0
17784;2;3;24-10-2030;7;3500.0
17785;6;4;14-03-2030;10;250.0
17786;6;3;10-12-2028;1;500.0
17787;4;6;01-12-2028;2;600.0
17788;1;7;22-04-2030;5;750.0
17789;6;11;06-01-2029;8;960.0
17790;6;9;06-12-2029;2;500.0
17791;6;12;16-04-2027;7;210.0
17792;1;6;18-02-2028;5;1500.0
17793;2;9;15-10-2030;1;250.0
17794;1;11;08-07-2030;5;600.0
17795;1;1;04-12-2030;6;7200.0
17796;2;3;06-03-2030;6;3000.0
17797;4;12;29-09-2027;9;270.0
17798;1;9;04-03-2028;2;500.0
17799;6;4;23-03-2030;10;250.0
17800;5;3;24-11-2028;10;5000.0
17801;1;11;14-11-2026;2;240.0
17802;4;1;08-10-2028;2;2400.0
17803;5;5;11-05-2029;6;300.0
17804;1;1;16-09-2026;3;3600.0
17805;3;2;26-04-2029;2;1600.0
17806;5;5;23-12-2028;4;200.0
17807;6;8;26-02-2027;2;140.0
17808;6;10;11-05-2028;7;560.0
17809;4;4;01-08-2030;4;100.0
17810;2;3;23-08-2029;5;2500.0
17811;2;2;15-09-2028;10;8000.0
17812;5;2;25-03-2029;10;8000.0
17813;1;1;23-08-2026;4;4800.0
17814;1;2;08-12-2026;4;3200.0
17815;6;4;10-08-2028;6;150.0
17816;2;6;12-08-2029;9;2700.0
17817;5;11;03-11-2030;8;960.0
17818;3;6;16-03-2028;2;600.0
17819;6;8;27-05-2030;1;70.0
17820;5;11;28-03-2027;8;960.0
17821;3;11;18-02-2030;7;840.0
17822;5;1;15-01-2027;1;1200.0
17823;1;7;25-03-2030;10;1500.0
17824;1;12;16-03-2029;1;30.0
17825;1;1;05-11-2029;5;6000.0
17826;4;1;28-05-2028;3;3600.0
17827;4;11;13-04-2027;9;1080.0
17828;6;8;10-06-2028;1;70.0
17829;1;3;14-04-2027;1;500.0
17830;2;6;13-08-2027;8;2400.0
17831;3;2;31-08-2029;3;2400.0
17832;6;8;31-08-2029;3;210.0
17833;2;11;12-03-2028;4;480.0
17834;5;4;14-06-2026;10;250.0
17835;4;5;03-05-2028;8;400.0
17836;6;2;12-02-2027;6;4800.0
17837;3;6;25-10-2027;9;2700.0
17838;2;12;15-09-2027;5;150.0
17839;5;11;16-02-2029;1;120.0
17840;4;4;05-11-2026;8;200.0
17841;2;10;12-09-2029;5;400.0
17842;4;6;14-08-2028;8;2400.0
17843;2;2;16-02-2030;6;4800.0
17844;5;6;02-11-2030;3;900.0
17845;2;10;16-11-2029;3;240.0
17846;4;12;28-08-2029;1;30.0
17847;1;3;31-10-2027;8;4000.0
17848;4;11;10-12-2026;10;1200.0
17849;4;3;25-02-2029;7;3500.0
17850;1;9;14-04-2026;5;1250.0
17851;3;3;26-05-2028;4;2000.0
17852;4;2;24-11-2029;9;7200.0
17853;3;5;07-05-2027;7;350.0
17854;4;4;27-10-2028;2;50.0
17855;1;12;15-09-2028;5;150.0
17856;3;7;04-03-2028;6;900.0
17857;2;1;11-08-2026;2;2400.0
17858;2;1;30-07-2029;1;1200.0
17859;2;12;19-01-2029;9;270.0
17860;4;6;03-11-2027;1;300.0
17861;6;9;16-03-2030;6;1500.0
17862;5;12;12-04-2027;4;120.0
17863;3;4;25-09-2029;7;175.0
17864;2;2;20-06-2028;6;4800.0
17865;3;5;16-11-2027;1;50.0
17866;5;9;18-11-2030;10;2500.0
17867;4;5;05-07-2026;3;150.0
17868;5;10;10-03-2027;6;480.0
17869;4;8;31-10-2030;5;350.0
17870;1;1;31-12-2027;6;7200.0
17871;3;6;19-05-2029;3;900.0
17872;3;2;31-12-2029;3;2400.0
17873;6;2;03-04-2027;3;2400.0
17874;6;6;29-04-2030;6;1800.0
17875;2;5;09-08-2028;5;250.0
17876;4;10;27-05-2030;7;560.0
17877;6;10;19-03-2027;1;80.0
17878;2;10;06-01-2028;2;160.0
17879;1;6;22-05-2026;2;600.0
17880;2;10;27-08-2026;1;80.0
17881;3;7;05-01-2028;6;900.0
17882;4;11;17-08-2029;6;720.0
17883;2;11;06-01-2028;8;960.0
17884;2;1;05-05-2029;5;6000.0
17885;4;1;04-11-2027;6;7200.0
17886;2;10;07-11-2029;10;800.0
17887;1;1;24-04-2027;10;12000.0
17888;2;6;08-04-2027;6;1800.0
17889;2;10;24-09-2026;3;240.0
17890;2;3;26-03-2026;6;3000.0
17891;6;4;27-10-2030;5;125.0
17892;2;10;16-06-2030;1;80.0
17893;2;10;16-11-2027;8;640.0
17894;6;9;26-06-2027;3;750.0
17895;1;9;26-10-2028;6;1500.0
17896;3;8;11-01-2029;9;630.0
17897;4;9;18-08-2026;2;500.0
17898;2;9;21-05-2029;5;1250.0
17899;4;12;09-04-2027;3;90.0
17900;5;4;05-10-2026;8;200.0
17901;6;5;12-03-2028;3;150.0
17902;1;1;15-10-2030;8;9600.0
17903;6;1;22-07-2026;7;8400.0
17904;5;7;10-05-2030;2;300.0
17905;3;12;12-09-2026;4;120.0
17906;4;2;10-07-2029;8;6400.0
17907;5;11;16-05-2027;3;360.0
17908;5;2;12-03-2029;7;5600.0
17909;6;12;27-12-2026;4;120.0
17910;1;12;02-04-2030;9;270.0
17911;6;3;04-09-2030;1;500.0
17912;5;2;12-02-2027;3;2400.0
17913;5;7;26-06-2029;2;300.0
17914;3;10;17-09-2027;4;320.0
17915;4;7;07-10-2027;3;450.0
17916;2;7;07-09-2029;5;750.0
17917;6;9;09-04-2027;5;1250.0
17918;3;6;13-11-2030;6;1800.0
17919;4;4;11-11-2029;7;175.0
17920;6;6;26-08-2028;3;900.0
17921;3;11;15-08-2026;6;720.0
17922;2;9;21-09-2027;7;1750.0
17923;1;7;02-10-2029;1;150.0
17924;5;4;28-06-2028;4;100.0
17925;3;7;11-09-2029;7;1050.0
17926;1;2;29-12-2027;7;5600.0
17927;6;10;06-09-2028;7;560.0
17928;6;1;04-03-2029;6;7200.0
17929;1;8;26-10-2027;1;70.0
17930;3;4;03-05-2030;10;250.0
17931;1;4;16-03-2029;4;100.0
17932;6;3;30-05-2027;2;1000.0
17933;3;6;17-11-2027;3;900.0
17934;5;5;09-07-2030;4;200.0
17935;4;10;02-10-2027;10;800.0
17936;4;4;23-03-2029;1;25.0
17937;2;8;18-06-2027;4;280.0
17938;4;10;09-03-2030;2;160.0
17939;1;12;12-08-2026;1;30.0
17940;6;4;04-03-2028;10;250.0
17941;3;12;20-04-2029;7;210.0
17942;2;6;14-05-2030;1;300.0
17943;3;12;06-08-2027;4;120.0
17944;5;12;11-12-2029;10;300.0
17945;1;9;16-02-2029;10;2500.0
17946;3;4;20-08-2028;7;175.0
17947;1;3;14-05-2026;2;1000.0
17948;2;9;17-10-2027;3;750.0
17949;1;11;26-10-2026;10;1200.0
17950;5;4;30-01-2028;7;175.0
17951;1;6;30-08-2030;4;1200.0
17952;6;2;06-10-2028;1;800.0
17953;5;9;18-05-2029;10;2500.0
17954;1;5;26-05-2028;1;50.0
17955;6;11;24-04-2029;1;120.0
17956;4;1;31-05-2026;6;7200.0
17957;1;11;12-05-2030;8;960.0
17958;1;12;07-08-2027;3;90.0
17959;4;6;26-06-2027;1;300.0
17960;2;10;06-05-2027;2;160.0
17961;2;7;17-06-2026;1;150.0
17962;2;7;02-06-2027;1;150.0
17963;5;5;03-01-2030;5;250.0
17964;3;6;23-03-2028;3;900.0
17965;5;11;13-09-2026;9;1080.0
17966;5;6;05-02-2028;3;900.0
17967;1;7;02-12-2026;7;1050.0
17968;6;6;14-06-2028;8;2400.0
17969;4;12;16-09-2027;8;240.0
17970;2;2;22-06-2026;10;8000.0
17971;6;8;13-09-2026;1;70.0
17972;1;12;29-02-2028;10;300.0
17973;3;2;29-12-2030;3;2400.0
17974;5;4;07-04-2028;8;200.0
17975;2;6;28-04-2029;1;300.0
17976;4;8;16-04-2029;2;140.0
17977;6;2;25-06-2026;2;1600.0
17978;3;3;07-07-2029;9;4500.0
17979;4;1;25-11-2028;2;2400.0
17980;1;10;07-02-2028;10;800.0
17981;5;2;04-06-2027;4;3200.0
17982;4;9;03-05-2028;9;2250.0
17983;3;10;06-02-2029;4;320.0
17984;1;10;04-06-2030;7;560.0
17985;1;1;23-06-2028;5;6000.0
17986;6;5;07-03-2026;8;400.0
17987;3;8;26-12-2029;6;420.0
17988;6;5;30-09-2026;7;350.0
17989;6;11;01-09-2030;6;720.0
17990;3;2;01-03-2030;10;8000.0
17991;4;12;11-07-2030;2;60.0
17992;1;9;25-08-2026;3;750.0
17993;6;8;26-10-2028;4;280.0
17994;1;1;22-12-2029;8;9600.0
17995;5;11;11-08-2027;4;480.0
17996;4;9;26-01-2028;5;1250.0
17997;4;1;05-10-2028;2;2400.0
17998;1;4;10-01-2030;6;150.0
17999;1;11;08-05-2028;10;1200.0
18000;4;3;24-08-2030;2;1000.0
